path,verdict,seconds,restarts,deleted
benchmarks/satlib/uf100-430/uf100-01.cnf,SAT,0.001,2,0
benchmarks/satlib/uf100-430/uf100-010.cnf,SAT,0.000,1,0
benchmarks/satlib/uf100-430/uf100-0100.cnf,SAT,0.000,0,0
benchmarks/satlib/uf100-430/uf100-01000.cnf,SAT,0.000,1,0
benchmarks/satlib/uf100-430/uf100-0101.cnf,SAT,0.002,4,0
benchmarks/satlib/uf100-430/uf100-0102.cnf,SAT,0.001,2,0
benchmarks/satlib/uf100-430/uf100-0103.cnf,SAT,0.000,0,0
benchmarks/satlib/uf100-430/uf100-0104.cnf,SAT,0.001,3,0
benchmarks/satlib/uf100-430/uf100-0105.cnf,SAT,0.000,1,0
benchmarks/satlib/uf100-430/uf100-0106.cnf,SAT,0.000,1,0
benchmarks/satlib/uf100-430/uf100-0107.cnf,SAT,0.002,5,0
benchmarks/satlib/uf100-430/uf100-0108.cnf,SAT,0.001,3,0
benchmarks/satlib/uf100-430/uf100-0109.cnf,SAT,0.001,2,0
benchmarks/satlib/uf100-430/uf100-011.cnf,SAT,0.002,5,0
benchmarks/satlib/uf100-430/uf100-0110.cnf,SAT,0.003,5,0
benchmarks/satlib/uf100-430/uf100-0111.cnf,SAT,0.000,1,0
benchmarks/satlib/uf100-430/uf100-0112.cnf,SAT,0.000,0,0
benchmarks/satlib/uf100-430/uf100-0113.cnf,SAT,0.000,1,0
benchmarks/satlib/uf100-430/uf100-0114.cnf,SAT,0.003,5,0
benchmarks/satlib/uf100-430/uf100-0115.cnf,SAT,0.002,4,0
benchmarks/satlib/uf100-430/uf100-0116.cnf,SAT,0.000,0,0
benchmarks/satlib/uf100-430/uf100-0117.cnf,SAT,0.001,1,0
benchmarks/satlib/uf100-430/uf100-0118.cnf,SAT,0.000,1,0
benchmarks/satlib/uf100-430/uf100-0119.cnf,SAT,0.001,2,0
benchmarks/satlib/uf100-430/uf100-012.cnf,SAT,0.001,2,0
benchmarks/satlib/uf100-430/uf100-0120.cnf,SAT,0.001,3,0
benchmarks/satlib/uf100-430/uf100-0121.cnf,SAT,0.002,5,0
benchmarks/satlib/uf100-430/uf100-0122.cnf,SAT,0.001,2,0
benchmarks/satlib/uf100-430/uf100-0123.cnf,SAT,0.002,4,0
benchmarks/satlib/uf100-430/uf100-0124.cnf,SAT,0.001,3,0
benchmarks/satlib/uf100-430/uf100-0125.cnf,SAT,0.002,5,0
benchmarks/satlib/uf100-430/uf100-0126.cnf,SAT,0.001,1,0
benchmarks/satlib/uf100-430/uf100-0127.cnf,SAT,0.002,3,0
benchmarks/satlib/uf100-430/uf100-0128.cnf,SAT,0.002,4,0
benchmarks/satlib/uf100-430/uf100-0129.cnf,SAT,0.001,1,0
benchmarks/satlib/uf100-430/uf100-013.cnf,SAT,0.000,1,0
benchmarks/satlib/uf100-430/uf100-0130.cnf,SAT,0.004,6,0
benchmarks/satlib/uf100-430/uf100-0131.cnf,SAT,0.000,1,0
benchmarks/satlib/uf100-430/uf100-0132.cnf,SAT,0.000,0,0
benchmarks/satlib/uf100-430/uf100-0133.cnf,SAT,0.001,2,0
benchmarks/satlib/uf100-430/uf100-0134.cnf,SAT,0.000,1,0
benchmarks/satlib/uf100-430/uf100-0135.cnf,SAT,0.001,1,0
benchmarks/satlib/uf100-430/uf100-0136.cnf,SAT,0.000,0,0
benchmarks/satlib/uf100-430/uf100-0137.cnf,SAT,0.000,0,0
benchmarks/satlib/uf100-430/uf100-0138.cnf,SAT,0.001,2,0
benchmarks/satlib/uf100-430/uf100-0139.cnf,SAT,0.002,3,0
benchmarks/satlib/uf100-430/uf100-014.cnf,SAT,0.001,2,0
benchmarks/satlib/uf100-430/uf100-0140.cnf,SAT,0.001,2,0
benchmarks/satlib/uf100-430/uf100-0141.cnf,SAT,0.003,5,0
benchmarks/satlib/uf100-430/uf100-0142.cnf,SAT,0.003,6,0
benchmarks/satlib/uf100-430/uf100-0143.cnf,SAT,0.001,2,0
benchmarks/satlib/uf100-430/uf100-0144.cnf,SAT,0.002,3,0
benchmarks/satlib/uf100-430/uf100-0145.cnf,SAT,0.002,4,0
benchmarks/satlib/uf100-430/uf100-0146.cnf,SAT,0.000,0,0
benchmarks/satlib/uf100-430/uf100-0147.cnf,SAT,0.002,4,0
benchmarks/satlib/uf100-430/uf100-0148.cnf,SAT,0.001,2,0
benchmarks/satlib/uf100-430/uf100-0149.cnf,SAT,0.000,0,0
benchmarks/satlib/uf100-430/uf100-015.cnf,SAT,0.003,6,0
benchmarks/satlib/uf100-430/uf100-0150.cnf,SAT,0.001,2,0
benchmarks/satlib/uf100-430/uf100-0151.cnf,SAT,0.001,1,0
benchmarks/satlib/uf100-430/uf100-0152.cnf,SAT,0.001,2,0
benchmarks/satlib/uf100-430/uf100-0153.cnf,SAT,0.001,2,0
benchmarks/satlib/uf100-430/uf100-0154.cnf,SAT,0.000,0,0
benchmarks/satlib/uf100-430/uf100-0155.cnf,SAT,0.001,2,0
benchmarks/satlib/uf100-430/uf100-0156.cnf,SAT,0.000,0,0
benchmarks/satlib/uf100-430/uf100-0157.cnf,SAT,0.001,2,0
benchmarks/satlib/uf100-430/uf100-0158.cnf,SAT,0.001,2,0
benchmarks/satlib/uf100-430/uf100-0159.cnf,SAT,0.002,4,0
benchmarks/satlib/uf100-430/uf100-016.cnf,SAT,0.001,2,0
benchmarks/satlib/uf100-430/uf100-0160.cnf,SAT,0.001,2,0
benchmarks/satlib/uf100-430/uf100-0161.cnf,SAT,0.000,0,0
benchmarks/satlib/uf100-430/uf100-0162.cnf,SAT,0.003,6,0
benchmarks/satlib/uf100-430/uf100-0163.cnf,SAT,0.002,3,0
benchmarks/satlib/uf100-430/uf100-0164.cnf,SAT,0.000,0,0
benchmarks/satlib/uf100-430/uf100-0165.cnf,SAT,0.000,0,0
benchmarks/satlib/uf100-430/uf100-0166.cnf,SAT,0.002,4,0
benchmarks/satlib/uf100-430/uf100-0167.cnf,SAT,0.000,1,0
benchmarks/satlib/uf100-430/uf100-0168.cnf,SAT,0.001,2,0
benchmarks/satlib/uf100-430/uf100-0169.cnf,SAT,0.001,3,0
benchmarks/satlib/uf100-430/uf100-017.cnf,SAT,0.002,4,0
benchmarks/satlib/uf100-430/uf100-0170.cnf,SAT,0.002,4,0
benchmarks/satlib/uf100-430/uf100-0171.cnf,SAT,0.000,0,0
benchmarks/satlib/uf100-430/uf100-0172.cnf,SAT,0.000,0,0
benchmarks/satlib/uf100-430/uf100-0173.cnf,SAT,0.001,2,0
benchmarks/satlib/uf100-430/uf100-0174.cnf,SAT,0.000,0,0
benchmarks/satlib/uf100-430/uf100-0175.cnf,SAT,0.000,1,0
benchmarks/satlib/uf100-430/uf100-0176.cnf,SAT,0.002,5,0
benchmarks/satlib/uf100-430/uf100-0177.cnf,SAT,0.002,3,0
benchmarks/satlib/uf100-430/uf100-0178.cnf,SAT,0.002,5,0
benchmarks/satlib/uf100-430/uf100-0179.cnf,SAT,0.001,2,0
benchmarks/satlib/uf100-430/uf100-018.cnf,SAT,0.001,2,0
benchmarks/satlib/uf100-430/uf100-0180.cnf,SAT,0.000,1,0
benchmarks/satlib/uf100-430/uf100-0181.cnf,SAT,0.001,2,0
benchmarks/satlib/uf100-430/uf100-0182.cnf,SAT,0.001,2,0
benchmarks/satlib/uf100-430/uf100-0183.cnf,SAT,0.000,0,0
benchmarks/satlib/uf100-430/uf100-0184.cnf,SAT,0.001,2,0
benchmarks/satlib/uf100-430/uf100-0185.cnf,SAT,0.001,3,0
benchmarks/satlib/uf100-430/uf100-0186.cnf,SAT,0.000,0,0
benchmarks/satlib/uf100-430/uf100-0187.cnf,SAT,0.000,0,0
benchmarks/satlib/uf100-430/uf100-0188.cnf,SAT,0.000,0,0
benchmarks/satlib/uf100-430/uf100-0189.cnf,SAT,0.000,0,0
benchmarks/satlib/uf100-430/uf100-019.cnf,SAT,0.000,0,0
benchmarks/satlib/uf100-430/uf100-0190.cnf,SAT,0.001,2,0
benchmarks/satlib/uf100-430/uf100-0191.cnf,SAT,0.004,7,0
benchmarks/satlib/uf100-430/uf100-0192.cnf,SAT,0.000,0,0
benchmarks/satlib/uf100-430/uf100-0193.cnf,SAT,0.000,1,0
benchmarks/satlib/uf100-430/uf100-0194.cnf,SAT,0.003,6,0
benchmarks/satlib/uf100-430/uf100-0195.cnf,SAT,0.000,0,0
benchmarks/satlib/uf100-430/uf100-0196.cnf,SAT,0.001,1,0
benchmarks/satlib/uf100-430/uf100-0197.cnf,SAT,0.003,5,0
benchmarks/satlib/uf100-430/uf100-0198.cnf,SAT,0.000,1,0
benchmarks/satlib/uf100-430/uf100-0199.cnf,SAT,0.001,2,0
benchmarks/satlib/uf100-430/uf100-02.cnf,SAT,0.001,2,0
benchmarks/satlib/uf100-430/uf100-020.cnf,SAT,0.004,6,0
benchmarks/satlib/uf100-430/uf100-0200.cnf,SAT,0.000,0,0
benchmarks/satlib/uf100-430/uf100-0201.cnf,SAT,0.000,1,0
benchmarks/satlib/uf100-430/uf100-0202.cnf,SAT,0.001,2,0
benchmarks/satlib/uf100-430/uf100-0203.cnf,SAT,0.001,1,0
benchmarks/satlib/uf100-430/uf100-0204.cnf,SAT,0.000,0,0
benchmarks/satlib/uf100-430/uf100-0205.cnf,SAT,0.001,2,0
benchmarks/satlib/uf100-430/uf100-0206.cnf,SAT,0.000,0,0
benchmarks/satlib/uf100-430/uf100-0207.cnf,SAT,0.001,2,0
benchmarks/satlib/uf100-430/uf100-0208.cnf,SAT,0.001,2,0
benchmarks/satlib/uf100-430/uf100-0209.cnf,SAT,0.001,2,0
benchmarks/satlib/uf100-430/uf100-021.cnf,SAT,0.001,2,0
benchmarks/satlib/uf100-430/uf100-0210.cnf,SAT,0.001,2,0
benchmarks/satlib/uf100-430/uf100-0211.cnf,SAT,0.001,2,0
benchmarks/satlib/uf100-430/uf100-0212.cnf,SAT,0.001,1,0
benchmarks/satlib/uf100-430/uf100-0213.cnf,SAT,0.003,6,0
benchmarks/satlib/uf100-430/uf100-0214.cnf,SAT,0.001,2,0
benchmarks/satlib/uf100-430/uf100-0215.cnf,SAT,0.000,1,0
benchmarks/satlib/uf100-430/uf100-0216.cnf,SAT,0.001,1,0
benchmarks/satlib/uf100-430/uf100-0217.cnf,SAT,0.003,6,0
benchmarks/satlib/uf100-430/uf100-0218.cnf,SAT,0.002,2,0
benchmarks/satlib/uf100-430/uf100-0219.cnf,SAT,0.002,4,0
benchmarks/satlib/uf100-430/uf100-022.cnf,SAT,0.001,2,0
benchmarks/satlib/uf100-430/uf100-0220.cnf,SAT,0.001,2,0
benchmarks/satlib/uf100-430/uf100-0221.cnf,SAT,0.002,5,0
benchmarks/satlib/uf100-430/uf100-0222.cnf,SAT,0.002,4,0
benchmarks/satlib/uf100-430/uf100-0223.cnf,SAT,0.001,2,0
benchmarks/satlib/uf100-430/uf100-0224.cnf,SAT,0.002,5,0
benchmarks/satlib/uf100-430/uf100-0225.cnf,SAT,0.001,3,0
benchmarks/satlib/uf100-430/uf100-0226.cnf,SAT,0.001,2,0
benchmarks/satlib/uf100-430/uf100-0227.cnf,SAT,0.000,0,0
benchmarks/satlib/uf100-430/uf100-0228.cnf,SAT,0.000,1,0
benchmarks/satlib/uf100-430/uf100-0229.cnf,SAT,0.002,5,0
benchmarks/satlib/uf100-430/uf100-023.cnf,SAT,0.002,5,0
benchmarks/satlib/uf100-430/uf100-0230.cnf,SAT,0.000,0,0
benchmarks/satlib/uf100-430/uf100-0231.cnf,SAT,0.002,4,0
benchmarks/satlib/uf100-430/uf100-0232.cnf,SAT,0.000,1,0
benchmarks/satlib/uf100-430/uf100-0233.cnf,SAT,0.002,3,0
benchmarks/satlib/uf100-430/uf100-0234.cnf,SAT,0.001,3,0
benchmarks/satlib/uf100-430/uf100-0235.cnf,SAT,0.001,2,0
benchmarks/satlib/uf100-430/uf100-0236.cnf,SAT,0.002,5,0
benchmarks/satlib/uf100-430/uf100-0237.cnf,SAT,0.001,2,0
benchmarks/satlib/uf100-430/uf100-0238.cnf,SAT,0.000,0,0
benchmarks/satlib/uf100-430/uf100-0239.cnf,SAT,0.003,5,0
benchmarks/satlib/uf100-430/uf100-024.cnf,SAT,0.002,5,0
benchmarks/satlib/uf100-430/uf100-0240.cnf,SAT,0.004,6,0
benchmarks/satlib/uf100-430/uf100-0241.cnf,SAT,0.001,1,0
benchmarks/satlib/uf100-430/uf100-0242.cnf,SAT,0.001,2,0
benchmarks/satlib/uf100-430/uf100-0243.cnf,SAT,0.001,2,0
benchmarks/satlib/uf100-430/uf100-0244.cnf,SAT,0.002,4,0
benchmarks/satlib/uf100-430/uf100-0245.cnf,SAT,0.000,0,0
benchmarks/satlib/uf100-430/uf100-0246.cnf,SAT,0.001,2,0
benchmarks/satlib/uf100-430/uf100-0247.cnf,SAT,0.001,2,0
benchmarks/satlib/uf100-430/uf100-0248.cnf,SAT,0.001,2,0
benchmarks/satlib/uf100-430/uf100-0249.cnf,SAT,0.001,2,0
benchmarks/satlib/uf100-430/uf100-025.cnf,SAT,0.001,1,0
benchmarks/satlib/uf100-430/uf100-0250.cnf,SAT,0.001,2,0
benchmarks/satlib/uf100-430/uf100-0251.cnf,SAT,0.001,2,0
benchmarks/satlib/uf100-430/uf100-0252.cnf,SAT,0.001,3,0
benchmarks/satlib/uf100-430/uf100-0253.cnf,SAT,0.001,2,0
benchmarks/satlib/uf100-430/uf100-0254.cnf,SAT,0.002,4,0
benchmarks/satlib/uf100-430/uf100-0255.cnf,SAT,0.001,2,0
benchmarks/satlib/uf100-430/uf100-0256.cnf,SAT,0.000,1,0
benchmarks/satlib/uf100-430/uf100-0257.cnf,SAT,0.001,2,0
benchmarks/satlib/uf100-430/uf100-0258.cnf,SAT,0.001,2,0
benchmarks/satlib/uf100-430/uf100-0259.cnf,SAT,0.001,2,0
benchmarks/satlib/uf100-430/uf100-026.cnf,SAT,0.002,5,0
benchmarks/satlib/uf100-430/uf100-0260.cnf,SAT,0.002,4,0
benchmarks/satlib/uf100-430/uf100-0261.cnf,SAT,0.000,1,0
benchmarks/satlib/uf100-430/uf100-0262.cnf,SAT,0.002,5,0
benchmarks/satlib/uf100-430/uf100-0263.cnf,SAT,0.001,2,0
benchmarks/satlib/uf100-430/uf100-0264.cnf,SAT,0.001,1,0
benchmarks/satlib/uf100-430/uf100-0265.cnf,SAT,0.001,1,0
benchmarks/satlib/uf100-430/uf100-0266.cnf,SAT,0.003,6,0
benchmarks/satlib/uf100-430/uf100-0267.cnf,SAT,0.001,1,0
benchmarks/satlib/uf100-430/uf100-0268.cnf,SAT,0.001,2,0
benchmarks/satlib/uf100-430/uf100-0269.cnf,SAT,0.002,5,0
benchmarks/satlib/uf100-430/uf100-027.cnf,SAT,0.001,2,0
benchmarks/satlib/uf100-430/uf100-0270.cnf,SAT,0.001,2,0
benchmarks/satlib/uf100-430/uf100-0271.cnf,SAT,0.002,4,0
benchmarks/satlib/uf100-430/uf100-0272.cnf,SAT,0.001,3,0
benchmarks/satlib/uf100-430/uf100-0273.cnf,SAT,0.003,6,0
benchmarks/satlib/uf100-430/uf100-0274.cnf,SAT,0.001,2,0
benchmarks/satlib/uf100-430/uf100-0275.cnf,SAT,0.002,4,0
benchmarks/satlib/uf100-430/uf100-0276.cnf,SAT,0.003,6,0
benchmarks/satlib/uf100-430/uf100-0277.cnf,SAT,0.001,2,0
benchmarks/satlib/uf100-430/uf100-0278.cnf,SAT,0.000,0,0
benchmarks/satlib/uf100-430/uf100-0279.cnf,SAT,0.001,1,0
benchmarks/satlib/uf100-430/uf100-028.cnf,SAT,0.001,1,0
benchmarks/satlib/uf100-430/uf100-0280.cnf,SAT,0.002,3,0
benchmarks/satlib/uf100-430/uf100-0281.cnf,SAT,0.001,2,0
benchmarks/satlib/uf100-430/uf100-0282.cnf,SAT,0.000,1,0
benchmarks/satlib/uf100-430/uf100-0283.cnf,SAT,0.003,6,0
benchmarks/satlib/uf100-430/uf100-0284.cnf,SAT,0.001,3,0
benchmarks/satlib/uf100-430/uf100-0285.cnf,SAT,0.001,2,0
benchmarks/satlib/uf100-430/uf100-0286.cnf,SAT,0.001,2,0
benchmarks/satlib/uf100-430/uf100-0287.cnf,SAT,0.003,5,0
benchmarks/satlib/uf100-430/uf100-0288.cnf,SAT,0.003,6,0
benchmarks/satlib/uf100-430/uf100-0289.cnf,SAT,0.001,1,0
benchmarks/satlib/uf100-430/uf100-029.cnf,SAT,0.001,3,0
benchmarks/satlib/uf100-430/uf100-0290.cnf,SAT,0.002,4,0
benchmarks/satlib/uf100-430/uf100-0291.cnf,SAT,0.001,2,0
benchmarks/satlib/uf100-430/uf100-0292.cnf,SAT,0.002,4,0
benchmarks/satlib/uf100-430/uf100-0293.cnf,SAT,0.001,2,0
benchmarks/satlib/uf100-430/uf100-0294.cnf,SAT,0.001,2,0
benchmarks/satlib/uf100-430/uf100-0295.cnf,SAT,0.001,2,0
benchmarks/satlib/uf100-430/uf100-0296.cnf,SAT,0.000,0,0
benchmarks/satlib/uf100-430/uf100-0297.cnf,SAT,0.001,1,0
benchmarks/satlib/uf100-430/uf100-0298.cnf,SAT,0.000,0,0
benchmarks/satlib/uf100-430/uf100-0299.cnf,SAT,0.001,2,0
benchmarks/satlib/uf100-430/uf100-03.cnf,SAT,0.001,2,0
benchmarks/satlib/uf100-430/uf100-030.cnf,SAT,0.001,2,0
benchmarks/satlib/uf100-430/uf100-0300.cnf,SAT,0.000,0,0
benchmarks/satlib/uf100-430/uf100-0301.cnf,SAT,0.000,1,0
benchmarks/satlib/uf100-430/uf100-0302.cnf,SAT,0.001,3,0
benchmarks/satlib/uf100-430/uf100-0303.cnf,SAT,0.001,2,0
benchmarks/satlib/uf100-430/uf100-0304.cnf,SAT,0.001,1,0
benchmarks/satlib/uf100-430/uf100-0305.cnf,SAT,0.001,2,0
benchmarks/satlib/uf100-430/uf100-0306.cnf,SAT,0.002,4,0
benchmarks/satlib/uf100-430/uf100-0307.cnf,SAT,0.001,2,0
benchmarks/satlib/uf100-430/uf100-0308.cnf,SAT,0.001,2,0
benchmarks/satlib/uf100-430/uf100-0309.cnf,SAT,0.002,4,0
benchmarks/satlib/uf100-430/uf100-031.cnf,SAT,0.002,3,0
benchmarks/satlib/uf100-430/uf100-0310.cnf,SAT,0.000,0,0
benchmarks/satlib/uf100-430/uf100-0311.cnf,SAT,0.002,5,0
benchmarks/satlib/uf100-430/uf100-0312.cnf,SAT,0.002,5,0
benchmarks/satlib/uf100-430/uf100-0313.cnf,SAT,0.002,3,0
benchmarks/satlib/uf100-430/uf100-0314.cnf,SAT,0.001,1,0
benchmarks/satlib/uf100-430/uf100-0315.cnf,SAT,0.001,3,0
benchmarks/satlib/uf100-430/uf100-0316.cnf,SAT,0.003,6,0
benchmarks/satlib/uf100-430/uf100-0317.cnf,SAT,0.001,2,0
benchmarks/satlib/uf100-430/uf100-0318.cnf,SAT,0.000,0,0
benchmarks/satlib/uf100-430/uf100-0319.cnf,SAT,0.002,4,0
benchmarks/satlib/uf100-430/uf100-032.cnf,SAT,0.001,2,0
benchmarks/satlib/uf100-430/uf100-0320.cnf,SAT,0.001,3,0
benchmarks/satlib/uf100-430/uf100-0321.cnf,SAT,0.000,0,0
benchmarks/satlib/uf100-430/uf100-0322.cnf,SAT,0.002,2,0
benchmarks/satlib/uf100-430/uf100-0323.cnf,SAT,0.000,0,0
benchmarks/satlib/uf100-430/uf100-0324.cnf,SAT,0.001,2,0
benchmarks/satlib/uf100-430/uf100-0325.cnf,SAT,0.001,1,0
benchmarks/satlib/uf100-430/uf100-0326.cnf,SAT,0.003,6,0
benchmarks/satlib/uf100-430/uf100-0327.cnf,SAT,0.001,1,0
benchmarks/satlib/uf100-430/uf100-0328.cnf,SAT,0.000,1,0
benchmarks/satlib/uf100-430/uf100-0329.cnf,SAT,0.000,0,0
benchmarks/satlib/uf100-430/uf100-033.cnf,SAT,0.001,3,0
benchmarks/satlib/uf100-430/uf100-0330.cnf,SAT,0.000,0,0
benchmarks/satlib/uf100-430/uf100-0331.cnf,SAT,0.003,6,0
benchmarks/satlib/uf100-430/uf100-0332.cnf,SAT,0.000,1,0
benchmarks/satlib/uf100-430/uf100-0333.cnf,SAT,0.001,2,0
benchmarks/satlib/uf100-430/uf100-0334.cnf,SAT,0.000,1,0
benchmarks/satlib/uf100-430/uf100-0335.cnf,SAT,0.000,0,0
benchmarks/satlib/uf100-430/uf100-0336.cnf,SAT,0.001,2,0
benchmarks/satlib/uf100-430/uf100-0337.cnf,SAT,0.000,0,0
benchmarks/satlib/uf100-430/uf100-0338.cnf,SAT,0.000,0,0
benchmarks/satlib/uf100-430/uf100-0339.cnf,SAT,0.004,6,0
benchmarks/satlib/uf100-430/uf100-034.cnf,SAT,0.001,2,0
benchmarks/satlib/uf100-430/uf100-0340.cnf,SAT,0.001,2,0
benchmarks/satlib/uf100-430/uf100-0341.cnf,SAT,0.000,1,0
benchmarks/satlib/uf100-430/uf100-0342.cnf,SAT,0.000,0,0
benchmarks/satlib/uf100-430/uf100-0343.cnf,SAT,0.001,2,0
benchmarks/satlib/uf100-430/uf100-0344.cnf,SAT,0.000,0,0
benchmarks/satlib/uf100-430/uf100-0345.cnf,SAT,0.000,1,0
benchmarks/satlib/uf100-430/uf100-0346.cnf,SAT,0.002,5,0
benchmarks/satlib/uf100-430/uf100-0347.cnf,SAT,0.001,2,0
benchmarks/satlib/uf100-430/uf100-0348.cnf,SAT,0.002,5,0
benchmarks/satlib/uf100-430/uf100-0349.cnf,SAT,0.002,4,0
benchmarks/satlib/uf100-430/uf100-035.cnf,SAT,0.000,1,0
benchmarks/satlib/uf100-430/uf100-0350.cnf,SAT,0.001,2,0
benchmarks/satlib/uf100-430/uf100-0351.cnf,SAT,0.001,1,0
benchmarks/satlib/uf100-430/uf100-0352.cnf,SAT,0.001,2,0
benchmarks/satlib/uf100-430/uf100-0353.cnf,SAT,0.000,1,0
benchmarks/satlib/uf100-430/uf100-0354.cnf,SAT,0.001,2,0
benchmarks/satlib/uf100-430/uf100-0355.cnf,SAT,0.001,4,0
benchmarks/satlib/uf100-430/uf100-0356.cnf,SAT,0.000,0,0
benchmarks/satlib/uf100-430/uf100-0357.cnf,SAT,0.003,5,0
benchmarks/satlib/uf100-430/uf100-0358.cnf,SAT,0.000,0,0
benchmarks/satlib/uf100-430/uf100-0359.cnf,SAT,0.001,2,0
benchmarks/satlib/uf100-430/uf100-036.cnf,SAT,0.000,0,0
benchmarks/satlib/uf100-430/uf100-0360.cnf,SAT,0.005,8,0
benchmarks/satlib/uf100-430/uf100-0361.cnf,SAT,0.000,0,0
benchmarks/satlib/uf100-430/uf100-0362.cnf,SAT,0.000,1,0
benchmarks/satlib/uf100-430/uf100-0363.cnf,SAT,0.000,1,0
benchmarks/satlib/uf100-430/uf100-0364.cnf,SAT,0.001,4,0
benchmarks/satlib/uf100-430/uf100-0365.cnf,SAT,0.001,3,0
benchmarks/satlib/uf100-430/uf100-0366.cnf,SAT,0.002,3,0
benchmarks/satlib/uf100-430/uf100-0367.cnf,SAT,0.000,0,0
benchmarks/satlib/uf100-430/uf100-0368.cnf,SAT,0.002,5,0
benchmarks/satlib/uf100-430/uf100-0369.cnf,SAT,0.001,2,0
benchmarks/satlib/uf100-430/uf100-037.cnf,SAT,0.001,2,0
benchmarks/satlib/uf100-430/uf100-0370.cnf,SAT,0.002,4,0
benchmarks/satlib/uf100-430/uf100-0371.cnf,SAT,0.003,6,0
benchmarks/satlib/uf100-430/uf100-0372.cnf,SAT,0.001,2,0
benchmarks/satlib/uf100-430/uf100-0373.cnf,SAT,0.002,4,0
benchmarks/satlib/uf100-430/uf100-0374.cnf,SAT,0.000,0,0
benchmarks/satlib/uf100-430/uf100-0375.cnf,SAT,0.001,3,0
benchmarks/satlib/uf100-430/uf100-0376.cnf,SAT,0.000,0,0
benchmarks/satlib/uf100-430/uf100-0377.cnf,SAT,0.001,2,0
benchmarks/satlib/uf100-430/uf100-0378.cnf,SAT,0.002,5,0
benchmarks/satlib/uf100-430/uf100-0379.cnf,SAT,0.000,1,0
benchmarks/satlib/uf100-430/uf100-038.cnf,SAT,0.000,0,0
benchmarks/satlib/uf100-430/uf100-0380.cnf,SAT,0.001,3,0
benchmarks/satlib/uf100-430/uf100-0381.cnf,SAT,0.001,2,0
benchmarks/satlib/uf100-430/uf100-0382.cnf,SAT,0.001,2,0
benchmarks/satlib/uf100-430/uf100-0383.cnf,SAT,0.002,4,0
benchmarks/satlib/uf100-430/uf100-0384.cnf,SAT,0.000,0,0
benchmarks/satlib/uf100-430/uf100-0385.cnf,SAT,0.001,2,0
benchmarks/satlib/uf100-430/uf100-0386.cnf,SAT,0.001,2,0
benchmarks/satlib/uf100-430/uf100-0387.cnf,SAT,0.002,4,0
benchmarks/satlib/uf100-430/uf100-0388.cnf,SAT,0.003,5,0
benchmarks/satlib/uf100-430/uf100-0389.cnf,SAT,0.001,2,0
benchmarks/satlib/uf100-430/uf100-039.cnf,SAT,0.000,1,0
benchmarks/satlib/uf100-430/uf100-0390.cnf,SAT,0.002,5,0
benchmarks/satlib/uf100-430/uf100-0391.cnf,SAT,0.002,4,0
benchmarks/satlib/uf100-430/uf100-0392.cnf,SAT,0.000,1,0
benchmarks/satlib/uf100-430/uf100-0393.cnf,SAT,0.002,4,0
benchmarks/satlib/uf100-430/uf100-0394.cnf,SAT,0.001,3,0
benchmarks/satlib/uf100-430/uf100-0395.cnf,SAT,0.003,5,0
benchmarks/satlib/uf100-430/uf100-0396.cnf,SAT,0.001,2,0
benchmarks/satlib/uf100-430/uf100-0397.cnf,SAT,0.000,0,0
benchmarks/satlib/uf100-430/uf100-0398.cnf,SAT,0.002,5,0
benchmarks/satlib/uf100-430/uf100-0399.cnf,SAT,0.000,0,0
benchmarks/satlib/uf100-430/uf100-04.cnf,SAT,0.001,3,0
benchmarks/satlib/uf100-430/uf100-040.cnf,SAT,0.002,4,0
benchmarks/satlib/uf100-430/uf100-0400.cnf,SAT,0.001,1,0
benchmarks/satlib/uf100-430/uf100-0401.cnf,SAT,0.001,3,0
benchmarks/satlib/uf100-430/uf100-0402.cnf,SAT,0.001,2,0
benchmarks/satlib/uf100-430/uf100-0403.cnf,SAT,0.000,1,0
benchmarks/satlib/uf100-430/uf100-0404.cnf,SAT,0.001,3,0
benchmarks/satlib/uf100-430/uf100-0405.cnf,SAT,0.001,2,0
benchmarks/satlib/uf100-430/uf100-0406.cnf,SAT,0.001,2,0
benchmarks/satlib/uf100-430/uf100-0407.cnf,SAT,0.003,5,0
benchmarks/satlib/uf100-430/uf100-0408.cnf,SAT,0.000,0,0
benchmarks/satlib/uf100-430/uf100-0409.cnf,SAT,0.001,2,0
benchmarks/satlib/uf100-430/uf100-041.cnf,SAT,0.001,2,0
benchmarks/satlib/uf100-430/uf100-0410.cnf,SAT,0.000,0,0
benchmarks/satlib/uf100-430/uf100-0411.cnf,SAT,0.001,1,0
benchmarks/satlib/uf100-430/uf100-0412.cnf,SAT,0.000,0,0
benchmarks/satlib/uf100-430/uf100-0413.cnf,SAT,0.000,1,0
benchmarks/satlib/uf100-430/uf100-0414.cnf,SAT,0.004,6,0
benchmarks/satlib/uf100-430/uf100-0415.cnf,SAT,0.001,3,0
benchmarks/satlib/uf100-430/uf100-0416.cnf,SAT,0.000,1,0
benchmarks/satlib/uf100-430/uf100-0417.cnf,SAT,0.001,2,0
benchmarks/satlib/uf100-430/uf100-0418.cnf,SAT,0.001,2,0
benchmarks/satlib/uf100-430/uf100-0419.cnf,SAT,0.001,2,0
benchmarks/satlib/uf100-430/uf100-042.cnf,SAT,0.001,3,0
benchmarks/satlib/uf100-430/uf100-0420.cnf,SAT,0.001,1,0
benchmarks/satlib/uf100-430/uf100-0421.cnf,SAT,0.002,4,0
benchmarks/satlib/uf100-430/uf100-0422.cnf,SAT,0.003,5,0
benchmarks/satlib/uf100-430/uf100-0423.cnf,SAT,0.001,3,0
benchmarks/satlib/uf100-430/uf100-0424.cnf,SAT,0.000,0,0
benchmarks/satlib/uf100-430/uf100-0425.cnf,SAT,0.001,2,0
benchmarks/satlib/uf100-430/uf100-0426.cnf,SAT,0.003,5,0
benchmarks/satlib/uf100-430/uf100-0427.cnf,SAT,0.001,2,0
benchmarks/satlib/uf100-430/uf100-0428.cnf,SAT,0.002,5,0
benchmarks/satlib/uf100-430/uf100-0429.cnf,SAT,0.003,5,0
benchmarks/satlib/uf100-430/uf100-043.cnf,SAT,0.001,1,0
benchmarks/satlib/uf100-430/uf100-0430.cnf,SAT,0.000,0,0
benchmarks/satlib/uf100-430/uf100-0431.cnf,SAT,0.000,1,0
benchmarks/satlib/uf100-430/uf100-0432.cnf,SAT,0.001,2,0
benchmarks/satlib/uf100-430/uf100-0433.cnf,SAT,0.001,2,0
benchmarks/satlib/uf100-430/uf100-0434.cnf,SAT,0.000,0,0
benchmarks/satlib/uf100-430/uf100-0435.cnf,SAT,0.003,6,0
benchmarks/satlib/uf100-430/uf100-0436.cnf,SAT,0.003,5,0
benchmarks/satlib/uf100-430/uf100-0437.cnf,SAT,0.001,1,0
benchmarks/satlib/uf100-430/uf100-0438.cnf,SAT,0.001,1,0
benchmarks/satlib/uf100-430/uf100-0439.cnf,SAT,0.001,2,0
benchmarks/satlib/uf100-430/uf100-044.cnf,SAT,0.002,5,0
benchmarks/satlib/uf100-430/uf100-0440.cnf,SAT,0.002,4,0
benchmarks/satlib/uf100-430/uf100-0441.cnf,SAT,0.002,5,0
benchmarks/satlib/uf100-430/uf100-0442.cnf,SAT,0.000,0,0
benchmarks/satlib/uf100-430/uf100-0443.cnf,SAT,0.002,5,0
benchmarks/satlib/uf100-430/uf100-0444.cnf,SAT,0.002,4,0
benchmarks/satlib/uf100-430/uf100-0445.cnf,SAT,0.001,2,0
benchmarks/satlib/uf100-430/uf100-0446.cnf,SAT,0.001,2,0
benchmarks/satlib/uf100-430/uf100-0447.cnf,SAT,0.000,0,0
benchmarks/satlib/uf100-430/uf100-0448.cnf,SAT,0.001,2,0
benchmarks/satlib/uf100-430/uf100-0449.cnf,SAT,0.001,2,0
benchmarks/satlib/uf100-430/uf100-045.cnf,SAT,0.001,3,0
benchmarks/satlib/uf100-430/uf100-0450.cnf,SAT,0.002,2,0
benchmarks/satlib/uf100-430/uf100-0451.cnf,SAT,0.003,6,0
benchmarks/satlib/uf100-430/uf100-0452.cnf,SAT,0.002,5,0
benchmarks/satlib/uf100-430/uf100-0453.cnf,SAT,0.001,1,0
benchmarks/satlib/uf100-430/uf100-0454.cnf,SAT,0.001,2,0
benchmarks/satlib/uf100-430/uf100-0455.cnf,SAT,0.001,2,0
benchmarks/satlib/uf100-430/uf100-0456.cnf,SAT,0.001,2,0
benchmarks/satlib/uf100-430/uf100-0457.cnf,SAT,0.001,2,0
benchmarks/satlib/uf100-430/uf100-0458.cnf,SAT,0.001,2,0
benchmarks/satlib/uf100-430/uf100-0459.cnf,SAT,0.002,3,0
benchmarks/satlib/uf100-430/uf100-046.cnf,SAT,0.000,0,0
benchmarks/satlib/uf100-430/uf100-0460.cnf,SAT,0.001,2,0
benchmarks/satlib/uf100-430/uf100-0461.cnf,SAT,0.000,0,0
benchmarks/satlib/uf100-430/uf100-0462.cnf,SAT,0.001,2,0
benchmarks/satlib/uf100-430/uf100-0463.cnf,SAT,0.002,4,0
benchmarks/satlib/uf100-430/uf100-0464.cnf,SAT,0.000,0,0
benchmarks/satlib/uf100-430/uf100-0465.cnf,SAT,0.001,2,0
benchmarks/satlib/uf100-430/uf100-0466.cnf,SAT,0.000,0,0
benchmarks/satlib/uf100-430/uf100-0467.cnf,SAT,0.000,0,0
benchmarks/satlib/uf100-430/uf100-0468.cnf,SAT,0.002,4,0
benchmarks/satlib/uf100-430/uf100-0469.cnf,SAT,0.000,0,0
benchmarks/satlib/uf100-430/uf100-047.cnf,SAT,0.000,0,0
benchmarks/satlib/uf100-430/uf100-0470.cnf,SAT,0.000,0,0
benchmarks/satlib/uf100-430/uf100-0471.cnf,SAT,0.001,2,0
benchmarks/satlib/uf100-430/uf100-0472.cnf,SAT,0.001,1,0
benchmarks/satlib/uf100-430/uf100-0473.cnf,SAT,0.000,0,0
benchmarks/satlib/uf100-430/uf100-0474.cnf,SAT,0.002,3,0
benchmarks/satlib/uf100-430/uf100-0475.cnf,SAT,0.001,2,0
benchmarks/satlib/uf100-430/uf100-0476.cnf,SAT,0.000,0,0
benchmarks/satlib/uf100-430/uf100-0477.cnf,SAT,0.003,5,0
benchmarks/satlib/uf100-430/uf100-0478.cnf,SAT,0.001,2,0
benchmarks/satlib/uf100-430/uf100-0479.cnf,SAT,0.001,1,0
benchmarks/satlib/uf100-430/uf100-048.cnf,SAT,0.000,1,0
benchmarks/satlib/uf100-430/uf100-0480.cnf,SAT,0.002,5,0
benchmarks/satlib/uf100-430/uf100-0481.cnf,SAT,0.000,0,0
benchmarks/satlib/uf100-430/uf100-0482.cnf,SAT,0.001,2,0
benchmarks/satlib/uf100-430/uf100-0483.cnf,SAT,0.000,0,0
benchmarks/satlib/uf100-430/uf100-0484.cnf,SAT,0.000,0,0
benchmarks/satlib/uf100-430/uf100-0485.cnf,SAT,0.000,0,0
benchmarks/satlib/uf100-430/uf100-0486.cnf,SAT,0.000,1,0
benchmarks/satlib/uf100-430/uf100-0487.cnf,SAT,0.000,0,0
benchmarks/satlib/uf100-430/uf100-0488.cnf,SAT,0.004,6,0
benchmarks/satlib/uf100-430/uf100-0489.cnf,SAT,0.000,0,0
benchmarks/satlib/uf100-430/uf100-049.cnf,SAT,0.001,2,0
benchmarks/satlib/uf100-430/uf100-0490.cnf,SAT,0.000,1,0
benchmarks/satlib/uf100-430/uf100-0491.cnf,SAT,0.000,0,0
benchmarks/satlib/uf100-430/uf100-0492.cnf,SAT,0.001,3,0
benchmarks/satlib/uf100-430/uf100-0493.cnf,SAT,0.001,1,0
benchmarks/satlib/uf100-430/uf100-0494.cnf,SAT,0.001,2,0
benchmarks/satlib/uf100-430/uf100-0495.cnf,SAT,0.001,2,0
benchmarks/satlib/uf100-430/uf100-0496.cnf,SAT,0.000,1,0
benchmarks/satlib/uf100-430/uf100-0497.cnf,SAT,0.000,0,0
benchmarks/satlib/uf100-430/uf100-0498.cnf,SAT,0.004,6,0
benchmarks/satlib/uf100-430/uf100-0499.cnf,SAT,0.001,1,0
benchmarks/satlib/uf100-430/uf100-05.cnf,SAT,0.001,2,0
benchmarks/satlib/uf100-430/uf100-050.cnf,SAT,0.002,5,0
benchmarks/satlib/uf100-430/uf100-0500.cnf,SAT,0.001,2,0
benchmarks/satlib/uf100-430/uf100-0501.cnf,SAT,0.002,3,0
benchmarks/satlib/uf100-430/uf100-0502.cnf,SAT,0.001,1,0
benchmarks/satlib/uf100-430/uf100-0503.cnf,SAT,0.001,3,0
benchmarks/satlib/uf100-430/uf100-0504.cnf,SAT,0.002,4,0
benchmarks/satlib/uf100-430/uf100-0505.cnf,SAT,0.001,1,0
benchmarks/satlib/uf100-430/uf100-0506.cnf,SAT,0.001,2,0
benchmarks/satlib/uf100-430/uf100-0507.cnf,SAT,0.000,1,0
benchmarks/satlib/uf100-430/uf100-0508.cnf,SAT,0.002,4,0
benchmarks/satlib/uf100-430/uf100-0509.cnf,SAT,0.001,3,0
benchmarks/satlib/uf100-430/uf100-051.cnf,SAT,0.000,0,0
benchmarks/satlib/uf100-430/uf100-0510.cnf,SAT,0.003,6,0
benchmarks/satlib/uf100-430/uf100-0511.cnf,SAT,0.001,2,0
benchmarks/satlib/uf100-430/uf100-0512.cnf,SAT,0.000,1,0
benchmarks/satlib/uf100-430/uf100-0513.cnf,SAT,0.001,2,0
benchmarks/satlib/uf100-430/uf100-0514.cnf,SAT,0.001,2,0
benchmarks/satlib/uf100-430/uf100-0515.cnf,SAT,0.001,3,0
benchmarks/satlib/uf100-430/uf100-0516.cnf,SAT,0.000,0,0
benchmarks/satlib/uf100-430/uf100-0517.cnf,SAT,0.000,0,0
benchmarks/satlib/uf100-430/uf100-0518.cnf,SAT,0.000,1,0
benchmarks/satlib/uf100-430/uf100-0519.cnf,SAT,0.002,5,0
benchmarks/satlib/uf100-430/uf100-052.cnf,SAT,0.003,6,0
benchmarks/satlib/uf100-430/uf100-0520.cnf,SAT,0.001,1,0
benchmarks/satlib/uf100-430/uf100-0521.cnf,SAT,0.000,1,0
benchmarks/satlib/uf100-430/uf100-0522.cnf,SAT,0.001,2,0
benchmarks/satlib/uf100-430/uf100-0523.cnf,SAT,0.001,3,0
benchmarks/satlib/uf100-430/uf100-0524.cnf,SAT,0.001,3,0
benchmarks/satlib/uf100-430/uf100-0525.cnf,SAT,0.000,0,0
benchmarks/satlib/uf100-430/uf100-0526.cnf,SAT,0.001,2,0
benchmarks/satlib/uf100-430/uf100-0527.cnf,SAT,0.000,1,0
benchmarks/satlib/uf100-430/uf100-0528.cnf,SAT,0.001,2,0
benchmarks/satlib/uf100-430/uf100-0529.cnf,SAT,0.001,2,0
benchmarks/satlib/uf100-430/uf100-053.cnf,SAT,0.002,3,0
benchmarks/satlib/uf100-430/uf100-0530.cnf,SAT,0.001,2,0
benchmarks/satlib/uf100-430/uf100-0531.cnf,SAT,0.003,6,0
benchmarks/satlib/uf100-430/uf100-0532.cnf,SAT,0.003,5,0
benchmarks/satlib/uf100-430/uf100-0533.cnf,SAT,0.001,3,0
benchmarks/satlib/uf100-430/uf100-0534.cnf,SAT,0.002,5,0
benchmarks/satlib/uf100-430/uf100-0535.cnf,SAT,0.001,1,0
benchmarks/satlib/uf100-430/uf100-0536.cnf,SAT,0.002,3,0
benchmarks/satlib/uf100-430/uf100-0537.cnf,SAT,0.001,2,0
benchmarks/satlib/uf100-430/uf100-0538.cnf,SAT,0.001,2,0
benchmarks/satlib/uf100-430/uf100-0539.cnf,SAT,0.001,2,0
benchmarks/satlib/uf100-430/uf100-054.cnf,SAT,0.000,0,0
benchmarks/satlib/uf100-430/uf100-0540.cnf,SAT,0.000,1,0
benchmarks/satlib/uf100-430/uf100-0541.cnf,SAT,0.003,5,0
benchmarks/satlib/uf100-430/uf100-0542.cnf,SAT,0.001,2,0
benchmarks/satlib/uf100-430/uf100-0543.cnf,SAT,0.000,0,0
benchmarks/satlib/uf100-430/uf100-0544.cnf,SAT,0.002,5,0
benchmarks/satlib/uf100-430/uf100-0545.cnf,SAT,0.003,6,0
benchmarks/satlib/uf100-430/uf100-0546.cnf,SAT,0.000,0,0
benchmarks/satlib/uf100-430/uf100-0547.cnf,SAT,0.001,2,0
benchmarks/satlib/uf100-430/uf100-0548.cnf,SAT,0.001,1,0
benchmarks/satlib/uf100-430/uf100-0549.cnf,SAT,0.000,0,0
benchmarks/satlib/uf100-430/uf100-055.cnf,SAT,0.002,3,0
benchmarks/satlib/uf100-430/uf100-0550.cnf,SAT,0.001,2,0
benchmarks/satlib/uf100-430/uf100-0551.cnf,SAT,0.000,0,0
benchmarks/satlib/uf100-430/uf100-0552.cnf,SAT,0.003,6,0
benchmarks/satlib/uf100-430/uf100-0553.cnf,SAT,0.000,1,0
benchmarks/satlib/uf100-430/uf100-0554.cnf,SAT,0.000,0,0
benchmarks/satlib/uf100-430/uf100-0555.cnf,SAT,0.001,1,0
benchmarks/satlib/uf100-430/uf100-0556.cnf,SAT,0.001,2,0
benchmarks/satlib/uf100-430/uf100-0557.cnf,SAT,0.002,4,0
benchmarks/satlib/uf100-430/uf100-0558.cnf,SAT,0.002,4,0
benchmarks/satlib/uf100-430/uf100-0559.cnf,SAT,0.001,2,0
benchmarks/satlib/uf100-430/uf100-056.cnf,SAT,0.002,4,0
benchmarks/satlib/uf100-430/uf100-0560.cnf,SAT,0.003,6,0
benchmarks/satlib/uf100-430/uf100-0561.cnf,SAT,0.000,0,0
benchmarks/satlib/uf100-430/uf100-0562.cnf,SAT,0.000,0,0
benchmarks/satlib/uf100-430/uf100-0563.cnf,SAT,0.001,2,0
benchmarks/satlib/uf100-430/uf100-0564.cnf,SAT,0.002,5,0
benchmarks/satlib/uf100-430/uf100-0565.cnf,SAT,0.003,6,0
benchmarks/satlib/uf100-430/uf100-0566.cnf,SAT,0.001,2,0
benchmarks/satlib/uf100-430/uf100-0567.cnf,SAT,0.001,3,0
benchmarks/satlib/uf100-430/uf100-0568.cnf,SAT,0.001,2,0
benchmarks/satlib/uf100-430/uf100-0569.cnf,SAT,0.002,4,0
benchmarks/satlib/uf100-430/uf100-057.cnf,SAT,0.002,5,0
benchmarks/satlib/uf100-430/uf100-0570.cnf,SAT,0.001,1,0
benchmarks/satlib/uf100-430/uf100-0571.cnf,SAT,0.000,0,0
benchmarks/satlib/uf100-430/uf100-0572.cnf,SAT,0.001,1,0
benchmarks/satlib/uf100-430/uf100-0573.cnf,SAT,0.001,2,0
benchmarks/satlib/uf100-430/uf100-0574.cnf,SAT,0.001,2,0
benchmarks/satlib/uf100-430/uf100-0575.cnf,SAT,0.002,4,0
benchmarks/satlib/uf100-430/uf100-0576.cnf,SAT,0.001,1,0
benchmarks/satlib/uf100-430/uf100-0577.cnf,SAT,0.000,0,0
benchmarks/satlib/uf100-430/uf100-0578.cnf,SAT,0.002,5,0
benchmarks/satlib/uf100-430/uf100-0579.cnf,SAT,0.001,1,0
benchmarks/satlib/uf100-430/uf100-058.cnf,SAT,0.002,4,0
benchmarks/satlib/uf100-430/uf100-0580.cnf,SAT,0.001,2,0
benchmarks/satlib/uf100-430/uf100-0581.cnf,SAT,0.001,2,0
benchmarks/satlib/uf100-430/uf100-0582.cnf,SAT,0.002,5,0
benchmarks/satlib/uf100-430/uf100-0583.cnf,SAT,0.001,2,0
benchmarks/satlib/uf100-430/uf100-0584.cnf,SAT,0.002,5,0
benchmarks/satlib/uf100-430/uf100-0585.cnf,SAT,0.003,5,0
benchmarks/satlib/uf100-430/uf100-0586.cnf,SAT,0.001,2,0
benchmarks/satlib/uf100-430/uf100-0587.cnf,SAT,0.000,0,0
benchmarks/satlib/uf100-430/uf100-0588.cnf,SAT,0.001,2,0
benchmarks/satlib/uf100-430/uf100-0589.cnf,SAT,0.001,2,0
benchmarks/satlib/uf100-430/uf100-059.cnf,SAT,0.003,4,0
benchmarks/satlib/uf100-430/uf100-0590.cnf,SAT,0.001,3,0
benchmarks/satlib/uf100-430/uf100-0591.cnf,SAT,0.002,5,0
benchmarks/satlib/uf100-430/uf100-0592.cnf,SAT,0.003,5,0
benchmarks/satlib/uf100-430/uf100-0593.cnf,SAT,0.000,0,0
benchmarks/satlib/uf100-430/uf100-0594.cnf,SAT,0.002,5,0
benchmarks/satlib/uf100-430/uf100-0595.cnf,SAT,0.004,6,0
benchmarks/satlib/uf100-430/uf100-0596.cnf,SAT,0.002,4,0
benchmarks/satlib/uf100-430/uf100-0597.cnf,SAT,0.000,0,0
benchmarks/satlib/uf100-430/uf100-0598.cnf,SAT,0.001,2,0
benchmarks/satlib/uf100-430/uf100-0599.cnf,SAT,0.002,4,0
benchmarks/satlib/uf100-430/uf100-06.cnf,SAT,0.000,0,0
benchmarks/satlib/uf100-430/uf100-060.cnf,SAT,0.001,2,0
benchmarks/satlib/uf100-430/uf100-0600.cnf,SAT,0.000,1,0
benchmarks/satlib/uf100-430/uf100-0601.cnf,SAT,0.001,1,0
benchmarks/satlib/uf100-430/uf100-0602.cnf,SAT,0.002,5,0
benchmarks/satlib/uf100-430/uf100-0603.cnf,SAT,0.000,1,0
benchmarks/satlib/uf100-430/uf100-0604.cnf,SAT,0.001,3,0
benchmarks/satlib/uf100-430/uf100-0605.cnf,SAT,0.001,2,0
benchmarks/satlib/uf100-430/uf100-0606.cnf,SAT,0.001,3,0
benchmarks/satlib/uf100-430/uf100-0607.cnf,SAT,0.002,4,0
benchmarks/satlib/uf100-430/uf100-0608.cnf,SAT,0.004,6,0
benchmarks/satlib/uf100-430/uf100-0609.cnf,SAT,0.001,1,0
benchmarks/satlib/uf100-430/uf100-061.cnf,SAT,0.001,3,0
benchmarks/satlib/uf100-430/uf100-0610.cnf,SAT,0.002,4,0
benchmarks/satlib/uf100-430/uf100-0611.cnf,SAT,0.003,6,0
benchmarks/satlib/uf100-430/uf100-0612.cnf,SAT,0.001,1,0
benchmarks/satlib/uf100-430/uf100-0613.cnf,SAT,0.001,2,0
benchmarks/satlib/uf100-430/uf100-0614.cnf,SAT,0.002,2,0
benchmarks/satlib/uf100-430/uf100-0615.cnf,SAT,0.000,0,0
benchmarks/satlib/uf100-430/uf100-0616.cnf,SAT,0.001,1,0
benchmarks/satlib/uf100-430/uf100-0617.cnf,SAT,0.001,1,0
benchmarks/satlib/uf100-430/uf100-0618.cnf,SAT,0.000,0,0
benchmarks/satlib/uf100-430/uf100-0619.cnf,SAT,0.002,5,0
benchmarks/satlib/uf100-430/uf100-062.cnf,SAT,0.001,2,0
benchmarks/satlib/uf100-430/uf100-0620.cnf,SAT,0.000,0,0
benchmarks/satlib/uf100-430/uf100-0621.cnf,SAT,0.001,2,0
benchmarks/satlib/uf100-430/uf100-0622.cnf,SAT,0.001,2,0
benchmarks/satlib/uf100-430/uf100-0623.cnf,SAT,0.001,2,0
benchmarks/satlib/uf100-430/uf100-0624.cnf,SAT,0.000,1,0
benchmarks/satlib/uf100-430/uf100-0625.cnf,SAT,0.002,4,0
benchmarks/satlib/uf100-430/uf100-0626.cnf,SAT,0.001,4,0
benchmarks/satlib/uf100-430/uf100-0627.cnf,SAT,0.000,0,0
benchmarks/satlib/uf100-430/uf100-0628.cnf,SAT,0.001,2,0
benchmarks/satlib/uf100-430/uf100-0629.cnf,SAT,0.002,5,0
benchmarks/satlib/uf100-430/uf100-063.cnf,SAT,0.001,1,0
benchmarks/satlib/uf100-430/uf100-0630.cnf,SAT,0.000,1,0
benchmarks/satlib/uf100-430/uf100-0631.cnf,SAT,0.001,2,0
benchmarks/satlib/uf100-430/uf100-0632.cnf,SAT,0.002,5,0
benchmarks/satlib/uf100-430/uf100-0633.cnf,SAT,0.001,2,0
benchmarks/satlib/uf100-430/uf100-0634.cnf,SAT,0.003,6,0
benchmarks/satlib/uf100-430/uf100-0635.cnf,SAT,0.001,3,0
benchmarks/satlib/uf100-430/uf100-0636.cnf,SAT,0.002,4,0
benchmarks/satlib/uf100-430/uf100-0637.cnf,SAT,0.001,2,0
benchmarks/satlib/uf100-430/uf100-0638.cnf,SAT,0.001,2,0
benchmarks/satlib/uf100-430/uf100-0639.cnf,SAT,0.002,4,0
benchmarks/satlib/uf100-430/uf100-064.cnf,SAT,0.000,0,0
benchmarks/satlib/uf100-430/uf100-0640.cnf,SAT,0.001,1,0
benchmarks/satlib/uf100-430/uf100-0641.cnf,SAT,0.002,3,0
benchmarks/satlib/uf100-430/uf100-0642.cnf,SAT,0.003,6,0
benchmarks/satlib/uf100-430/uf100-0643.cnf,SAT,0.001,2,0
benchmarks/satlib/uf100-430/uf100-0644.cnf,SAT,0.001,2,0
benchmarks/satlib/uf100-430/uf100-0645.cnf,SAT,0.000,1,0
benchmarks/satlib/uf100-430/uf100-0646.cnf,SAT,0.011,9,0
benchmarks/satlib/uf100-430/uf100-0647.cnf,SAT,0.005,3,0
benchmarks/satlib/uf100-430/uf100-0648.cnf,SAT,0.002,3,0
benchmarks/satlib/uf100-430/uf100-0649.cnf,SAT,0.001,1,0
benchmarks/satlib/uf100-430/uf100-065.cnf,SAT,0.000,1,0
benchmarks/satlib/uf100-430/uf100-0650.cnf,SAT,0.000,0,0
benchmarks/satlib/uf100-430/uf100-0651.cnf,SAT,0.002,2,0
benchmarks/satlib/uf100-430/uf100-0652.cnf,SAT,0.000,0,0
benchmarks/satlib/uf100-430/uf100-0653.cnf,SAT,0.001,2,0
benchmarks/satlib/uf100-430/uf100-0654.cnf,SAT,0.004,6,0
benchmarks/satlib/uf100-430/uf100-0655.cnf,SAT,0.004,6,0
benchmarks/satlib/uf100-430/uf100-0656.cnf,SAT,0.002,5,0
benchmarks/satlib/uf100-430/uf100-0657.cnf,SAT,0.001,2,0
benchmarks/satlib/uf100-430/uf100-0658.cnf,SAT,0.000,0,0
benchmarks/satlib/uf100-430/uf100-0659.cnf,SAT,0.002,4,0
benchmarks/satlib/uf100-430/uf100-066.cnf,SAT,0.001,1,0
benchmarks/satlib/uf100-430/uf100-0660.cnf,SAT,0.001,3,0
benchmarks/satlib/uf100-430/uf100-0661.cnf,SAT,0.000,0,0
benchmarks/satlib/uf100-430/uf100-0662.cnf,SAT,0.000,1,0
benchmarks/satlib/uf100-430/uf100-0663.cnf,SAT,0.002,5,0
benchmarks/satlib/uf100-430/uf100-0664.cnf,SAT,0.000,0,0
benchmarks/satlib/uf100-430/uf100-0665.cnf,SAT,0.002,4,0
benchmarks/satlib/uf100-430/uf100-0666.cnf,SAT,0.001,2,0
benchmarks/satlib/uf100-430/uf100-0667.cnf,SAT,0.001,3,0
benchmarks/satlib/uf100-430/uf100-0668.cnf,SAT,0.003,5,0
benchmarks/satlib/uf100-430/uf100-0669.cnf,SAT,0.002,4,0
benchmarks/satlib/uf100-430/uf100-067.cnf,SAT,0.001,3,0
benchmarks/satlib/uf100-430/uf100-0670.cnf,SAT,0.002,4,0
benchmarks/satlib/uf100-430/uf100-0671.cnf,SAT,0.001,2,0
benchmarks/satlib/uf100-430/uf100-0672.cnf,SAT,0.000,0,0
benchmarks/satlib/uf100-430/uf100-0673.cnf,SAT,0.000,1,0
benchmarks/satlib/uf100-430/uf100-0674.cnf,SAT,0.001,2,0
benchmarks/satlib/uf100-430/uf100-0675.cnf,SAT,0.001,2,0
benchmarks/satlib/uf100-430/uf100-0676.cnf,SAT,0.004,6,0
benchmarks/satlib/uf100-430/uf100-0677.cnf,SAT,0.003,5,0
benchmarks/satlib/uf100-430/uf100-0678.cnf,SAT,0.003,5,0
benchmarks/satlib/uf100-430/uf100-0679.cnf,SAT,0.001,2,0
benchmarks/satlib/uf100-430/uf100-068.cnf,SAT,0.003,5,0
benchmarks/satlib/uf100-430/uf100-0680.cnf,SAT,0.001,2,0
benchmarks/satlib/uf100-430/uf100-0681.cnf,SAT,0.002,5,0
benchmarks/satlib/uf100-430/uf100-0682.cnf,SAT,0.001,2,0
benchmarks/satlib/uf100-430/uf100-0683.cnf,SAT,0.001,2,0
benchmarks/satlib/uf100-430/uf100-0684.cnf,SAT,0.002,5,0
benchmarks/satlib/uf100-430/uf100-0685.cnf,SAT,0.000,0,0
benchmarks/satlib/uf100-430/uf100-0686.cnf,SAT,0.001,1,0
benchmarks/satlib/uf100-430/uf100-0687.cnf,SAT,0.000,0,0
benchmarks/satlib/uf100-430/uf100-0688.cnf,SAT,0.002,5,0
benchmarks/satlib/uf100-430/uf100-0689.cnf,SAT,0.003,6,0
benchmarks/satlib/uf100-430/uf100-069.cnf,SAT,0.002,5,0
benchmarks/satlib/uf100-430/uf100-0690.cnf,SAT,0.003,4,0
benchmarks/satlib/uf100-430/uf100-0691.cnf,SAT,0.003,6,0
benchmarks/satlib/uf100-430/uf100-0692.cnf,SAT,0.001,1,0
benchmarks/satlib/uf100-430/uf100-0693.cnf,SAT,0.002,2,0
benchmarks/satlib/uf100-430/uf100-0694.cnf,SAT,0.001,2,0
benchmarks/satlib/uf100-430/uf100-0695.cnf,SAT,0.002,4,0
benchmarks/satlib/uf100-430/uf100-0696.cnf,SAT,0.003,5,0
benchmarks/satlib/uf100-430/uf100-0697.cnf,SAT,0.004,6,0
benchmarks/satlib/uf100-430/uf100-0698.cnf,SAT,0.001,2,0
benchmarks/satlib/uf100-430/uf100-0699.cnf,SAT,0.001,1,0
benchmarks/satlib/uf100-430/uf100-07.cnf,SAT,0.000,0,0
benchmarks/satlib/uf100-430/uf100-070.cnf,SAT,0.000,0,0
benchmarks/satlib/uf100-430/uf100-0700.cnf,SAT,0.001,1,0
benchmarks/satlib/uf100-430/uf100-0701.cnf,SAT,0.000,0,0
benchmarks/satlib/uf100-430/uf100-0702.cnf,SAT,0.004,6,0
benchmarks/satlib/uf100-430/uf100-0703.cnf,SAT,0.002,3,0
benchmarks/satlib/uf100-430/uf100-0704.cnf,SAT,0.000,0,0
benchmarks/satlib/uf100-430/uf100-0705.cnf,SAT,0.000,1,0
benchmarks/satlib/uf100-430/uf100-0706.cnf,SAT,0.000,0,0
benchmarks/satlib/uf100-430/uf100-0707.cnf,SAT,0.001,2,0
benchmarks/satlib/uf100-430/uf100-0708.cnf,SAT,0.001,2,0
benchmarks/satlib/uf100-430/uf100-0709.cnf,SAT,0.002,5,0
benchmarks/satlib/uf100-430/uf100-071.cnf,SAT,0.000,1,0
benchmarks/satlib/uf100-430/uf100-0710.cnf,SAT,0.001,2,0
benchmarks/satlib/uf100-430/uf100-0711.cnf,SAT,0.001,2,0
benchmarks/satlib/uf100-430/uf100-0712.cnf,SAT,0.001,2,0
benchmarks/satlib/uf100-430/uf100-0713.cnf,SAT,0.004,6,0
benchmarks/satlib/uf100-430/uf100-0714.cnf,SAT,0.001,2,0
benchmarks/satlib/uf100-430/uf100-0715.cnf,SAT,0.000,0,0
benchmarks/satlib/uf100-430/uf100-0716.cnf,SAT,0.002,4,0
benchmarks/satlib/uf100-430/uf100-0717.cnf,SAT,0.000,0,0
benchmarks/satlib/uf100-430/uf100-0718.cnf,SAT,0.000,0,0
benchmarks/satlib/uf100-430/uf100-0719.cnf,SAT,0.001,2,0
benchmarks/satlib/uf100-430/uf100-072.cnf,SAT,0.001,2,0
benchmarks/satlib/uf100-430/uf100-0720.cnf,SAT,0.001,2,0
benchmarks/satlib/uf100-430/uf100-0721.cnf,SAT,0.001,2,0
benchmarks/satlib/uf100-430/uf100-0722.cnf,SAT,0.002,5,0
benchmarks/satlib/uf100-430/uf100-0723.cnf,SAT,0.000,0,0
benchmarks/satlib/uf100-430/uf100-0724.cnf,SAT,0.001,3,0
benchmarks/satlib/uf100-430/uf100-0725.cnf,SAT,0.001,1,0
benchmarks/satlib/uf100-430/uf100-0726.cnf,SAT,0.000,1,0
benchmarks/satlib/uf100-430/uf100-0727.cnf,SAT,0.000,0,0
benchmarks/satlib/uf100-430/uf100-0728.cnf,SAT,0.000,0,0
benchmarks/satlib/uf100-430/uf100-0729.cnf,SAT,0.001,0,0
benchmarks/satlib/uf100-430/uf100-073.cnf,SAT,0.001,2,0
benchmarks/satlib/uf100-430/uf100-0730.cnf,SAT,0.001,2,0
benchmarks/satlib/uf100-430/uf100-0731.cnf,SAT,0.004,6,0
benchmarks/satlib/uf100-430/uf100-0732.cnf,SAT,0.002,4,0
benchmarks/satlib/uf100-430/uf100-0733.cnf,SAT,0.002,4,0
benchmarks/satlib/uf100-430/uf100-0734.cnf,SAT,0.000,1,0
benchmarks/satlib/uf100-430/uf100-0735.cnf,SAT,0.000,0,0
benchmarks/satlib/uf100-430/uf100-0736.cnf,SAT,0.001,2,0
benchmarks/satlib/uf100-430/uf100-0737.cnf,SAT,0.000,0,0
benchmarks/satlib/uf100-430/uf100-0738.cnf,SAT,0.001,2,0
benchmarks/satlib/uf100-430/uf100-0739.cnf,SAT,0.000,1,0
benchmarks/satlib/uf100-430/uf100-074.cnf,SAT,0.000,0,0
benchmarks/satlib/uf100-430/uf100-0740.cnf,SAT,0.000,1,0
benchmarks/satlib/uf100-430/uf100-0741.cnf,SAT,0.000,1,0
benchmarks/satlib/uf100-430/uf100-0742.cnf,SAT,0.002,3,0
benchmarks/satlib/uf100-430/uf100-0743.cnf,SAT,0.001,1,0
benchmarks/satlib/uf100-430/uf100-0744.cnf,SAT,0.001,2,0
benchmarks/satlib/uf100-430/uf100-0745.cnf,SAT,0.001,2,0
benchmarks/satlib/uf100-430/uf100-0746.cnf,SAT,0.000,1,0
benchmarks/satlib/uf100-430/uf100-0747.cnf,SAT,0.002,5,0
benchmarks/satlib/uf100-430/uf100-0748.cnf,SAT,0.001,2,0
benchmarks/satlib/uf100-430/uf100-0749.cnf,SAT,0.000,0,0
benchmarks/satlib/uf100-430/uf100-075.cnf,SAT,0.001,2,0
benchmarks/satlib/uf100-430/uf100-0750.cnf,SAT,0.002,5,0
benchmarks/satlib/uf100-430/uf100-0751.cnf,SAT,0.001,2,0
benchmarks/satlib/uf100-430/uf100-0752.cnf,SAT,0.000,0,0
benchmarks/satlib/uf100-430/uf100-0753.cnf,SAT,0.002,3,0
benchmarks/satlib/uf100-430/uf100-0754.cnf,SAT,0.001,2,0
benchmarks/satlib/uf100-430/uf100-0755.cnf,SAT,0.001,1,0
benchmarks/satlib/uf100-430/uf100-0756.cnf,SAT,0.001,1,0
benchmarks/satlib/uf100-430/uf100-0757.cnf,SAT,0.002,3,0
benchmarks/satlib/uf100-430/uf100-0758.cnf,SAT,0.001,2,0
benchmarks/satlib/uf100-430/uf100-0759.cnf,SAT,0.001,2,0
benchmarks/satlib/uf100-430/uf100-076.cnf,SAT,0.002,4,0
benchmarks/satlib/uf100-430/uf100-0760.cnf,SAT,0.002,4,0
benchmarks/satlib/uf100-430/uf100-0761.cnf,SAT,0.001,2,0
benchmarks/satlib/uf100-430/uf100-0762.cnf,SAT,0.002,4,0
benchmarks/satlib/uf100-430/uf100-0763.cnf,SAT,0.002,4,0
benchmarks/satlib/uf100-430/uf100-0764.cnf,SAT,0.001,1,0
benchmarks/satlib/uf100-430/uf100-0765.cnf,SAT,0.000,0,0
benchmarks/satlib/uf100-430/uf100-0766.cnf,SAT,0.000,0,0
benchmarks/satlib/uf100-430/uf100-0767.cnf,SAT,0.000,0,0
benchmarks/satlib/uf100-430/uf100-0768.cnf,SAT,0.000,0,0
benchmarks/satlib/uf100-430/uf100-0769.cnf,SAT,0.001,2,0
benchmarks/satlib/uf100-430/uf100-077.cnf,SAT,0.001,2,0
benchmarks/satlib/uf100-430/uf100-0770.cnf,SAT,0.000,0,0
benchmarks/satlib/uf100-430/uf100-0771.cnf,SAT,0.001,2,0
benchmarks/satlib/uf100-430/uf100-0772.cnf,SAT,0.001,2,0
benchmarks/satlib/uf100-430/uf100-0773.cnf,SAT,0.002,2,0
benchmarks/satlib/uf100-430/uf100-0774.cnf,SAT,0.002,5,0
benchmarks/satlib/uf100-430/uf100-0775.cnf,SAT,0.001,2,0
benchmarks/satlib/uf100-430/uf100-0776.cnf,SAT,0.000,0,0
benchmarks/satlib/uf100-430/uf100-0777.cnf,SAT,0.002,3,0
benchmarks/satlib/uf100-430/uf100-0778.cnf,SAT,0.001,1,0
benchmarks/satlib/uf100-430/uf100-0779.cnf,SAT,0.001,2,0
benchmarks/satlib/uf100-430/uf100-078.cnf,SAT,0.000,0,0
benchmarks/satlib/uf100-430/uf100-0780.cnf,SAT,0.001,2,0
benchmarks/satlib/uf100-430/uf100-0781.cnf,SAT,0.001,1,0
benchmarks/satlib/uf100-430/uf100-0782.cnf,SAT,0.003,5,0
benchmarks/satlib/uf100-430/uf100-0783.cnf,SAT,0.000,0,0
benchmarks/satlib/uf100-430/uf100-0784.cnf,SAT,0.003,6,0
benchmarks/satlib/uf100-430/uf100-0785.cnf,SAT,0.002,4,0
benchmarks/satlib/uf100-430/uf100-0786.cnf,SAT,0.001,1,0
benchmarks/satlib/uf100-430/uf100-0787.cnf,SAT,0.001,2,0
benchmarks/satlib/uf100-430/uf100-0788.cnf,SAT,0.000,1,0
benchmarks/satlib/uf100-430/uf100-0789.cnf,SAT,0.002,5,0
benchmarks/satlib/uf100-430/uf100-079.cnf,SAT,0.001,1,0
benchmarks/satlib/uf100-430/uf100-0790.cnf,SAT,0.002,4,0
benchmarks/satlib/uf100-430/uf100-0791.cnf,SAT,0.000,0,0
benchmarks/satlib/uf100-430/uf100-0792.cnf,SAT,0.001,3,0
benchmarks/satlib/uf100-430/uf100-0793.cnf,SAT,0.001,2,0
benchmarks/satlib/uf100-430/uf100-0794.cnf,SAT,0.001,2,0
benchmarks/satlib/uf100-430/uf100-0795.cnf,SAT,0.002,5,0
benchmarks/satlib/uf100-430/uf100-0796.cnf,SAT,0.001,1,0
benchmarks/satlib/uf100-430/uf100-0797.cnf,SAT,0.001,2,0
benchmarks/satlib/uf100-430/uf100-0798.cnf,SAT,0.001,2,0
benchmarks/satlib/uf100-430/uf100-0799.cnf,SAT,0.002,4,0
benchmarks/satlib/uf100-430/uf100-08.cnf,SAT,0.001,3,0
benchmarks/satlib/uf100-430/uf100-080.cnf,SAT,0.001,1,0
benchmarks/satlib/uf100-430/uf100-0800.cnf,SAT,0.001,1,0
benchmarks/satlib/uf100-430/uf100-0801.cnf,SAT,0.004,6,0
benchmarks/satlib/uf100-430/uf100-0802.cnf,SAT,0.001,2,0
benchmarks/satlib/uf100-430/uf100-0803.cnf,SAT,0.001,1,0
benchmarks/satlib/uf100-430/uf100-0804.cnf,SAT,0.000,1,0
benchmarks/satlib/uf100-430/uf100-0805.cnf,SAT,0.001,2,0
benchmarks/satlib/uf100-430/uf100-0806.cnf,SAT,0.002,5,0
benchmarks/satlib/uf100-430/uf100-0807.cnf,SAT,0.003,6,0
benchmarks/satlib/uf100-430/uf100-0808.cnf,SAT,0.002,4,0
benchmarks/satlib/uf100-430/uf100-0809.cnf,SAT,0.001,1,0
benchmarks/satlib/uf100-430/uf100-081.cnf,SAT,0.001,2,0
benchmarks/satlib/uf100-430/uf100-0810.cnf,SAT,0.001,2,0
benchmarks/satlib/uf100-430/uf100-0811.cnf,SAT,0.000,1,0
benchmarks/satlib/uf100-430/uf100-0812.cnf,SAT,0.001,2,0
benchmarks/satlib/uf100-430/uf100-0813.cnf,SAT,0.002,4,0
benchmarks/satlib/uf100-430/uf100-0814.cnf,SAT,0.001,3,0
benchmarks/satlib/uf100-430/uf100-0815.cnf,SAT,0.001,2,0
benchmarks/satlib/uf100-430/uf100-0816.cnf,SAT,0.001,3,0
benchmarks/satlib/uf100-430/uf100-0817.cnf,SAT,0.001,2,0
benchmarks/satlib/uf100-430/uf100-0818.cnf,SAT,0.001,2,0
benchmarks/satlib/uf100-430/uf100-0819.cnf,SAT,0.002,3,0
benchmarks/satlib/uf100-430/uf100-082.cnf,SAT,0.002,5,0
benchmarks/satlib/uf100-430/uf100-0820.cnf,SAT,0.000,0,0
benchmarks/satlib/uf100-430/uf100-0821.cnf,SAT,0.001,3,0
benchmarks/satlib/uf100-430/uf100-0822.cnf,SAT,0.000,0,0
benchmarks/satlib/uf100-430/uf100-0823.cnf,SAT,0.000,0,0
benchmarks/satlib/uf100-430/uf100-0824.cnf,SAT,0.001,2,0
benchmarks/satlib/uf100-430/uf100-0825.cnf,SAT,0.002,5,0
benchmarks/satlib/uf100-430/uf100-0826.cnf,SAT,0.001,2,0
benchmarks/satlib/uf100-430/uf100-0827.cnf,SAT,0.002,3,0
benchmarks/satlib/uf100-430/uf100-0828.cnf,SAT,0.000,0,0
benchmarks/satlib/uf100-430/uf100-0829.cnf,SAT,0.000,0,0
benchmarks/satlib/uf100-430/uf100-083.cnf,SAT,0.002,4,0
benchmarks/satlib/uf100-430/uf100-0830.cnf,SAT,0.000,0,0
benchmarks/satlib/uf100-430/uf100-0831.cnf,SAT,0.000,0,0
benchmarks/satlib/uf100-430/uf100-0832.cnf,SAT,0.000,1,0
benchmarks/satlib/uf100-430/uf100-0833.cnf,SAT,0.001,2,0
benchmarks/satlib/uf100-430/uf100-0834.cnf,SAT,0.000,0,0
benchmarks/satlib/uf100-430/uf100-0835.cnf,SAT,0.002,3,0
benchmarks/satlib/uf100-430/uf100-0836.cnf,SAT,0.000,0,0
benchmarks/satlib/uf100-430/uf100-0837.cnf,SAT,0.001,1,0
benchmarks/satlib/uf100-430/uf100-0838.cnf,SAT,0.001,3,0
benchmarks/satlib/uf100-430/uf100-0839.cnf,SAT,0.003,5,0
benchmarks/satlib/uf100-430/uf100-084.cnf,SAT,0.001,2,0
benchmarks/satlib/uf100-430/uf100-0840.cnf,SAT,0.001,2,0
benchmarks/satlib/uf100-430/uf100-0841.cnf,SAT,0.001,2,0
benchmarks/satlib/uf100-430/uf100-0842.cnf,SAT,0.001,2,0
benchmarks/satlib/uf100-430/uf100-0843.cnf,SAT,0.000,0,0
benchmarks/satlib/uf100-430/uf100-0844.cnf,SAT,0.001,2,0
benchmarks/satlib/uf100-430/uf100-0845.cnf,SAT,0.001,2,0
benchmarks/satlib/uf100-430/uf100-0846.cnf,SAT,0.003,6,0
benchmarks/satlib/uf100-430/uf100-0847.cnf,SAT,0.000,0,0
benchmarks/satlib/uf100-430/uf100-0848.cnf,SAT,0.001,2,0
benchmarks/satlib/uf100-430/uf100-0849.cnf,SAT,0.002,2,0
benchmarks/satlib/uf100-430/uf100-085.cnf,SAT,0.001,2,0
benchmarks/satlib/uf100-430/uf100-0850.cnf,SAT,0.000,0,0
benchmarks/satlib/uf100-430/uf100-0851.cnf,SAT,0.003,6,0
benchmarks/satlib/uf100-430/uf100-0852.cnf,SAT,0.000,1,0
benchmarks/satlib/uf100-430/uf100-0853.cnf,SAT,0.003,6,0
benchmarks/satlib/uf100-430/uf100-0854.cnf,SAT,0.000,0,0
benchmarks/satlib/uf100-430/uf100-0855.cnf,SAT,0.000,1,0
benchmarks/satlib/uf100-430/uf100-0856.cnf,SAT,0.001,3,0
benchmarks/satlib/uf100-430/uf100-0857.cnf,SAT,0.002,4,0
benchmarks/satlib/uf100-430/uf100-0858.cnf,SAT,0.002,4,0
benchmarks/satlib/uf100-430/uf100-0859.cnf,SAT,0.003,6,0
benchmarks/satlib/uf100-430/uf100-086.cnf,SAT,0.003,2,0
benchmarks/satlib/uf100-430/uf100-0860.cnf,SAT,0.001,2,0
benchmarks/satlib/uf100-430/uf100-0861.cnf,SAT,0.000,0,0
benchmarks/satlib/uf100-430/uf100-0862.cnf,SAT,0.001,2,0
benchmarks/satlib/uf100-430/uf100-0863.cnf,SAT,0.001,1,0
benchmarks/satlib/uf100-430/uf100-0864.cnf,SAT,0.003,6,0
benchmarks/satlib/uf100-430/uf100-0865.cnf,SAT,0.003,6,0
benchmarks/satlib/uf100-430/uf100-0866.cnf,SAT,0.001,2,0
benchmarks/satlib/uf100-430/uf100-0867.cnf,SAT,0.000,0,0
benchmarks/satlib/uf100-430/uf100-0868.cnf,SAT,0.001,1,0
benchmarks/satlib/uf100-430/uf100-0869.cnf,SAT,0.000,0,0
benchmarks/satlib/uf100-430/uf100-087.cnf,SAT,0.001,2,0
benchmarks/satlib/uf100-430/uf100-0870.cnf,SAT,0.001,2,0
benchmarks/satlib/uf100-430/uf100-0871.cnf,SAT,0.000,0,0
benchmarks/satlib/uf100-430/uf100-0872.cnf,SAT,0.002,4,0
benchmarks/satlib/uf100-430/uf100-0873.cnf,SAT,0.001,2,0
benchmarks/satlib/uf100-430/uf100-0874.cnf,SAT,0.003,6,0
benchmarks/satlib/uf100-430/uf100-0875.cnf,SAT,0.001,1,0
benchmarks/satlib/uf100-430/uf100-0876.cnf,SAT,0.001,2,0
benchmarks/satlib/uf100-430/uf100-0877.cnf,SAT,0.001,2,0
benchmarks/satlib/uf100-430/uf100-0878.cnf,SAT,0.000,1,0
benchmarks/satlib/uf100-430/uf100-0879.cnf,SAT,0.001,1,0
benchmarks/satlib/uf100-430/uf100-088.cnf,SAT,0.001,4,0
benchmarks/satlib/uf100-430/uf100-0880.cnf,SAT,0.001,3,0
benchmarks/satlib/uf100-430/uf100-0881.cnf,SAT,0.002,4,0
benchmarks/satlib/uf100-430/uf100-0882.cnf,SAT,0.001,3,0
benchmarks/satlib/uf100-430/uf100-0883.cnf,SAT,0.001,2,0
benchmarks/satlib/uf100-430/uf100-0884.cnf,SAT,0.001,2,0
benchmarks/satlib/uf100-430/uf100-0885.cnf,SAT,0.001,3,0
benchmarks/satlib/uf100-430/uf100-0886.cnf,SAT,0.001,1,0
benchmarks/satlib/uf100-430/uf100-0887.cnf,SAT,0.001,2,0
benchmarks/satlib/uf100-430/uf100-0888.cnf,SAT,0.003,6,0
benchmarks/satlib/uf100-430/uf100-0889.cnf,SAT,0.002,5,0
benchmarks/satlib/uf100-430/uf100-089.cnf,SAT,0.002,3,0
benchmarks/satlib/uf100-430/uf100-0890.cnf,SAT,0.000,1,0
benchmarks/satlib/uf100-430/uf100-0891.cnf,SAT,0.001,3,0
benchmarks/satlib/uf100-430/uf100-0892.cnf,SAT,0.001,2,0
benchmarks/satlib/uf100-430/uf100-0893.cnf,SAT,0.001,2,0
benchmarks/satlib/uf100-430/uf100-0894.cnf,SAT,0.001,2,0
benchmarks/satlib/uf100-430/uf100-0895.cnf,SAT,0.001,3,0
benchmarks/satlib/uf100-430/uf100-0896.cnf,SAT,0.002,5,0
benchmarks/satlib/uf100-430/uf100-0897.cnf,SAT,0.001,2,0
benchmarks/satlib/uf100-430/uf100-0898.cnf,SAT,0.000,0,0
benchmarks/satlib/uf100-430/uf100-0899.cnf,SAT,0.002,3,0
benchmarks/satlib/uf100-430/uf100-09.cnf,SAT,0.002,5,0
benchmarks/satlib/uf100-430/uf100-090.cnf,SAT,0.003,6,0
benchmarks/satlib/uf100-430/uf100-0900.cnf,SAT,0.002,5,0
benchmarks/satlib/uf100-430/uf100-0901.cnf,SAT,0.001,2,0
benchmarks/satlib/uf100-430/uf100-0902.cnf,SAT,0.001,1,0
benchmarks/satlib/uf100-430/uf100-0903.cnf,SAT,0.001,2,0
benchmarks/satlib/uf100-430/uf100-0904.cnf,SAT,0.001,2,0
benchmarks/satlib/uf100-430/uf100-0905.cnf,SAT,0.001,1,0
benchmarks/satlib/uf100-430/uf100-0906.cnf,SAT,0.001,3,0
benchmarks/satlib/uf100-430/uf100-0907.cnf,SAT,0.002,4,0
benchmarks/satlib/uf100-430/uf100-0908.cnf,SAT,0.001,2,0
benchmarks/satlib/uf100-430/uf100-0909.cnf,SAT,0.001,2,0
benchmarks/satlib/uf100-430/uf100-091.cnf,SAT,0.001,2,0
benchmarks/satlib/uf100-430/uf100-0910.cnf,SAT,0.004,6,0
benchmarks/satlib/uf100-430/uf100-0911.cnf,SAT,0.000,0,0
benchmarks/satlib/uf100-430/uf100-0912.cnf,SAT,0.003,6,0
benchmarks/satlib/uf100-430/uf100-0913.cnf,SAT,0.001,2,0
benchmarks/satlib/uf100-430/uf100-0914.cnf,SAT,0.000,1,0
benchmarks/satlib/uf100-430/uf100-0915.cnf,SAT,0.001,2,0
benchmarks/satlib/uf100-430/uf100-0916.cnf,SAT,0.001,1,0
benchmarks/satlib/uf100-430/uf100-0917.cnf,SAT,0.002,4,0
benchmarks/satlib/uf100-430/uf100-0918.cnf,SAT,0.001,2,0
benchmarks/satlib/uf100-430/uf100-0919.cnf,SAT,0.001,3,0
benchmarks/satlib/uf100-430/uf100-092.cnf,SAT,0.000,1,0
benchmarks/satlib/uf100-430/uf100-0920.cnf,SAT,0.002,4,0
benchmarks/satlib/uf100-430/uf100-0921.cnf,SAT,0.001,2,0
benchmarks/satlib/uf100-430/uf100-0922.cnf,SAT,0.001,3,0
benchmarks/satlib/uf100-430/uf100-0923.cnf,SAT,0.001,3,0
benchmarks/satlib/uf100-430/uf100-0924.cnf,SAT,0.000,0,0
benchmarks/satlib/uf100-430/uf100-0925.cnf,SAT,0.001,3,0
benchmarks/satlib/uf100-430/uf100-0926.cnf,SAT,0.000,1,0
benchmarks/satlib/uf100-430/uf100-0927.cnf,SAT,0.001,4,0
benchmarks/satlib/uf100-430/uf100-0928.cnf,SAT,0.000,0,0
benchmarks/satlib/uf100-430/uf100-0929.cnf,SAT,0.001,2,0
benchmarks/satlib/uf100-430/uf100-093.cnf,SAT,0.000,0,0
benchmarks/satlib/uf100-430/uf100-0930.cnf,SAT,0.000,0,0
benchmarks/satlib/uf100-430/uf100-0931.cnf,SAT,0.003,6,0
benchmarks/satlib/uf100-430/uf100-0932.cnf,SAT,0.000,0,0
benchmarks/satlib/uf100-430/uf100-0933.cnf,SAT,0.001,2,0
benchmarks/satlib/uf100-430/uf100-0934.cnf,SAT,0.001,3,0
benchmarks/satlib/uf100-430/uf100-0935.cnf,SAT,0.002,4,0
benchmarks/satlib/uf100-430/uf100-0936.cnf,SAT,0.001,1,0
benchmarks/satlib/uf100-430/uf100-0937.cnf,SAT,0.000,0,0
benchmarks/satlib/uf100-430/uf100-0938.cnf,SAT,0.000,1,0
benchmarks/satlib/uf100-430/uf100-0939.cnf,SAT,0.000,0,0
benchmarks/satlib/uf100-430/uf100-094.cnf,SAT,0.001,1,0
benchmarks/satlib/uf100-430/uf100-0940.cnf,SAT,0.001,2,0
benchmarks/satlib/uf100-430/uf100-0941.cnf,SAT,0.001,2,0
benchmarks/satlib/uf100-430/uf100-0942.cnf,SAT,0.002,3,0
benchmarks/satlib/uf100-430/uf100-0943.cnf,SAT,0.001,2,0
benchmarks/satlib/uf100-430/uf100-0944.cnf,SAT,0.002,5,0
benchmarks/satlib/uf100-430/uf100-0945.cnf,SAT,0.000,1,0
benchmarks/satlib/uf100-430/uf100-0946.cnf,SAT,0.001,2,0
benchmarks/satlib/uf100-430/uf100-0947.cnf,SAT,0.000,0,0
benchmarks/satlib/uf100-430/uf100-0948.cnf,SAT,0.000,1,0
benchmarks/satlib/uf100-430/uf100-0949.cnf,SAT,0.001,2,0
benchmarks/satlib/uf100-430/uf100-095.cnf,SAT,0.002,5,0
benchmarks/satlib/uf100-430/uf100-0950.cnf,SAT,0.000,0,0
benchmarks/satlib/uf100-430/uf100-0951.cnf,SAT,0.000,1,0
benchmarks/satlib/uf100-430/uf100-0952.cnf,SAT,0.000,0,0
benchmarks/satlib/uf100-430/uf100-0953.cnf,SAT,0.002,5,0
benchmarks/satlib/uf100-430/uf100-0954.cnf,SAT,0.003,6,0
benchmarks/satlib/uf100-430/uf100-0955.cnf,SAT,0.004,6,0
benchmarks/satlib/uf100-430/uf100-0956.cnf,SAT,0.001,2,0
benchmarks/satlib/uf100-430/uf100-0957.cnf,SAT,0.000,1,0
benchmarks/satlib/uf100-430/uf100-0958.cnf,SAT,0.000,1,0
benchmarks/satlib/uf100-430/uf100-0959.cnf,SAT,0.001,3,0
benchmarks/satlib/uf100-430/uf100-096.cnf,SAT,0.001,3,0
benchmarks/satlib/uf100-430/uf100-0960.cnf,SAT,0.001,2,0
benchmarks/satlib/uf100-430/uf100-0961.cnf,SAT,0.000,1,0
benchmarks/satlib/uf100-430/uf100-0962.cnf,SAT,0.000,1,0
benchmarks/satlib/uf100-430/uf100-0963.cnf,SAT,0.001,3,0
benchmarks/satlib/uf100-430/uf100-0964.cnf,SAT,0.004,6,0
benchmarks/satlib/uf100-430/uf100-0965.cnf,SAT,0.000,1,0
benchmarks/satlib/uf100-430/uf100-0966.cnf,SAT,0.003,6,0
benchmarks/satlib/uf100-430/uf100-0967.cnf,SAT,0.001,2,0
benchmarks/satlib/uf100-430/uf100-0968.cnf,SAT,0.002,4,0
benchmarks/satlib/uf100-430/uf100-0969.cnf,SAT,0.001,2,0
benchmarks/satlib/uf100-430/uf100-097.cnf,SAT,0.001,2,0
benchmarks/satlib/uf100-430/uf100-0970.cnf,SAT,0.001,2,0
benchmarks/satlib/uf100-430/uf100-0971.cnf,SAT,0.000,1,0
benchmarks/satlib/uf100-430/uf100-0972.cnf,SAT,0.000,1,0
benchmarks/satlib/uf100-430/uf100-0973.cnf,SAT,0.000,1,0
benchmarks/satlib/uf100-430/uf100-0974.cnf,SAT,0.000,0,0
benchmarks/satlib/uf100-430/uf100-0975.cnf,SAT,0.001,3,0
benchmarks/satlib/uf100-430/uf100-0976.cnf,SAT,0.001,2,0
benchmarks/satlib/uf100-430/uf100-0977.cnf,SAT,0.001,3,0
benchmarks/satlib/uf100-430/uf100-0978.cnf,SAT,0.001,2,0
benchmarks/satlib/uf100-430/uf100-0979.cnf,SAT,0.000,0,0
benchmarks/satlib/uf100-430/uf100-098.cnf,SAT,0.001,2,0
benchmarks/satlib/uf100-430/uf100-0980.cnf,SAT,0.002,3,0
benchmarks/satlib/uf100-430/uf100-0981.cnf,SAT,0.001,2,0
benchmarks/satlib/uf100-430/uf100-0982.cnf,SAT,0.002,5,0
benchmarks/satlib/uf100-430/uf100-0983.cnf,SAT,0.001,3,0
benchmarks/satlib/uf100-430/uf100-0984.cnf,SAT,0.002,3,0
benchmarks/satlib/uf100-430/uf100-0985.cnf,SAT,0.003,6,0
benchmarks/satlib/uf100-430/uf100-0986.cnf,SAT,0.002,5,0
benchmarks/satlib/uf100-430/uf100-0987.cnf,SAT,0.002,4,0
benchmarks/satlib/uf100-430/uf100-0988.cnf,SAT,0.000,1,0
benchmarks/satlib/uf100-430/uf100-0989.cnf,SAT,0.001,2,0
benchmarks/satlib/uf100-430/uf100-099.cnf,SAT,0.001,2,0
benchmarks/satlib/uf100-430/uf100-0990.cnf,SAT,0.001,2,0
benchmarks/satlib/uf100-430/uf100-0991.cnf,SAT,0.004,6,0
benchmarks/satlib/uf100-430/uf100-0992.cnf,SAT,0.001,1,0
benchmarks/satlib/uf100-430/uf100-0993.cnf,SAT,0.000,1,0
benchmarks/satlib/uf100-430/uf100-0994.cnf,SAT,0.000,0,0
benchmarks/satlib/uf100-430/uf100-0995.cnf,SAT,0.001,2,0
benchmarks/satlib/uf100-430/uf100-0996.cnf,SAT,0.002,3,0
benchmarks/satlib/uf100-430/uf100-0997.cnf,SAT,0.001,2,0
benchmarks/satlib/uf100-430/uf100-0998.cnf,SAT,0.000,1,0
benchmarks/satlib/uf100-430/uf100-0999.cnf,SAT,0.001,3,0
benchmarks/satlib/uf125-538/ai/hoos/Research/SAT/Formulae/UF125.538.100/uf125-01.cnf,SAT,0.001,2,0
benchmarks/satlib/uf125-538/ai/hoos/Research/SAT/Formulae/UF125.538.100/uf125-010.cnf,SAT,0.001,1,0
benchmarks/satlib/uf125-538/ai/hoos/Research/SAT/Formulae/UF125.538.100/uf125-0100.cnf,SAT,0.004,6,0
benchmarks/satlib/uf125-538/ai/hoos/Research/SAT/Formulae/UF125.538.100/uf125-011.cnf,SAT,0.003,5,0
benchmarks/satlib/uf125-538/ai/hoos/Research/SAT/Formulae/UF125.538.100/uf125-012.cnf,SAT,0.003,5,0
benchmarks/satlib/uf125-538/ai/hoos/Research/SAT/Formulae/UF125.538.100/uf125-013.cnf,SAT,0.008,11,0
benchmarks/satlib/uf125-538/ai/hoos/Research/SAT/Formulae/UF125.538.100/uf125-014.cnf,SAT,0.009,13,0
benchmarks/satlib/uf125-538/ai/hoos/Research/SAT/Formulae/UF125.538.100/uf125-015.cnf,SAT,0.001,2,0
benchmarks/satlib/uf125-538/ai/hoos/Research/SAT/Formulae/UF125.538.100/uf125-016.cnf,SAT,0.002,4,0
benchmarks/satlib/uf125-538/ai/hoos/Research/SAT/Formulae/UF125.538.100/uf125-017.cnf,SAT,0.001,3,0
benchmarks/satlib/uf125-538/ai/hoos/Research/SAT/Formulae/UF125.538.100/uf125-018.cnf,SAT,0.004,6,0
benchmarks/satlib/uf125-538/ai/hoos/Research/SAT/Formulae/UF125.538.100/uf125-019.cnf,SAT,0.001,2,0
benchmarks/satlib/uf125-538/ai/hoos/Research/SAT/Formulae/UF125.538.100/uf125-02.cnf,SAT,0.003,6,0
benchmarks/satlib/uf125-538/ai/hoos/Research/SAT/Formulae/UF125.538.100/uf125-020.cnf,SAT,0.001,2,0
benchmarks/satlib/uf125-538/ai/hoos/Research/SAT/Formulae/UF125.538.100/uf125-021.cnf,SAT,0.009,12,0
benchmarks/satlib/uf125-538/ai/hoos/Research/SAT/Formulae/UF125.538.100/uf125-022.cnf,SAT,0.000,1,0
benchmarks/satlib/uf125-538/ai/hoos/Research/SAT/Formulae/UF125.538.100/uf125-023.cnf,SAT,0.003,5,0
benchmarks/satlib/uf125-538/ai/hoos/Research/SAT/Formulae/UF125.538.100/uf125-024.cnf,SAT,0.007,11,0
benchmarks/satlib/uf125-538/ai/hoos/Research/SAT/Formulae/UF125.538.100/uf125-025.cnf,SAT,0.004,6,0
benchmarks/satlib/uf125-538/ai/hoos/Research/SAT/Formulae/UF125.538.100/uf125-026.cnf,SAT,0.009,12,0
benchmarks/satlib/uf125-538/ai/hoos/Research/SAT/Formulae/UF125.538.100/uf125-027.cnf,SAT,0.005,8,0
benchmarks/satlib/uf125-538/ai/hoos/Research/SAT/Formulae/UF125.538.100/uf125-028.cnf,SAT,0.004,6,0
benchmarks/satlib/uf125-538/ai/hoos/Research/SAT/Formulae/UF125.538.100/uf125-029.cnf,SAT,0.001,2,0
benchmarks/satlib/uf125-538/ai/hoos/Research/SAT/Formulae/UF125.538.100/uf125-03.cnf,SAT,0.002,5,0
benchmarks/satlib/uf125-538/ai/hoos/Research/SAT/Formulae/UF125.538.100/uf125-030.cnf,SAT,0.003,6,0
benchmarks/satlib/uf125-538/ai/hoos/Research/SAT/Formulae/UF125.538.100/uf125-031.cnf,SAT,0.002,4,0
benchmarks/satlib/uf125-538/ai/hoos/Research/SAT/Formulae/UF125.538.100/uf125-032.cnf,SAT,0.004,6,0
benchmarks/satlib/uf125-538/ai/hoos/Research/SAT/Formulae/UF125.538.100/uf125-033.cnf,SAT,0.004,6,0
benchmarks/satlib/uf125-538/ai/hoos/Research/SAT/Formulae/UF125.538.100/uf125-034.cnf,SAT,0.001,1,0
benchmarks/satlib/uf125-538/ai/hoos/Research/SAT/Formulae/UF125.538.100/uf125-035.cnf,SAT,0.011,13,0
benchmarks/satlib/uf125-538/ai/hoos/Research/SAT/Formulae/UF125.538.100/uf125-036.cnf,SAT,0.007,11,0
benchmarks/satlib/uf125-538/ai/hoos/Research/SAT/Formulae/UF125.538.100/uf125-037.cnf,SAT,0.005,8,0
benchmarks/satlib/uf125-538/ai/hoos/Research/SAT/Formulae/UF125.538.100/uf125-038.cnf,SAT,0.001,2,0
benchmarks/satlib/uf125-538/ai/hoos/Research/SAT/Formulae/UF125.538.100/uf125-039.cnf,SAT,0.003,6,0
benchmarks/satlib/uf125-538/ai/hoos/Research/SAT/Formulae/UF125.538.100/uf125-04.cnf,SAT,0.003,6,0
benchmarks/satlib/uf125-538/ai/hoos/Research/SAT/Formulae/UF125.538.100/uf125-040.cnf,SAT,0.005,8,0
benchmarks/satlib/uf125-538/ai/hoos/Research/SAT/Formulae/UF125.538.100/uf125-041.cnf,SAT,0.001,2,0
benchmarks/satlib/uf125-538/ai/hoos/Research/SAT/Formulae/UF125.538.100/uf125-042.cnf,SAT,0.000,1,0
benchmarks/satlib/uf125-538/ai/hoos/Research/SAT/Formulae/UF125.538.100/uf125-043.cnf,SAT,0.010,13,0
benchmarks/satlib/uf125-538/ai/hoos/Research/SAT/Formulae/UF125.538.100/uf125-044.cnf,SAT,0.007,9,0
benchmarks/satlib/uf125-538/ai/hoos/Research/SAT/Formulae/UF125.538.100/uf125-045.cnf,SAT,0.018,14,982
benchmarks/satlib/uf125-538/ai/hoos/Research/SAT/Formulae/UF125.538.100/uf125-046.cnf,SAT,0.002,5,0
benchmarks/satlib/uf125-538/ai/hoos/Research/SAT/Formulae/UF125.538.100/uf125-047.cnf,SAT,0.002,3,0
benchmarks/satlib/uf125-538/ai/hoos/Research/SAT/Formulae/UF125.538.100/uf125-048.cnf,SAT,0.011,14,0
benchmarks/satlib/uf125-538/ai/hoos/Research/SAT/Formulae/UF125.538.100/uf125-049.cnf,SAT,0.005,7,0
benchmarks/satlib/uf125-538/ai/hoos/Research/SAT/Formulae/UF125.538.100/uf125-05.cnf,SAT,0.001,2,0
benchmarks/satlib/uf125-538/ai/hoos/Research/SAT/Formulae/UF125.538.100/uf125-050.cnf,SAT,0.002,5,0
benchmarks/satlib/uf125-538/ai/hoos/Research/SAT/Formulae/UF125.538.100/uf125-051.cnf,SAT,0.006,9,0
benchmarks/satlib/uf125-538/ai/hoos/Research/SAT/Formulae/UF125.538.100/uf125-052.cnf,SAT,0.004,6,0
benchmarks/satlib/uf125-538/ai/hoos/Research/SAT/Formulae/UF125.538.100/uf125-053.cnf,SAT,0.002,4,0
benchmarks/satlib/uf125-538/ai/hoos/Research/SAT/Formulae/UF125.538.100/uf125-054.cnf,SAT,0.001,0,0
benchmarks/satlib/uf125-538/ai/hoos/Research/SAT/Formulae/UF125.538.100/uf125-055.cnf,SAT,0.002,4,0
benchmarks/satlib/uf125-538/ai/hoos/Research/SAT/Formulae/UF125.538.100/uf125-056.cnf,SAT,0.001,1,0
benchmarks/satlib/uf125-538/ai/hoos/Research/SAT/Formulae/UF125.538.100/uf125-057.cnf,SAT,0.002,5,0
benchmarks/satlib/uf125-538/ai/hoos/Research/SAT/Formulae/UF125.538.100/uf125-058.cnf,SAT,0.002,4,0
benchmarks/satlib/uf125-538/ai/hoos/Research/SAT/Formulae/UF125.538.100/uf125-059.cnf,SAT,0.001,1,0
benchmarks/satlib/uf125-538/ai/hoos/Research/SAT/Formulae/UF125.538.100/uf125-06.cnf,SAT,0.006,9,0
benchmarks/satlib/uf125-538/ai/hoos/Research/SAT/Formulae/UF125.538.100/uf125-060.cnf,SAT,0.014,14,0
benchmarks/satlib/uf125-538/ai/hoos/Research/SAT/Formulae/UF125.538.100/uf125-061.cnf,SAT,0.002,3,0
benchmarks/satlib/uf125-538/ai/hoos/Research/SAT/Formulae/UF125.538.100/uf125-062.cnf,SAT,0.004,6,0
benchmarks/satlib/uf125-538/ai/hoos/Research/SAT/Formulae/UF125.538.100/uf125-063.cnf,SAT,0.003,6,0
benchmarks/satlib/uf125-538/ai/hoos/Research/SAT/Formulae/UF125.538.100/uf125-064.cnf,SAT,0.004,6,0
benchmarks/satlib/uf125-538/ai/hoos/Research/SAT/Formulae/UF125.538.100/uf125-065.cnf,SAT,0.003,6,0
benchmarks/satlib/uf125-538/ai/hoos/Research/SAT/Formulae/UF125.538.100/uf125-066.cnf,SAT,0.006,9,0
benchmarks/satlib/uf125-538/ai/hoos/Research/SAT/Formulae/UF125.538.100/uf125-067.cnf,SAT,0.006,9,0
benchmarks/satlib/uf125-538/ai/hoos/Research/SAT/Formulae/UF125.538.100/uf125-068.cnf,SAT,0.000,0,0
benchmarks/satlib/uf125-538/ai/hoos/Research/SAT/Formulae/UF125.538.100/uf125-069.cnf,SAT,0.001,2,0
benchmarks/satlib/uf125-538/ai/hoos/Research/SAT/Formulae/UF125.538.100/uf125-07.cnf,SAT,0.001,1,0
benchmarks/satlib/uf125-538/ai/hoos/Research/SAT/Formulae/UF125.538.100/uf125-070.cnf,SAT,0.002,3,0
benchmarks/satlib/uf125-538/ai/hoos/Research/SAT/Formulae/UF125.538.100/uf125-071.cnf,SAT,0.001,2,0
benchmarks/satlib/uf125-538/ai/hoos/Research/SAT/Formulae/UF125.538.100/uf125-072.cnf,SAT,0.005,7,0
benchmarks/satlib/uf125-538/ai/hoos/Research/SAT/Formulae/UF125.538.100/uf125-073.cnf,SAT,0.010,13,0
benchmarks/satlib/uf125-538/ai/hoos/Research/SAT/Formulae/UF125.538.100/uf125-074.cnf,SAT,0.002,3,0
benchmarks/satlib/uf125-538/ai/hoos/Research/SAT/Formulae/UF125.538.100/uf125-075.cnf,SAT,0.001,1,0
benchmarks/satlib/uf125-538/ai/hoos/Research/SAT/Formulae/UF125.538.100/uf125-076.cnf,SAT,0.003,6,0
benchmarks/satlib/uf125-538/ai/hoos/Research/SAT/Formulae/UF125.538.100/uf125-077.cnf,SAT,0.004,6,0
benchmarks/satlib/uf125-538/ai/hoos/Research/SAT/Formulae/UF125.538.100/uf125-078.cnf,SAT,0.002,4,0
benchmarks/satlib/uf125-538/ai/hoos/Research/SAT/Formulae/UF125.538.100/uf125-079.cnf,SAT,0.007,10,0
benchmarks/satlib/uf125-538/ai/hoos/Research/SAT/Formulae/UF125.538.100/uf125-08.cnf,SAT,0.000,0,0
benchmarks/satlib/uf125-538/ai/hoos/Research/SAT/Formulae/UF125.538.100/uf125-080.cnf,SAT,0.001,1,0
benchmarks/satlib/uf125-538/ai/hoos/Research/SAT/Formulae/UF125.538.100/uf125-081.cnf,SAT,0.004,6,0
benchmarks/satlib/uf125-538/ai/hoos/Research/SAT/Formulae/UF125.538.100/uf125-082.cnf,SAT,0.004,6,0
benchmarks/satlib/uf125-538/ai/hoos/Research/SAT/Formulae/UF125.538.100/uf125-083.cnf,SAT,0.006,8,0
benchmarks/satlib/uf125-538/ai/hoos/Research/SAT/Formulae/UF125.538.100/uf125-084.cnf,SAT,0.005,6,0
benchmarks/satlib/uf125-538/ai/hoos/Research/SAT/Formulae/UF125.538.100/uf125-085.cnf,SAT,0.004,6,0
benchmarks/satlib/uf125-538/ai/hoos/Research/SAT/Formulae/UF125.538.100/uf125-086.cnf,SAT,0.009,13,0
benchmarks/satlib/uf125-538/ai/hoos/Research/SAT/Formulae/UF125.538.100/uf125-087.cnf,SAT,0.001,2,0
benchmarks/satlib/uf125-538/ai/hoos/Research/SAT/Formulae/UF125.538.100/uf125-088.cnf,SAT,0.005,6,0
benchmarks/satlib/uf125-538/ai/hoos/Research/SAT/Formulae/UF125.538.100/uf125-089.cnf,SAT,0.005,6,0
benchmarks/satlib/uf125-538/ai/hoos/Research/SAT/Formulae/UF125.538.100/uf125-09.cnf,SAT,0.002,5,0
benchmarks/satlib/uf125-538/ai/hoos/Research/SAT/Formulae/UF125.538.100/uf125-090.cnf,SAT,0.002,4,0
benchmarks/satlib/uf125-538/ai/hoos/Research/SAT/Formulae/UF125.538.100/uf125-091.cnf,SAT,0.004,6,0
benchmarks/satlib/uf125-538/ai/hoos/Research/SAT/Formulae/UF125.538.100/uf125-092.cnf,SAT,0.002,4,0
benchmarks/satlib/uf125-538/ai/hoos/Research/SAT/Formulae/UF125.538.100/uf125-093.cnf,SAT,0.005,7,0
benchmarks/satlib/uf125-538/ai/hoos/Research/SAT/Formulae/UF125.538.100/uf125-094.cnf,SAT,0.007,10,0
benchmarks/satlib/uf125-538/ai/hoos/Research/SAT/Formulae/UF125.538.100/uf125-095.cnf,SAT,0.008,11,0
benchmarks/satlib/uf125-538/ai/hoos/Research/SAT/Formulae/UF125.538.100/uf125-096.cnf,SAT,0.002,4,0
benchmarks/satlib/uf125-538/ai/hoos/Research/SAT/Formulae/UF125.538.100/uf125-097.cnf,SAT,0.002,4,0
benchmarks/satlib/uf125-538/ai/hoos/Research/SAT/Formulae/UF125.538.100/uf125-098.cnf,SAT,0.001,2,0
benchmarks/satlib/uf125-538/ai/hoos/Research/SAT/Formulae/UF125.538.100/uf125-099.cnf,SAT,0.002,3,0
benchmarks/satlib/uf150-645/ai/hoos/Research/SAT/Formulae/UF150.645.100/uf150-01.cnf,SAT,0.006,9,0
benchmarks/satlib/uf150-645/ai/hoos/Research/SAT/Formulae/UF150.645.100/uf150-010.cnf,SAT,0.013,13,0
benchmarks/satlib/uf150-645/ai/hoos/Research/SAT/Formulae/UF150.645.100/uf150-0100.cnf,SAT,0.003,6,0
benchmarks/satlib/uf150-645/ai/hoos/Research/SAT/Formulae/UF150.645.100/uf150-011.cnf,SAT,0.001,1,0
benchmarks/satlib/uf150-645/ai/hoos/Research/SAT/Formulae/UF150.645.100/uf150-012.cnf,SAT,0.030,27,987
benchmarks/satlib/uf150-645/ai/hoos/Research/SAT/Formulae/UF150.645.100/uf150-013.cnf,SAT,0.001,2,0
benchmarks/satlib/uf150-645/ai/hoos/Research/SAT/Formulae/UF150.645.100/uf150-014.cnf,SAT,0.012,13,0
benchmarks/satlib/uf150-645/ai/hoos/Research/SAT/Formulae/UF150.645.100/uf150-015.cnf,SAT,0.027,23,986
benchmarks/satlib/uf150-645/ai/hoos/Research/SAT/Formulae/UF150.645.100/uf150-016.cnf,SAT,0.005,8,0
benchmarks/satlib/uf150-645/ai/hoos/Research/SAT/Formulae/UF150.645.100/uf150-017.cnf,SAT,0.005,6,0
benchmarks/satlib/uf150-645/ai/hoos/Research/SAT/Formulae/UF150.645.100/uf150-018.cnf,SAT,0.001,1,0
benchmarks/satlib/uf150-645/ai/hoos/Research/SAT/Formulae/UF150.645.100/uf150-019.cnf,SAT,0.012,13,0
benchmarks/satlib/uf150-645/ai/hoos/Research/SAT/Formulae/UF150.645.100/uf150-02.cnf,SAT,0.022,20,986
benchmarks/satlib/uf150-645/ai/hoos/Research/SAT/Formulae/UF150.645.100/uf150-020.cnf,SAT,0.003,5,0
benchmarks/satlib/uf150-645/ai/hoos/Research/SAT/Formulae/UF150.645.100/uf150-021.cnf,SAT,0.010,13,0
benchmarks/satlib/uf150-645/ai/hoos/Research/SAT/Formulae/UF150.645.100/uf150-022.cnf,SAT,0.010,12,0
benchmarks/satlib/uf150-645/ai/hoos/Research/SAT/Formulae/UF150.645.100/uf150-023.cnf,SAT,0.015,14,0
benchmarks/satlib/uf150-645/ai/hoos/Research/SAT/Formulae/UF150.645.100/uf150-024.cnf,SAT,0.004,6,0
benchmarks/satlib/uf150-645/ai/hoos/Research/SAT/Formulae/UF150.645.100/uf150-025.cnf,SAT,0.003,6,0
benchmarks/satlib/uf150-645/ai/hoos/Research/SAT/Formulae/UF150.645.100/uf150-026.cnf,SAT,0.012,13,0
benchmarks/satlib/uf150-645/ai/hoos/Research/SAT/Formulae/UF150.645.100/uf150-027.cnf,SAT,0.017,16,980
benchmarks/satlib/uf150-645/ai/hoos/Research/SAT/Formulae/UF150.645.100/uf150-028.cnf,SAT,0.038,29,2122
benchmarks/satlib/uf150-645/ai/hoos/Research/SAT/Formulae/UF150.645.100/uf150-029.cnf,SAT,0.011,13,0
benchmarks/satlib/uf150-645/ai/hoos/Research/SAT/Formulae/UF150.645.100/uf150-03.cnf,SAT,0.007,9,0
benchmarks/satlib/uf150-645/ai/hoos/Research/SAT/Formulae/UF150.645.100/uf150-030.cnf,SAT,0.000,0,0
benchmarks/satlib/uf150-645/ai/hoos/Research/SAT/Formulae/UF150.645.100/uf150-031.cnf,SAT,0.029,27,988
benchmarks/satlib/uf150-645/ai/hoos/Research/SAT/Formulae/UF150.645.100/uf150-032.cnf,SAT,0.017,14,982
benchmarks/satlib/uf150-645/ai/hoos/Research/SAT/Formulae/UF150.645.100/uf150-033.cnf,SAT,0.021,17,987
benchmarks/satlib/uf150-645/ai/hoos/Research/SAT/Formulae/UF150.645.100/uf150-034.cnf,SAT,0.006,7,0
benchmarks/satlib/uf150-645/ai/hoos/Research/SAT/Formulae/UF150.645.100/uf150-035.cnf,SAT,0.012,14,0
benchmarks/satlib/uf150-645/ai/hoos/Research/SAT/Formulae/UF150.645.100/uf150-036.cnf,SAT,0.011,13,0
benchmarks/satlib/uf150-645/ai/hoos/Research/SAT/Formulae/UF150.645.100/uf150-037.cnf,SAT,0.006,9,0
benchmarks/satlib/uf150-645/ai/hoos/Research/SAT/Formulae/UF150.645.100/uf150-038.cnf,SAT,0.010,13,0
benchmarks/satlib/uf150-645/ai/hoos/Research/SAT/Formulae/UF150.645.100/uf150-039.cnf,SAT,0.009,12,0
benchmarks/satlib/uf150-645/ai/hoos/Research/SAT/Formulae/UF150.645.100/uf150-04.cnf,SAT,0.036,29,2122
benchmarks/satlib/uf150-645/ai/hoos/Research/SAT/Formulae/UF150.645.100/uf150-040.cnf,SAT,0.004,6,0
benchmarks/satlib/uf150-645/ai/hoos/Research/SAT/Formulae/UF150.645.100/uf150-041.cnf,SAT,0.005,6,0
benchmarks/satlib/uf150-645/ai/hoos/Research/SAT/Formulae/UF150.645.100/uf150-042.cnf,SAT,0.002,4,0
benchmarks/satlib/uf150-645/ai/hoos/Research/SAT/Formulae/UF150.645.100/uf150-043.cnf,SAT,0.029,23,986
benchmarks/satlib/uf150-645/ai/hoos/Research/SAT/Formulae/UF150.645.100/uf150-044.cnf,SAT,0.009,12,0
benchmarks/satlib/uf150-645/ai/hoos/Research/SAT/Formulae/UF150.645.100/uf150-045.cnf,SAT,0.009,13,0
benchmarks/satlib/uf150-645/ai/hoos/Research/SAT/Formulae/UF150.645.100/uf150-046.cnf,SAT,0.019,17,991
benchmarks/satlib/uf150-645/ai/hoos/Research/SAT/Formulae/UF150.645.100/uf150-047.cnf,SAT,0.000,0,0
benchmarks/satlib/uf150-645/ai/hoos/Research/SAT/Formulae/UF150.645.100/uf150-048.cnf,SAT,0.002,5,0
benchmarks/satlib/uf150-645/ai/hoos/Research/SAT/Formulae/UF150.645.100/uf150-049.cnf,SAT,0.017,14,0
benchmarks/satlib/uf150-645/ai/hoos/Research/SAT/Formulae/UF150.645.100/uf150-05.cnf,SAT,0.011,13,0
benchmarks/satlib/uf150-645/ai/hoos/Research/SAT/Formulae/UF150.645.100/uf150-050.cnf,SAT,0.028,23,989
benchmarks/satlib/uf150-645/ai/hoos/Research/SAT/Formulae/UF150.645.100/uf150-051.cnf,SAT,0.022,21,987
benchmarks/satlib/uf150-645/ai/hoos/Research/SAT/Formulae/UF150.645.100/uf150-052.cnf,SAT,0.006,9,0
benchmarks/satlib/uf150-645/ai/hoos/Research/SAT/Formulae/UF150.645.100/uf150-053.cnf,SAT,0.021,19,986
benchmarks/satlib/uf150-645/ai/hoos/Research/SAT/Formulae/UF150.645.100/uf150-054.cnf,SAT,0.006,7,0
benchmarks/satlib/uf150-645/ai/hoos/Research/SAT/Formulae/UF150.645.100/uf150-055.cnf,SAT,0.012,13,0
benchmarks/satlib/uf150-645/ai/hoos/Research/SAT/Formulae/UF150.645.100/uf150-056.cnf,SAT,0.020,17,983
benchmarks/satlib/uf150-645/ai/hoos/Research/SAT/Formulae/UF150.645.100/uf150-057.cnf,SAT,0.001,1,0
benchmarks/satlib/uf150-645/ai/hoos/Research/SAT/Formulae/UF150.645.100/uf150-058.cnf,SAT,0.007,9,0
benchmarks/satlib/uf150-645/ai/hoos/Research/SAT/Formulae/UF150.645.100/uf150-059.cnf,SAT,0.018,14,0
benchmarks/satlib/uf150-645/ai/hoos/Research/SAT/Formulae/UF150.645.100/uf150-06.cnf,SAT,0.000,0,0
benchmarks/satlib/uf150-645/ai/hoos/Research/SAT/Formulae/UF150.645.100/uf150-060.cnf,SAT,0.002,3,0
benchmarks/satlib/uf150-645/ai/hoos/Research/SAT/Formulae/UF150.645.100/uf150-061.cnf,SAT,0.026,17,986
benchmarks/satlib/uf150-645/ai/hoos/Research/SAT/Formulae/UF150.645.100/uf150-062.cnf,SAT,0.027,20,977
benchmarks/satlib/uf150-645/ai/hoos/Research/SAT/Formulae/UF150.645.100/uf150-063.cnf,SAT,0.051,30,2118
benchmarks/satlib/uf150-645/ai/hoos/Research/SAT/Formulae/UF150.645.100/uf150-064.cnf,SAT,0.028,18,989
benchmarks/satlib/uf150-645/ai/hoos/Research/SAT/Formulae/UF150.645.100/uf150-065.cnf,SAT,0.038,24,984
benchmarks/satlib/uf150-645/ai/hoos/Research/SAT/Formulae/UF150.645.100/uf150-066.cnf,SAT,0.017,14,0
benchmarks/satlib/uf150-645/ai/hoos/Research/SAT/Formulae/UF150.645.100/uf150-067.cnf,SAT,0.009,9,0
benchmarks/satlib/uf150-645/ai/hoos/Research/SAT/Formulae/UF150.645.100/uf150-068.cnf,SAT,0.017,14,0
benchmarks/satlib/uf150-645/ai/hoos/Research/SAT/Formulae/UF150.645.100/uf150-069.cnf,SAT,0.008,8,0
benchmarks/satlib/uf150-645/ai/hoos/Research/SAT/Formulae/UF150.645.100/uf150-07.cnf,SAT,0.014,13,0
benchmarks/satlib/uf150-645/ai/hoos/Research/SAT/Formulae/UF150.645.100/uf150-070.cnf,SAT,0.002,2,0
benchmarks/satlib/uf150-645/ai/hoos/Research/SAT/Formulae/UF150.645.100/uf150-071.cnf,SAT,0.002,2,0
benchmarks/satlib/uf150-645/ai/hoos/Research/SAT/Formulae/UF150.645.100/uf150-072.cnf,SAT,0.014,13,0
benchmarks/satlib/uf150-645/ai/hoos/Research/SAT/Formulae/UF150.645.100/uf150-073.cnf,SAT,0.002,3,0
benchmarks/satlib/uf150-645/ai/hoos/Research/SAT/Formulae/UF150.645.100/uf150-074.cnf,SAT,0.001,2,0
benchmarks/satlib/uf150-645/ai/hoos/Research/SAT/Formulae/UF150.645.100/uf150-075.cnf,SAT,0.002,3,0
benchmarks/satlib/uf150-645/ai/hoos/Research/SAT/Formulae/UF150.645.100/uf150-076.cnf,SAT,0.002,2,0
benchmarks/satlib/uf150-645/ai/hoos/Research/SAT/Formulae/UF150.645.100/uf150-077.cnf,SAT,0.023,14,988
benchmarks/satlib/uf150-645/ai/hoos/Research/SAT/Formulae/UF150.645.100/uf150-078.cnf,SAT,0.021,14,0
benchmarks/satlib/uf150-645/ai/hoos/Research/SAT/Formulae/UF150.645.100/uf150-079.cnf,SAT,0.065,30,3397
benchmarks/satlib/uf150-645/ai/hoos/Research/SAT/Formulae/UF150.645.100/uf150-08.cnf,SAT,0.001,2,0
benchmarks/satlib/uf150-645/ai/hoos/Research/SAT/Formulae/UF150.645.100/uf150-080.cnf,SAT,0.032,20,987
benchmarks/satlib/uf150-645/ai/hoos/Research/SAT/Formulae/UF150.645.100/uf150-081.cnf,SAT,0.023,14,984
benchmarks/satlib/uf150-645/ai/hoos/Research/SAT/Formulae/UF150.645.100/uf150-082.cnf,SAT,0.005,6,0
benchmarks/satlib/uf150-645/ai/hoos/Research/SAT/Formulae/UF150.645.100/uf150-083.cnf,SAT,0.006,6,0
benchmarks/satlib/uf150-645/ai/hoos/Research/SAT/Formulae/UF150.645.100/uf150-084.cnf,SAT,0.001,1,0
benchmarks/satlib/uf150-645/ai/hoos/Research/SAT/Formulae/UF150.645.100/uf150-085.cnf,SAT,0.008,9,0
benchmarks/satlib/uf150-645/ai/hoos/Research/SAT/Formulae/UF150.645.100/uf150-086.cnf,SAT,0.004,5,0
benchmarks/satlib/uf150-645/ai/hoos/Research/SAT/Formulae/UF150.645.100/uf150-087.cnf,SAT,0.001,1,0
benchmarks/satlib/uf150-645/ai/hoos/Research/SAT/Formulae/UF150.645.100/uf150-088.cnf,SAT,0.007,6,0
benchmarks/satlib/uf150-645/ai/hoos/Research/SAT/Formulae/UF150.645.100/uf150-089.cnf,SAT,0.008,9,0
benchmarks/satlib/uf150-645/ai/hoos/Research/SAT/Formulae/UF150.645.100/uf150-09.cnf,SAT,0.016,14,0
benchmarks/satlib/uf150-645/ai/hoos/Research/SAT/Formulae/UF150.645.100/uf150-090.cnf,SAT,0.018,14,0
benchmarks/satlib/uf150-645/ai/hoos/Research/SAT/Formulae/UF150.645.100/uf150-091.cnf,SAT,0.050,29,2120
benchmarks/satlib/uf150-645/ai/hoos/Research/SAT/Formulae/UF150.645.100/uf150-092.cnf,SAT,0.008,8,0
benchmarks/satlib/uf150-645/ai/hoos/Research/SAT/Formulae/UF150.645.100/uf150-093.cnf,SAT,0.001,2,0
benchmarks/satlib/uf150-645/ai/hoos/Research/SAT/Formulae/UF150.645.100/uf150-094.cnf,SAT,0.011,12,0
benchmarks/satlib/uf150-645/ai/hoos/Research/SAT/Formulae/UF150.645.100/uf150-095.cnf,SAT,0.034,24,980
benchmarks/satlib/uf150-645/ai/hoos/Research/SAT/Formulae/UF150.645.100/uf150-096.cnf,SAT,0.019,14,0
benchmarks/satlib/uf150-645/ai/hoos/Research/SAT/Formulae/UF150.645.100/uf150-097.cnf,SAT,0.005,6,0
benchmarks/satlib/uf150-645/ai/hoos/Research/SAT/Formulae/UF150.645.100/uf150-098.cnf,SAT,0.003,4,0
benchmarks/satlib/uf150-645/ai/hoos/Research/SAT/Formulae/UF150.645.100/uf150-099.cnf,SAT,0.027,18,984
benchmarks/satlib/uf175-753/ai/hoos/Research/SAT/Formulae/UF175.753.100/uf175-01.cnf,SAT,0.052,29,2122
benchmarks/satlib/uf175-753/ai/hoos/Research/SAT/Formulae/UF175.753.100/uf175-010.cnf,SAT,0.008,7,0
benchmarks/satlib/uf175-753/ai/hoos/Research/SAT/Formulae/UF175.753.100/uf175-0100.cnf,SAT,0.010,9,0
benchmarks/satlib/uf175-753/ai/hoos/Research/SAT/Formulae/UF175.753.100/uf175-011.cnf,SAT,0.020,14,0
benchmarks/satlib/uf175-753/ai/hoos/Research/SAT/Formulae/UF175.753.100/uf175-012.cnf,SAT,0.025,17,990
benchmarks/satlib/uf175-753/ai/hoos/Research/SAT/Formulae/UF175.753.100/uf175-013.cnf,SAT,0.078,33,3415
benchmarks/satlib/uf175-753/ai/hoos/Research/SAT/Formulae/UF175.753.100/uf175-014.cnf,SAT,0.019,14,0
benchmarks/satlib/uf175-753/ai/hoos/Research/SAT/Formulae/UF175.753.100/uf175-015.cnf,SAT,0.019,14,0
benchmarks/satlib/uf175-753/ai/hoos/Research/SAT/Formulae/UF175.753.100/uf175-016.cnf,SAT,0.056,29,2115
benchmarks/satlib/uf175-753/ai/hoos/Research/SAT/Formulae/UF175.753.100/uf175-017.cnf,SAT,0.028,17,987
benchmarks/satlib/uf175-753/ai/hoos/Research/SAT/Formulae/UF175.753.100/uf175-018.cnf,SAT,0.003,4,0
benchmarks/satlib/uf175-753/ai/hoos/Research/SAT/Formulae/UF175.753.100/uf175-019.cnf,SAT,0.020,14,0
benchmarks/satlib/uf175-753/ai/hoos/Research/SAT/Formulae/UF175.753.100/uf175-02.cnf,SAT,0.067,30,3391
benchmarks/satlib/uf175-753/ai/hoos/Research/SAT/Formulae/UF175.753.100/uf175-020.cnf,SAT,0.015,13,0
benchmarks/satlib/uf175-753/ai/hoos/Research/SAT/Formulae/UF175.753.100/uf175-021.cnf,SAT,0.054,30,2111
benchmarks/satlib/uf175-753/ai/hoos/Research/SAT/Formulae/UF175.753.100/uf175-022.cnf,SAT,0.002,2,0
benchmarks/satlib/uf175-753/ai/hoos/Research/SAT/Formulae/UF175.753.100/uf175-023.cnf,SAT,0.026,15,988
benchmarks/satlib/uf175-753/ai/hoos/Research/SAT/Formulae/UF175.753.100/uf175-024.cnf,SAT,0.139,60,6410
benchmarks/satlib/uf175-753/ai/hoos/Research/SAT/Formulae/UF175.753.100/uf175-025.cnf,SAT,0.008,7,0
benchmarks/satlib/uf175-753/ai/hoos/Research/SAT/Formulae/UF175.753.100/uf175-026.cnf,SAT,0.021,14,0
benchmarks/satlib/uf175-753/ai/hoos/Research/SAT/Formulae/UF175.753.100/uf175-027.cnf,SAT,0.076,33,3404
benchmarks/satlib/uf175-753/ai/hoos/Research/SAT/Formulae/UF175.753.100/uf175-028.cnf,SAT,0.070,30,3396
benchmarks/satlib/uf175-753/ai/hoos/Research/SAT/Formulae/UF175.753.100/uf175-029.cnf,SAT,0.021,14,0
benchmarks/satlib/uf175-753/ai/hoos/Research/SAT/Formulae/UF175.753.100/uf175-03.cnf,SAT,0.087,38,3404
benchmarks/satlib/uf175-753/ai/hoos/Research/SAT/Formulae/UF175.753.100/uf175-030.cnf,SAT,0.071,30,3417
benchmarks/satlib/uf175-753/ai/hoos/Research/SAT/Formulae/UF175.753.100/uf175-031.cnf,SAT,0.035,21,984
benchmarks/satlib/uf175-753/ai/hoos/Research/SAT/Formulae/UF175.753.100/uf175-032.cnf,SAT,0.064,30,2120
benchmarks/satlib/uf175-753/ai/hoos/Research/SAT/Formulae/UF175.753.100/uf175-033.cnf,SAT,0.040,25,989
benchmarks/satlib/uf175-753/ai/hoos/Research/SAT/Formulae/UF175.753.100/uf175-034.cnf,SAT,0.049,29,2125
benchmarks/satlib/uf175-753/ai/hoos/Research/SAT/Formulae/UF175.753.100/uf175-035.cnf,SAT,0.025,14,985
benchmarks/satlib/uf175-753/ai/hoos/Research/SAT/Formulae/UF175.753.100/uf175-036.cnf,SAT,0.258,81,11975
benchmarks/satlib/uf175-753/ai/hoos/Research/SAT/Formulae/UF175.753.100/uf175-037.cnf,SAT,0.103,45,4834
benchmarks/satlib/uf175-753/ai/hoos/Research/SAT/Formulae/UF175.753.100/uf175-038.cnf,SAT,0.046,29,2123
benchmarks/satlib/uf175-753/ai/hoos/Research/SAT/Formulae/UF175.753.100/uf175-039.cnf,SAT,0.002,2,0
benchmarks/satlib/uf175-753/ai/hoos/Research/SAT/Formulae/UF175.753.100/uf175-04.cnf,SAT,0.005,6,0
benchmarks/satlib/uf175-753/ai/hoos/Research/SAT/Formulae/UF175.753.100/uf175-040.cnf,SAT,0.190,62,9984
benchmarks/satlib/uf175-753/ai/hoos/Research/SAT/Formulae/UF175.753.100/uf175-041.cnf,SAT,0.069,32,3397
benchmarks/satlib/uf175-753/ai/hoos/Research/SAT/Formulae/UF175.753.100/uf175-042.cnf,SAT,0.064,30,2128
benchmarks/satlib/uf175-753/ai/hoos/Research/SAT/Formulae/UF175.753.100/uf175-043.cnf,SAT,0.061,30,2124
benchmarks/satlib/uf175-753/ai/hoos/Research/SAT/Formulae/UF175.753.100/uf175-044.cnf,SAT,0.029,14,0
benchmarks/satlib/uf175-753/ai/hoos/Research/SAT/Formulae/UF175.753.100/uf175-045.cnf,SAT,0.018,14,0
benchmarks/satlib/uf175-753/ai/hoos/Research/SAT/Formulae/UF175.753.100/uf175-046.cnf,SAT,0.052,29,2106
benchmarks/satlib/uf175-753/ai/hoos/Research/SAT/Formulae/UF175.753.100/uf175-047.cnf,SAT,0.082,33,3394
benchmarks/satlib/uf175-753/ai/hoos/Research/SAT/Formulae/UF175.753.100/uf175-048.cnf,SAT,0.072,30,3393
benchmarks/satlib/uf175-753/ai/hoos/Research/SAT/Formulae/UF175.753.100/uf175-049.cnf,SAT,0.047,28,2124
benchmarks/satlib/uf175-753/ai/hoos/Research/SAT/Formulae/UF175.753.100/uf175-05.cnf,SAT,0.023,14,0
benchmarks/satlib/uf175-753/ai/hoos/Research/SAT/Formulae/UF175.753.100/uf175-050.cnf,SAT,0.051,29,2123
benchmarks/satlib/uf175-753/ai/hoos/Research/SAT/Formulae/UF175.753.100/uf175-051.cnf,SAT,0.057,30,2125
benchmarks/satlib/uf175-753/ai/hoos/Research/SAT/Formulae/UF175.753.100/uf175-052.cnf,SAT,0.030,19,985
benchmarks/satlib/uf175-753/ai/hoos/Research/SAT/Formulae/UF175.753.100/uf175-053.cnf,SAT,0.045,28,2115
benchmarks/satlib/uf175-753/ai/hoos/Research/SAT/Formulae/UF175.753.100/uf175-054.cnf,SAT,0.145,60,6392
benchmarks/satlib/uf175-753/ai/hoos/Research/SAT/Formulae/UF175.753.100/uf175-055.cnf,SAT,0.088,40,3412
benchmarks/satlib/uf175-753/ai/hoos/Research/SAT/Formulae/UF175.753.100/uf175-056.cnf,SAT,0.068,30,3388
benchmarks/satlib/uf175-753/ai/hoos/Research/SAT/Formulae/UF175.753.100/uf175-057.cnf,SAT,0.011,11,0
benchmarks/satlib/uf175-753/ai/hoos/Research/SAT/Formulae/UF175.753.100/uf175-058.cnf,SAT,0.074,33,3396
benchmarks/satlib/uf175-753/ai/hoos/Research/SAT/Formulae/UF175.753.100/uf175-059.cnf,SAT,0.133,60,6380
benchmarks/satlib/uf175-753/ai/hoos/Research/SAT/Formulae/UF175.753.100/uf175-06.cnf,SAT,0.067,30,2126
benchmarks/satlib/uf175-753/ai/hoos/Research/SAT/Formulae/UF175.753.100/uf175-060.cnf,SAT,0.001,2,0
benchmarks/satlib/uf175-753/ai/hoos/Research/SAT/Formulae/UF175.753.100/uf175-061.cnf,SAT,0.141,61,6411
benchmarks/satlib/uf175-753/ai/hoos/Research/SAT/Formulae/UF175.753.100/uf175-062.cnf,SAT,0.052,29,2122
benchmarks/satlib/uf175-753/ai/hoos/Research/SAT/Formulae/UF175.753.100/uf175-063.cnf,SAT,0.028,17,992
benchmarks/satlib/uf175-753/ai/hoos/Research/SAT/Formulae/UF175.753.100/uf175-064.cnf,SAT,0.023,14,0
benchmarks/satlib/uf175-753/ai/hoos/Research/SAT/Formulae/UF175.753.100/uf175-065.cnf,SAT,0.011,11,0
benchmarks/satlib/uf175-753/ai/hoos/Research/SAT/Formulae/UF175.753.100/uf175-066.cnf,SAT,0.073,32,3398
benchmarks/satlib/uf175-753/ai/hoos/Research/SAT/Formulae/UF175.753.100/uf175-067.cnf,SAT,0.119,54,6397
benchmarks/satlib/uf175-753/ai/hoos/Research/SAT/Formulae/UF175.753.100/uf175-068.cnf,SAT,0.004,5,0
benchmarks/satlib/uf175-753/ai/hoos/Research/SAT/Formulae/UF175.753.100/uf175-069.cnf,SAT,0.007,6,0
benchmarks/satlib/uf175-753/ai/hoos/Research/SAT/Formulae/UF175.753.100/uf175-07.cnf,SAT,0.060,30,2120
benchmarks/satlib/uf175-753/ai/hoos/Research/SAT/Formulae/UF175.753.100/uf175-070.cnf,SAT,0.017,14,0
benchmarks/satlib/uf175-753/ai/hoos/Research/SAT/Formulae/UF175.753.100/uf175-071.cnf,SAT,0.003,4,0
benchmarks/satlib/uf175-753/ai/hoos/Research/SAT/Formulae/UF175.753.100/uf175-072.cnf,SAT,0.002,2,0
benchmarks/satlib/uf175-753/ai/hoos/Research/SAT/Formulae/UF175.753.100/uf175-073.cnf,SAT,0.043,27,982
benchmarks/satlib/uf175-753/ai/hoos/Research/SAT/Formulae/UF175.753.100/uf175-074.cnf,SAT,0.019,14,0
benchmarks/satlib/uf175-753/ai/hoos/Research/SAT/Formulae/UF175.753.100/uf175-075.cnf,SAT,0.170,62,8120
benchmarks/satlib/uf175-753/ai/hoos/Research/SAT/Formulae/UF175.753.100/uf175-076.cnf,SAT,0.064,30,3391
benchmarks/satlib/uf175-753/ai/hoos/Research/SAT/Formulae/UF175.753.100/uf175-077.cnf,SAT,0.092,43,4804
benchmarks/satlib/uf175-753/ai/hoos/Research/SAT/Formulae/UF175.753.100/uf175-078.cnf,SAT,0.009,8,0
benchmarks/satlib/uf175-753/ai/hoos/Research/SAT/Formulae/UF175.753.100/uf175-079.cnf,SAT,0.095,44,4818
benchmarks/satlib/uf175-753/ai/hoos/Research/SAT/Formulae/UF175.753.100/uf175-08.cnf,SAT,0.042,25,988
benchmarks/satlib/uf175-753/ai/hoos/Research/SAT/Formulae/UF175.753.100/uf175-080.cnf,SAT,0.002,2,0
benchmarks/satlib/uf175-753/ai/hoos/Research/SAT/Formulae/UF175.753.100/uf175-081.cnf,SAT,0.073,33,3402
benchmarks/satlib/uf175-753/ai/hoos/Research/SAT/Formulae/UF175.753.100/uf175-082.cnf,SAT,0.176,62,8131
benchmarks/satlib/uf175-753/ai/hoos/Research/SAT/Formulae/UF175.753.100/uf175-083.cnf,SAT,0.005,6,0
benchmarks/satlib/uf175-753/ai/hoos/Research/SAT/Formulae/UF175.753.100/uf175-084.cnf,SAT,0.150,61,6414
benchmarks/satlib/uf175-753/ai/hoos/Research/SAT/Formulae/UF175.753.100/uf175-085.cnf,SAT,0.114,51,4821
benchmarks/satlib/uf175-753/ai/hoos/Research/SAT/Formulae/UF175.753.100/uf175-086.cnf,SAT,0.013,12,0
benchmarks/satlib/uf175-753/ai/hoos/Research/SAT/Formulae/UF175.753.100/uf175-087.cnf,SAT,0.009,9,0
benchmarks/satlib/uf175-753/ai/hoos/Research/SAT/Formulae/UF175.753.100/uf175-088.cnf,SAT,0.002,2,0
benchmarks/satlib/uf175-753/ai/hoos/Research/SAT/Formulae/UF175.753.100/uf175-089.cnf,SAT,0.027,17,989
benchmarks/satlib/uf175-753/ai/hoos/Research/SAT/Formulae/UF175.753.100/uf175-09.cnf,SAT,0.100,45,4820
benchmarks/satlib/uf175-753/ai/hoos/Research/SAT/Formulae/UF175.753.100/uf175-090.cnf,SAT,0.000,0,0
benchmarks/satlib/uf175-753/ai/hoos/Research/SAT/Formulae/UF175.753.100/uf175-091.cnf,SAT,0.059,30,2123
benchmarks/satlib/uf175-753/ai/hoos/Research/SAT/Formulae/UF175.753.100/uf175-092.cnf,SAT,0.120,52,4840
benchmarks/satlib/uf175-753/ai/hoos/Research/SAT/Formulae/UF175.753.100/uf175-093.cnf,SAT,0.015,13,0
benchmarks/satlib/uf175-753/ai/hoos/Research/SAT/Formulae/UF175.753.100/uf175-094.cnf,SAT,0.077,36,3396
benchmarks/satlib/uf175-753/ai/hoos/Research/SAT/Formulae/UF175.753.100/uf175-095.cnf,SAT,0.058,30,2121
benchmarks/satlib/uf175-753/ai/hoos/Research/SAT/Formulae/UF175.753.100/uf175-096.cnf,SAT,0.027,18,985
benchmarks/satlib/uf175-753/ai/hoos/Research/SAT/Formulae/UF175.753.100/uf175-097.cnf,SAT,0.053,29,2123
benchmarks/satlib/uf175-753/ai/hoos/Research/SAT/Formulae/UF175.753.100/uf175-098.cnf,SAT,0.057,30,2124
benchmarks/satlib/uf175-753/ai/hoos/Research/SAT/Formulae/UF175.753.100/uf175-099.cnf,SAT,0.033,20,991
benchmarks/satlib/uf20-91/uf20-01.cnf,SAT,0.000,0,0
benchmarks/satlib/uf20-91/uf20-010.cnf,SAT,0.000,0,0
benchmarks/satlib/uf20-91/uf20-0100.cnf,SAT,0.000,0,0
benchmarks/satlib/uf20-91/uf20-01000.cnf,SAT,0.000,0,0
benchmarks/satlib/uf20-91/uf20-0101.cnf,SAT,0.000,0,0
benchmarks/satlib/uf20-91/uf20-0102.cnf,SAT,0.000,0,0
benchmarks/satlib/uf20-91/uf20-0103.cnf,SAT,0.000,0,0
benchmarks/satlib/uf20-91/uf20-0104.cnf,SAT,0.000,0,0
benchmarks/satlib/uf20-91/uf20-0105.cnf,SAT,0.000,0,0
benchmarks/satlib/uf20-91/uf20-0106.cnf,SAT,0.000,0,0
benchmarks/satlib/uf20-91/uf20-0107.cnf,SAT,0.000,0,0
benchmarks/satlib/uf20-91/uf20-0108.cnf,SAT,0.000,0,0
benchmarks/satlib/uf20-91/uf20-0109.cnf,SAT,0.000,0,0
benchmarks/satlib/uf20-91/uf20-011.cnf,SAT,0.000,0,0
benchmarks/satlib/uf20-91/uf20-0110.cnf,SAT,0.000,0,0
benchmarks/satlib/uf20-91/uf20-0111.cnf,SAT,0.000,0,0
benchmarks/satlib/uf20-91/uf20-0112.cnf,SAT,0.000,0,0
benchmarks/satlib/uf20-91/uf20-0113.cnf,SAT,0.000,0,0
benchmarks/satlib/uf20-91/uf20-0114.cnf,SAT,0.000,0,0
benchmarks/satlib/uf20-91/uf20-0115.cnf,SAT,0.000,0,0
benchmarks/satlib/uf20-91/uf20-0116.cnf,SAT,0.000,0,0
benchmarks/satlib/uf20-91/uf20-0117.cnf,SAT,0.000,0,0
benchmarks/satlib/uf20-91/uf20-0118.cnf,SAT,0.000,0,0
benchmarks/satlib/uf20-91/uf20-0119.cnf,SAT,0.000,0,0
benchmarks/satlib/uf20-91/uf20-012.cnf,SAT,0.000,0,0
benchmarks/satlib/uf20-91/uf20-0120.cnf,SAT,0.000,0,0
benchmarks/satlib/uf20-91/uf20-0121.cnf,SAT,0.000,0,0
benchmarks/satlib/uf20-91/uf20-0122.cnf,SAT,0.000,0,0
benchmarks/satlib/uf20-91/uf20-0123.cnf,SAT,0.000,0,0
benchmarks/satlib/uf20-91/uf20-0124.cnf,SAT,0.000,0,0
benchmarks/satlib/uf20-91/uf20-0125.cnf,SAT,0.000,0,0
benchmarks/satlib/uf20-91/uf20-0126.cnf,SAT,0.000,0,0
benchmarks/satlib/uf20-91/uf20-0127.cnf,SAT,0.000,0,0
benchmarks/satlib/uf20-91/uf20-0128.cnf,SAT,0.000,0,0
benchmarks/satlib/uf20-91/uf20-0129.cnf,SAT,0.000,0,0
benchmarks/satlib/uf20-91/uf20-013.cnf,SAT,0.000,0,0
benchmarks/satlib/uf20-91/uf20-0130.cnf,SAT,0.000,0,0
benchmarks/satlib/uf20-91/uf20-0131.cnf,SAT,0.000,0,0
benchmarks/satlib/uf20-91/uf20-0132.cnf,SAT,0.000,0,0
benchmarks/satlib/uf20-91/uf20-0133.cnf,SAT,0.000,0,0
benchmarks/satlib/uf20-91/uf20-0134.cnf,SAT,0.000,0,0
benchmarks/satlib/uf20-91/uf20-0135.cnf,SAT,0.000,0,0
benchmarks/satlib/uf20-91/uf20-0136.cnf,SAT,0.000,0,0
benchmarks/satlib/uf20-91/uf20-0137.cnf,SAT,0.000,0,0
benchmarks/satlib/uf20-91/uf20-0138.cnf,SAT,0.000,0,0
benchmarks/satlib/uf20-91/uf20-0139.cnf,SAT,0.000,0,0
benchmarks/satlib/uf20-91/uf20-014.cnf,SAT,0.000,0,0
benchmarks/satlib/uf20-91/uf20-0140.cnf,SAT,0.000,0,0
benchmarks/satlib/uf20-91/uf20-0141.cnf,SAT,0.000,0,0
benchmarks/satlib/uf20-91/uf20-0142.cnf,SAT,0.000,0,0
benchmarks/satlib/uf20-91/uf20-0143.cnf,SAT,0.000,0,0
benchmarks/satlib/uf20-91/uf20-0144.cnf,SAT,0.000,0,0
benchmarks/satlib/uf20-91/uf20-0145.cnf,SAT,0.000,0,0
benchmarks/satlib/uf20-91/uf20-0146.cnf,SAT,0.000,0,0
benchmarks/satlib/uf20-91/uf20-0147.cnf,SAT,0.000,0,0
benchmarks/satlib/uf20-91/uf20-0148.cnf,SAT,0.000,0,0
benchmarks/satlib/uf20-91/uf20-0149.cnf,SAT,0.000,0,0
benchmarks/satlib/uf20-91/uf20-015.cnf,SAT,0.000,0,0
benchmarks/satlib/uf20-91/uf20-0150.cnf,SAT,0.000,0,0
benchmarks/satlib/uf20-91/uf20-0151.cnf,SAT,0.000,0,0
benchmarks/satlib/uf20-91/uf20-0152.cnf,SAT,0.000,0,0
benchmarks/satlib/uf20-91/uf20-0153.cnf,SAT,0.000,0,0
benchmarks/satlib/uf20-91/uf20-0154.cnf,SAT,0.000,0,0
benchmarks/satlib/uf20-91/uf20-0155.cnf,SAT,0.000,0,0
benchmarks/satlib/uf20-91/uf20-0156.cnf,SAT,0.000,0,0
benchmarks/satlib/uf20-91/uf20-0157.cnf,SAT,0.000,0,0
benchmarks/satlib/uf20-91/uf20-0158.cnf,SAT,0.000,0,0
benchmarks/satlib/uf20-91/uf20-0159.cnf,SAT,0.000,0,0
benchmarks/satlib/uf20-91/uf20-016.cnf,SAT,0.000,0,0
benchmarks/satlib/uf20-91/uf20-0160.cnf,SAT,0.000,0,0
benchmarks/satlib/uf20-91/uf20-0161.cnf,SAT,0.000,0,0
benchmarks/satlib/uf20-91/uf20-0162.cnf,SAT,0.000,0,0
benchmarks/satlib/uf20-91/uf20-0163.cnf,SAT,0.000,0,0
benchmarks/satlib/uf20-91/uf20-0164.cnf,SAT,0.000,0,0
benchmarks/satlib/uf20-91/uf20-0165.cnf,SAT,0.000,0,0
benchmarks/satlib/uf20-91/uf20-0166.cnf,SAT,0.000,0,0
benchmarks/satlib/uf20-91/uf20-0167.cnf,SAT,0.000,0,0
benchmarks/satlib/uf20-91/uf20-0168.cnf,SAT,0.000,0,0
benchmarks/satlib/uf20-91/uf20-0169.cnf,SAT,0.000,0,0
benchmarks/satlib/uf20-91/uf20-017.cnf,SAT,0.000,0,0
benchmarks/satlib/uf20-91/uf20-0170.cnf,SAT,0.000,0,0
benchmarks/satlib/uf20-91/uf20-0171.cnf,SAT,0.000,0,0
benchmarks/satlib/uf20-91/uf20-0172.cnf,SAT,0.000,0,0
benchmarks/satlib/uf20-91/uf20-0173.cnf,SAT,0.000,0,0
benchmarks/satlib/uf20-91/uf20-0174.cnf,SAT,0.000,0,0
benchmarks/satlib/uf20-91/uf20-0175.cnf,SAT,0.000,0,0
benchmarks/satlib/uf20-91/uf20-0176.cnf,SAT,0.000,0,0
benchmarks/satlib/uf20-91/uf20-0177.cnf,SAT,0.000,0,0
benchmarks/satlib/uf20-91/uf20-0178.cnf,SAT,0.000,0,0
benchmarks/satlib/uf20-91/uf20-0179.cnf,SAT,0.000,0,0
benchmarks/satlib/uf20-91/uf20-018.cnf,SAT,0.000,0,0
benchmarks/satlib/uf20-91/uf20-0180.cnf,SAT,0.000,0,0
benchmarks/satlib/uf20-91/uf20-0181.cnf,SAT,0.000,0,0
benchmarks/satlib/uf20-91/uf20-0182.cnf,SAT,0.000,0,0
benchmarks/satlib/uf20-91/uf20-0183.cnf,SAT,0.000,0,0
benchmarks/satlib/uf20-91/uf20-0184.cnf,SAT,0.000,0,0
benchmarks/satlib/uf20-91/uf20-0185.cnf,SAT,0.000,0,0
benchmarks/satlib/uf20-91/uf20-0186.cnf,SAT,0.000,0,0
benchmarks/satlib/uf20-91/uf20-0187.cnf,SAT,0.000,0,0
benchmarks/satlib/uf20-91/uf20-0188.cnf,SAT,0.000,0,0
benchmarks/satlib/uf20-91/uf20-0189.cnf,SAT,0.000,0,0
benchmarks/satlib/uf20-91/uf20-019.cnf,SAT,0.000,0,0
benchmarks/satlib/uf20-91/uf20-0190.cnf,SAT,0.000,0,0
benchmarks/satlib/uf20-91/uf20-0191.cnf,SAT,0.000,0,0
benchmarks/satlib/uf20-91/uf20-0192.cnf,SAT,0.000,0,0
benchmarks/satlib/uf20-91/uf20-0193.cnf,SAT,0.000,0,0
benchmarks/satlib/uf20-91/uf20-0194.cnf,SAT,0.000,0,0
benchmarks/satlib/uf20-91/uf20-0195.cnf,SAT,0.000,0,0
benchmarks/satlib/uf20-91/uf20-0196.cnf,SAT,0.000,0,0
benchmarks/satlib/uf20-91/uf20-0197.cnf,SAT,0.000,0,0
benchmarks/satlib/uf20-91/uf20-0198.cnf,SAT,0.000,0,0
benchmarks/satlib/uf20-91/uf20-0199.cnf,SAT,0.000,0,0
benchmarks/satlib/uf20-91/uf20-02.cnf,SAT,0.000,0,0
benchmarks/satlib/uf20-91/uf20-020.cnf,SAT,0.000,0,0
benchmarks/satlib/uf20-91/uf20-0200.cnf,SAT,0.000,0,0
benchmarks/satlib/uf20-91/uf20-0201.cnf,SAT,0.000,0,0
benchmarks/satlib/uf20-91/uf20-0202.cnf,SAT,0.000,0,0
benchmarks/satlib/uf20-91/uf20-0203.cnf,SAT,0.000,0,0
benchmarks/satlib/uf20-91/uf20-0204.cnf,SAT,0.000,0,0
benchmarks/satlib/uf20-91/uf20-0205.cnf,SAT,0.000,0,0
benchmarks/satlib/uf20-91/uf20-0206.cnf,SAT,0.000,0,0
benchmarks/satlib/uf20-91/uf20-0207.cnf,SAT,0.000,0,0
benchmarks/satlib/uf20-91/uf20-0208.cnf,SAT,0.000,0,0
benchmarks/satlib/uf20-91/uf20-0209.cnf,SAT,0.000,0,0
benchmarks/satlib/uf20-91/uf20-021.cnf,SAT,0.000,0,0
benchmarks/satlib/uf20-91/uf20-0210.cnf,SAT,0.000,0,0
benchmarks/satlib/uf20-91/uf20-0211.cnf,SAT,0.000,0,0
benchmarks/satlib/uf20-91/uf20-0212.cnf,SAT,0.000,0,0
benchmarks/satlib/uf20-91/uf20-0213.cnf,SAT,0.000,0,0
benchmarks/satlib/uf20-91/uf20-0214.cnf,SAT,0.000,0,0
benchmarks/satlib/uf20-91/uf20-0215.cnf,SAT,0.000,0,0
benchmarks/satlib/uf20-91/uf20-0216.cnf,SAT,0.000,0,0
benchmarks/satlib/uf20-91/uf20-0217.cnf,SAT,0.000,0,0
benchmarks/satlib/uf20-91/uf20-0218.cnf,SAT,0.000,0,0
benchmarks/satlib/uf20-91/uf20-0219.cnf,SAT,0.000,0,0
benchmarks/satlib/uf20-91/uf20-022.cnf,SAT,0.000,0,0
benchmarks/satlib/uf20-91/uf20-0220.cnf,SAT,0.000,0,0
benchmarks/satlib/uf20-91/uf20-0221.cnf,SAT,0.000,0,0
benchmarks/satlib/uf20-91/uf20-0222.cnf,SAT,0.000,0,0
benchmarks/satlib/uf20-91/uf20-0223.cnf,SAT,0.000,0,0
benchmarks/satlib/uf20-91/uf20-0224.cnf,SAT,0.000,0,0
benchmarks/satlib/uf20-91/uf20-0225.cnf,SAT,0.000,0,0
benchmarks/satlib/uf20-91/uf20-0226.cnf,SAT,0.000,0,0
benchmarks/satlib/uf20-91/uf20-0227.cnf,SAT,0.000,0,0
benchmarks/satlib/uf20-91/uf20-0228.cnf,SAT,0.000,0,0
benchmarks/satlib/uf20-91/uf20-0229.cnf,SAT,0.000,0,0
benchmarks/satlib/uf20-91/uf20-023.cnf,SAT,0.000,0,0
benchmarks/satlib/uf20-91/uf20-0230.cnf,SAT,0.000,0,0
benchmarks/satlib/uf20-91/uf20-0231.cnf,SAT,0.000,0,0
benchmarks/satlib/uf20-91/uf20-0232.cnf,SAT,0.000,0,0
benchmarks/satlib/uf20-91/uf20-0233.cnf,SAT,0.000,0,0
benchmarks/satlib/uf20-91/uf20-0234.cnf,SAT,0.000,0,0
benchmarks/satlib/uf20-91/uf20-0235.cnf,SAT,0.000,0,0
benchmarks/satlib/uf20-91/uf20-0236.cnf,SAT,0.000,0,0
benchmarks/satlib/uf20-91/uf20-0237.cnf,SAT,0.000,0,0
benchmarks/satlib/uf20-91/uf20-0238.cnf,SAT,0.000,0,0
benchmarks/satlib/uf20-91/uf20-0239.cnf,SAT,0.000,0,0
benchmarks/satlib/uf20-91/uf20-024.cnf,SAT,0.000,0,0
benchmarks/satlib/uf20-91/uf20-0240.cnf,SAT,0.000,0,0
benchmarks/satlib/uf20-91/uf20-0241.cnf,SAT,0.000,0,0
benchmarks/satlib/uf20-91/uf20-0242.cnf,SAT,0.000,0,0
benchmarks/satlib/uf20-91/uf20-0243.cnf,SAT,0.000,0,0
benchmarks/satlib/uf20-91/uf20-0244.cnf,SAT,0.000,0,0
benchmarks/satlib/uf20-91/uf20-0245.cnf,SAT,0.000,0,0
benchmarks/satlib/uf20-91/uf20-0246.cnf,SAT,0.000,0,0
benchmarks/satlib/uf20-91/uf20-0247.cnf,SAT,0.000,0,0
benchmarks/satlib/uf20-91/uf20-0248.cnf,SAT,0.000,0,0
benchmarks/satlib/uf20-91/uf20-0249.cnf,SAT,0.000,0,0
benchmarks/satlib/uf20-91/uf20-025.cnf,SAT,0.000,0,0
benchmarks/satlib/uf20-91/uf20-0250.cnf,SAT,0.000,0,0
benchmarks/satlib/uf20-91/uf20-0251.cnf,SAT,0.000,0,0
benchmarks/satlib/uf20-91/uf20-0252.cnf,SAT,0.000,0,0
benchmarks/satlib/uf20-91/uf20-0253.cnf,SAT,0.000,0,0
benchmarks/satlib/uf20-91/uf20-0254.cnf,SAT,0.000,0,0
benchmarks/satlib/uf20-91/uf20-0255.cnf,SAT,0.000,0,0
benchmarks/satlib/uf20-91/uf20-0256.cnf,SAT,0.000,0,0
benchmarks/satlib/uf20-91/uf20-0257.cnf,SAT,0.000,0,0
benchmarks/satlib/uf20-91/uf20-0258.cnf,SAT,0.000,0,0
benchmarks/satlib/uf20-91/uf20-0259.cnf,SAT,0.000,0,0
benchmarks/satlib/uf20-91/uf20-026.cnf,SAT,0.000,0,0
benchmarks/satlib/uf20-91/uf20-0260.cnf,SAT,0.000,0,0
benchmarks/satlib/uf20-91/uf20-0261.cnf,SAT,0.000,0,0
benchmarks/satlib/uf20-91/uf20-0262.cnf,SAT,0.000,0,0
benchmarks/satlib/uf20-91/uf20-0263.cnf,SAT,0.000,0,0
benchmarks/satlib/uf20-91/uf20-0264.cnf,SAT,0.000,0,0
benchmarks/satlib/uf20-91/uf20-0265.cnf,SAT,0.000,0,0
benchmarks/satlib/uf20-91/uf20-0266.cnf,SAT,0.000,0,0
benchmarks/satlib/uf20-91/uf20-0267.cnf,SAT,0.000,0,0
benchmarks/satlib/uf20-91/uf20-0268.cnf,SAT,0.000,0,0
benchmarks/satlib/uf20-91/uf20-0269.cnf,SAT,0.000,0,0
benchmarks/satlib/uf20-91/uf20-027.cnf,SAT,0.000,0,0
benchmarks/satlib/uf20-91/uf20-0270.cnf,SAT,0.000,0,0
benchmarks/satlib/uf20-91/uf20-0271.cnf,SAT,0.000,0,0
benchmarks/satlib/uf20-91/uf20-0272.cnf,SAT,0.000,0,0
benchmarks/satlib/uf20-91/uf20-0273.cnf,SAT,0.000,0,0
benchmarks/satlib/uf20-91/uf20-0274.cnf,SAT,0.000,0,0
benchmarks/satlib/uf20-91/uf20-0275.cnf,SAT,0.000,0,0
benchmarks/satlib/uf20-91/uf20-0276.cnf,SAT,0.000,0,0
benchmarks/satlib/uf20-91/uf20-0277.cnf,SAT,0.000,0,0
benchmarks/satlib/uf20-91/uf20-0278.cnf,SAT,0.000,0,0
benchmarks/satlib/uf20-91/uf20-0279.cnf,SAT,0.000,0,0
benchmarks/satlib/uf20-91/uf20-028.cnf,SAT,0.000,0,0
benchmarks/satlib/uf20-91/uf20-0280.cnf,SAT,0.000,0,0
benchmarks/satlib/uf20-91/uf20-0281.cnf,SAT,0.000,0,0
benchmarks/satlib/uf20-91/uf20-0282.cnf,SAT,0.000,0,0
benchmarks/satlib/uf20-91/uf20-0283.cnf,SAT,0.000,0,0
benchmarks/satlib/uf20-91/uf20-0284.cnf,SAT,0.000,0,0
benchmarks/satlib/uf20-91/uf20-0285.cnf,SAT,0.000,0,0
benchmarks/satlib/uf20-91/uf20-0286.cnf,SAT,0.000,0,0
benchmarks/satlib/uf20-91/uf20-0287.cnf,SAT,0.000,0,0
benchmarks/satlib/uf20-91/uf20-0288.cnf,SAT,0.000,0,0
benchmarks/satlib/uf20-91/uf20-0289.cnf,SAT,0.000,0,0
benchmarks/satlib/uf20-91/uf20-029.cnf,SAT,0.000,0,0
benchmarks/satlib/uf20-91/uf20-0290.cnf,SAT,0.000,0,0
benchmarks/satlib/uf20-91/uf20-0291.cnf,SAT,0.000,0,0
benchmarks/satlib/uf20-91/uf20-0292.cnf,SAT,0.000,0,0
benchmarks/satlib/uf20-91/uf20-0293.cnf,SAT,0.000,0,0
benchmarks/satlib/uf20-91/uf20-0294.cnf,SAT,0.000,0,0
benchmarks/satlib/uf20-91/uf20-0295.cnf,SAT,0.000,0,0
benchmarks/satlib/uf20-91/uf20-0296.cnf,SAT,0.000,0,0
benchmarks/satlib/uf20-91/uf20-0297.cnf,SAT,0.000,0,0
benchmarks/satlib/uf20-91/uf20-0298.cnf,SAT,0.000,0,0
benchmarks/satlib/uf20-91/uf20-0299.cnf,SAT,0.000,0,0
benchmarks/satlib/uf20-91/uf20-03.cnf,SAT,0.000,0,0
benchmarks/satlib/uf20-91/uf20-030.cnf,SAT,0.000,0,0
benchmarks/satlib/uf20-91/uf20-0300.cnf,SAT,0.000,0,0
benchmarks/satlib/uf20-91/uf20-0301.cnf,SAT,0.000,0,0
benchmarks/satlib/uf20-91/uf20-0302.cnf,SAT,0.000,0,0
benchmarks/satlib/uf20-91/uf20-0303.cnf,SAT,0.000,0,0
benchmarks/satlib/uf20-91/uf20-0304.cnf,SAT,0.000,0,0
benchmarks/satlib/uf20-91/uf20-0305.cnf,SAT,0.000,0,0
benchmarks/satlib/uf20-91/uf20-0306.cnf,SAT,0.000,0,0
benchmarks/satlib/uf20-91/uf20-0307.cnf,SAT,0.000,0,0
benchmarks/satlib/uf20-91/uf20-0308.cnf,SAT,0.000,0,0
benchmarks/satlib/uf20-91/uf20-0309.cnf,SAT,0.000,0,0
benchmarks/satlib/uf20-91/uf20-031.cnf,SAT,0.000,0,0
benchmarks/satlib/uf20-91/uf20-0310.cnf,SAT,0.000,0,0
benchmarks/satlib/uf20-91/uf20-0311.cnf,SAT,0.000,0,0
benchmarks/satlib/uf20-91/uf20-0312.cnf,SAT,0.000,0,0
benchmarks/satlib/uf20-91/uf20-0313.cnf,SAT,0.000,0,0
benchmarks/satlib/uf20-91/uf20-0314.cnf,SAT,0.000,0,0
benchmarks/satlib/uf20-91/uf20-0315.cnf,SAT,0.000,0,0
benchmarks/satlib/uf20-91/uf20-0316.cnf,SAT,0.000,0,0
benchmarks/satlib/uf20-91/uf20-0317.cnf,SAT,0.000,0,0
benchmarks/satlib/uf20-91/uf20-0318.cnf,SAT,0.000,0,0
benchmarks/satlib/uf20-91/uf20-0319.cnf,SAT,0.000,0,0
benchmarks/satlib/uf20-91/uf20-032.cnf,SAT,0.000,0,0
benchmarks/satlib/uf20-91/uf20-0320.cnf,SAT,0.000,0,0
benchmarks/satlib/uf20-91/uf20-0321.cnf,SAT,0.000,0,0
benchmarks/satlib/uf20-91/uf20-0322.cnf,SAT,0.000,0,0
benchmarks/satlib/uf20-91/uf20-0323.cnf,SAT,0.000,0,0
benchmarks/satlib/uf20-91/uf20-0324.cnf,SAT,0.000,0,0
benchmarks/satlib/uf20-91/uf20-0325.cnf,SAT,0.000,0,0
benchmarks/satlib/uf20-91/uf20-0326.cnf,SAT,0.000,0,0
benchmarks/satlib/uf20-91/uf20-0327.cnf,SAT,0.000,0,0
benchmarks/satlib/uf20-91/uf20-0328.cnf,SAT,0.000,0,0
benchmarks/satlib/uf20-91/uf20-0329.cnf,SAT,0.000,0,0
benchmarks/satlib/uf20-91/uf20-033.cnf,SAT,0.000,0,0
benchmarks/satlib/uf20-91/uf20-0330.cnf,SAT,0.000,0,0
benchmarks/satlib/uf20-91/uf20-0331.cnf,SAT,0.000,0,0
benchmarks/satlib/uf20-91/uf20-0332.cnf,SAT,0.000,0,0
benchmarks/satlib/uf20-91/uf20-0333.cnf,SAT,0.000,0,0
benchmarks/satlib/uf20-91/uf20-0334.cnf,SAT,0.000,0,0
benchmarks/satlib/uf20-91/uf20-0335.cnf,SAT,0.000,0,0
benchmarks/satlib/uf20-91/uf20-0336.cnf,SAT,0.000,0,0
benchmarks/satlib/uf20-91/uf20-0337.cnf,SAT,0.000,0,0
benchmarks/satlib/uf20-91/uf20-0338.cnf,SAT,0.000,0,0
benchmarks/satlib/uf20-91/uf20-0339.cnf,SAT,0.000,0,0
benchmarks/satlib/uf20-91/uf20-034.cnf,SAT,0.000,0,0
benchmarks/satlib/uf20-91/uf20-0340.cnf,SAT,0.000,0,0
benchmarks/satlib/uf20-91/uf20-0341.cnf,SAT,0.000,0,0
benchmarks/satlib/uf20-91/uf20-0342.cnf,SAT,0.000,0,0
benchmarks/satlib/uf20-91/uf20-0343.cnf,SAT,0.000,0,0
benchmarks/satlib/uf20-91/uf20-0344.cnf,SAT,0.000,0,0
benchmarks/satlib/uf20-91/uf20-0345.cnf,SAT,0.000,0,0
benchmarks/satlib/uf20-91/uf20-0346.cnf,SAT,0.000,0,0
benchmarks/satlib/uf20-91/uf20-0347.cnf,SAT,0.000,0,0
benchmarks/satlib/uf20-91/uf20-0348.cnf,SAT,0.000,0,0
benchmarks/satlib/uf20-91/uf20-0349.cnf,SAT,0.000,0,0
benchmarks/satlib/uf20-91/uf20-035.cnf,SAT,0.000,0,0
benchmarks/satlib/uf20-91/uf20-0350.cnf,SAT,0.000,0,0
benchmarks/satlib/uf20-91/uf20-0351.cnf,SAT,0.000,0,0
benchmarks/satlib/uf20-91/uf20-0352.cnf,SAT,0.000,0,0
benchmarks/satlib/uf20-91/uf20-0353.cnf,SAT,0.000,0,0
benchmarks/satlib/uf20-91/uf20-0354.cnf,SAT,0.000,0,0
benchmarks/satlib/uf20-91/uf20-0355.cnf,SAT,0.000,0,0
benchmarks/satlib/uf20-91/uf20-0356.cnf,SAT,0.000,0,0
benchmarks/satlib/uf20-91/uf20-0357.cnf,SAT,0.000,0,0
benchmarks/satlib/uf20-91/uf20-0358.cnf,SAT,0.000,0,0
benchmarks/satlib/uf20-91/uf20-0359.cnf,SAT,0.000,0,0
benchmarks/satlib/uf20-91/uf20-036.cnf,SAT,0.000,0,0
benchmarks/satlib/uf20-91/uf20-0360.cnf,SAT,0.000,0,0
benchmarks/satlib/uf20-91/uf20-0361.cnf,SAT,0.000,0,0
benchmarks/satlib/uf20-91/uf20-0362.cnf,SAT,0.000,0,0
benchmarks/satlib/uf20-91/uf20-0363.cnf,SAT,0.000,0,0
benchmarks/satlib/uf20-91/uf20-0364.cnf,SAT,0.000,0,0
benchmarks/satlib/uf20-91/uf20-0365.cnf,SAT,0.000,0,0
benchmarks/satlib/uf20-91/uf20-0366.cnf,SAT,0.000,0,0
benchmarks/satlib/uf20-91/uf20-0367.cnf,SAT,0.000,0,0
benchmarks/satlib/uf20-91/uf20-0368.cnf,SAT,0.000,0,0
benchmarks/satlib/uf20-91/uf20-0369.cnf,SAT,0.000,0,0
benchmarks/satlib/uf20-91/uf20-037.cnf,SAT,0.000,0,0
benchmarks/satlib/uf20-91/uf20-0370.cnf,SAT,0.000,0,0
benchmarks/satlib/uf20-91/uf20-0371.cnf,SAT,0.000,0,0
benchmarks/satlib/uf20-91/uf20-0372.cnf,SAT,0.000,0,0
benchmarks/satlib/uf20-91/uf20-0373.cnf,SAT,0.000,0,0
benchmarks/satlib/uf20-91/uf20-0374.cnf,SAT,0.000,0,0
benchmarks/satlib/uf20-91/uf20-0375.cnf,SAT,0.000,0,0
benchmarks/satlib/uf20-91/uf20-0376.cnf,SAT,0.000,0,0
benchmarks/satlib/uf20-91/uf20-0377.cnf,SAT,0.000,0,0
benchmarks/satlib/uf20-91/uf20-0378.cnf,SAT,0.000,0,0
benchmarks/satlib/uf20-91/uf20-0379.cnf,SAT,0.000,0,0
benchmarks/satlib/uf20-91/uf20-038.cnf,SAT,0.000,0,0
benchmarks/satlib/uf20-91/uf20-0380.cnf,SAT,0.000,0,0
benchmarks/satlib/uf20-91/uf20-0381.cnf,SAT,0.000,0,0
benchmarks/satlib/uf20-91/uf20-0382.cnf,SAT,0.000,0,0
benchmarks/satlib/uf20-91/uf20-0383.cnf,SAT,0.000,0,0
benchmarks/satlib/uf20-91/uf20-0384.cnf,SAT,0.000,0,0
benchmarks/satlib/uf20-91/uf20-0385.cnf,SAT,0.000,0,0
benchmarks/satlib/uf20-91/uf20-0386.cnf,SAT,0.000,0,0
benchmarks/satlib/uf20-91/uf20-0387.cnf,SAT,0.000,0,0
benchmarks/satlib/uf20-91/uf20-0388.cnf,SAT,0.000,0,0
benchmarks/satlib/uf20-91/uf20-0389.cnf,SAT,0.000,0,0
benchmarks/satlib/uf20-91/uf20-039.cnf,SAT,0.000,0,0
benchmarks/satlib/uf20-91/uf20-0390.cnf,SAT,0.000,0,0
benchmarks/satlib/uf20-91/uf20-0391.cnf,SAT,0.000,0,0
benchmarks/satlib/uf20-91/uf20-0392.cnf,SAT,0.000,0,0
benchmarks/satlib/uf20-91/uf20-0393.cnf,SAT,0.000,0,0
benchmarks/satlib/uf20-91/uf20-0394.cnf,SAT,0.000,0,0
benchmarks/satlib/uf20-91/uf20-0395.cnf,SAT,0.000,0,0
benchmarks/satlib/uf20-91/uf20-0396.cnf,SAT,0.000,0,0
benchmarks/satlib/uf20-91/uf20-0397.cnf,SAT,0.000,0,0
benchmarks/satlib/uf20-91/uf20-0398.cnf,SAT,0.000,0,0
benchmarks/satlib/uf20-91/uf20-0399.cnf,SAT,0.000,0,0
benchmarks/satlib/uf20-91/uf20-04.cnf,SAT,0.000,0,0
benchmarks/satlib/uf20-91/uf20-040.cnf,SAT,0.000,0,0
benchmarks/satlib/uf20-91/uf20-0400.cnf,SAT,0.000,0,0
benchmarks/satlib/uf20-91/uf20-0401.cnf,SAT,0.000,0,0
benchmarks/satlib/uf20-91/uf20-0402.cnf,SAT,0.000,0,0
benchmarks/satlib/uf20-91/uf20-0403.cnf,SAT,0.000,0,0
benchmarks/satlib/uf20-91/uf20-0404.cnf,SAT,0.000,0,0
benchmarks/satlib/uf20-91/uf20-0405.cnf,SAT,0.000,0,0
benchmarks/satlib/uf20-91/uf20-0406.cnf,SAT,0.000,0,0
benchmarks/satlib/uf20-91/uf20-0407.cnf,SAT,0.000,0,0
benchmarks/satlib/uf20-91/uf20-0408.cnf,SAT,0.000,0,0
benchmarks/satlib/uf20-91/uf20-0409.cnf,SAT,0.000,0,0
benchmarks/satlib/uf20-91/uf20-041.cnf,SAT,0.000,0,0
benchmarks/satlib/uf20-91/uf20-0410.cnf,SAT,0.000,0,0
benchmarks/satlib/uf20-91/uf20-0411.cnf,SAT,0.000,0,0
benchmarks/satlib/uf20-91/uf20-0412.cnf,SAT,0.000,0,0
benchmarks/satlib/uf20-91/uf20-0413.cnf,SAT,0.000,0,0
benchmarks/satlib/uf20-91/uf20-0414.cnf,SAT,0.000,0,0
benchmarks/satlib/uf20-91/uf20-0415.cnf,SAT,0.000,0,0
benchmarks/satlib/uf20-91/uf20-0416.cnf,SAT,0.000,0,0
benchmarks/satlib/uf20-91/uf20-0417.cnf,SAT,0.000,0,0
benchmarks/satlib/uf20-91/uf20-0418.cnf,SAT,0.000,0,0
benchmarks/satlib/uf20-91/uf20-0419.cnf,SAT,0.000,0,0
benchmarks/satlib/uf20-91/uf20-042.cnf,SAT,0.000,0,0
benchmarks/satlib/uf20-91/uf20-0420.cnf,SAT,0.000,0,0
benchmarks/satlib/uf20-91/uf20-0421.cnf,SAT,0.000,0,0
benchmarks/satlib/uf20-91/uf20-0422.cnf,SAT,0.000,0,0
benchmarks/satlib/uf20-91/uf20-0423.cnf,SAT,0.000,0,0
benchmarks/satlib/uf20-91/uf20-0424.cnf,SAT,0.000,0,0
benchmarks/satlib/uf20-91/uf20-0425.cnf,SAT,0.000,0,0
benchmarks/satlib/uf20-91/uf20-0426.cnf,SAT,0.000,0,0
benchmarks/satlib/uf20-91/uf20-0427.cnf,SAT,0.000,0,0
benchmarks/satlib/uf20-91/uf20-0428.cnf,SAT,0.000,0,0
benchmarks/satlib/uf20-91/uf20-0429.cnf,SAT,0.000,0,0
benchmarks/satlib/uf20-91/uf20-043.cnf,SAT,0.000,0,0
benchmarks/satlib/uf20-91/uf20-0430.cnf,SAT,0.000,0,0
benchmarks/satlib/uf20-91/uf20-0431.cnf,SAT,0.000,0,0
benchmarks/satlib/uf20-91/uf20-0432.cnf,SAT,0.000,0,0
benchmarks/satlib/uf20-91/uf20-0433.cnf,SAT,0.000,0,0
benchmarks/satlib/uf20-91/uf20-0434.cnf,SAT,0.000,0,0
benchmarks/satlib/uf20-91/uf20-0435.cnf,SAT,0.000,0,0
benchmarks/satlib/uf20-91/uf20-0436.cnf,SAT,0.000,0,0
benchmarks/satlib/uf20-91/uf20-0437.cnf,SAT,0.000,0,0
benchmarks/satlib/uf20-91/uf20-0438.cnf,SAT,0.000,0,0
benchmarks/satlib/uf20-91/uf20-0439.cnf,SAT,0.000,0,0
benchmarks/satlib/uf20-91/uf20-044.cnf,SAT,0.000,0,0
benchmarks/satlib/uf20-91/uf20-0440.cnf,SAT,0.000,0,0
benchmarks/satlib/uf20-91/uf20-0441.cnf,SAT,0.000,0,0
benchmarks/satlib/uf20-91/uf20-0442.cnf,SAT,0.000,0,0
benchmarks/satlib/uf20-91/uf20-0443.cnf,SAT,0.000,0,0
benchmarks/satlib/uf20-91/uf20-0444.cnf,SAT,0.000,0,0
benchmarks/satlib/uf20-91/uf20-0445.cnf,SAT,0.000,0,0
benchmarks/satlib/uf20-91/uf20-0446.cnf,SAT,0.000,0,0
benchmarks/satlib/uf20-91/uf20-0447.cnf,SAT,0.000,0,0
benchmarks/satlib/uf20-91/uf20-0448.cnf,SAT,0.000,0,0
benchmarks/satlib/uf20-91/uf20-0449.cnf,SAT,0.000,0,0
benchmarks/satlib/uf20-91/uf20-045.cnf,SAT,0.000,0,0
benchmarks/satlib/uf20-91/uf20-0450.cnf,SAT,0.000,0,0
benchmarks/satlib/uf20-91/uf20-0451.cnf,SAT,0.000,0,0
benchmarks/satlib/uf20-91/uf20-0452.cnf,SAT,0.000,0,0
benchmarks/satlib/uf20-91/uf20-0453.cnf,SAT,0.000,0,0
benchmarks/satlib/uf20-91/uf20-0454.cnf,SAT,0.000,0,0
benchmarks/satlib/uf20-91/uf20-0455.cnf,SAT,0.000,0,0
benchmarks/satlib/uf20-91/uf20-0456.cnf,SAT,0.000,0,0
benchmarks/satlib/uf20-91/uf20-0457.cnf,SAT,0.000,0,0
benchmarks/satlib/uf20-91/uf20-0458.cnf,SAT,0.000,0,0
benchmarks/satlib/uf20-91/uf20-0459.cnf,SAT,0.000,0,0
benchmarks/satlib/uf20-91/uf20-046.cnf,SAT,0.000,0,0
benchmarks/satlib/uf20-91/uf20-0460.cnf,SAT,0.000,0,0
benchmarks/satlib/uf20-91/uf20-0461.cnf,SAT,0.000,0,0
benchmarks/satlib/uf20-91/uf20-0462.cnf,SAT,0.000,0,0
benchmarks/satlib/uf20-91/uf20-0463.cnf,SAT,0.000,0,0
benchmarks/satlib/uf20-91/uf20-0464.cnf,SAT,0.000,0,0
benchmarks/satlib/uf20-91/uf20-0465.cnf,SAT,0.000,0,0
benchmarks/satlib/uf20-91/uf20-0466.cnf,SAT,0.000,0,0
benchmarks/satlib/uf20-91/uf20-0467.cnf,SAT,0.000,0,0
benchmarks/satlib/uf20-91/uf20-0468.cnf,SAT,0.000,0,0
benchmarks/satlib/uf20-91/uf20-0469.cnf,SAT,0.000,0,0
benchmarks/satlib/uf20-91/uf20-047.cnf,SAT,0.000,0,0
benchmarks/satlib/uf20-91/uf20-0470.cnf,SAT,0.000,0,0
benchmarks/satlib/uf20-91/uf20-0471.cnf,SAT,0.000,0,0
benchmarks/satlib/uf20-91/uf20-0472.cnf,SAT,0.000,0,0
benchmarks/satlib/uf20-91/uf20-0473.cnf,SAT,0.000,0,0
benchmarks/satlib/uf20-91/uf20-0474.cnf,SAT,0.000,0,0
benchmarks/satlib/uf20-91/uf20-0475.cnf,SAT,0.000,0,0
benchmarks/satlib/uf20-91/uf20-0476.cnf,SAT,0.000,0,0
benchmarks/satlib/uf20-91/uf20-0477.cnf,SAT,0.000,0,0
benchmarks/satlib/uf20-91/uf20-0478.cnf,SAT,0.000,0,0
benchmarks/satlib/uf20-91/uf20-0479.cnf,SAT,0.000,0,0
benchmarks/satlib/uf20-91/uf20-048.cnf,SAT,0.000,0,0
benchmarks/satlib/uf20-91/uf20-0480.cnf,SAT,0.000,0,0
benchmarks/satlib/uf20-91/uf20-0481.cnf,SAT,0.000,0,0
benchmarks/satlib/uf20-91/uf20-0482.cnf,SAT,0.000,0,0
benchmarks/satlib/uf20-91/uf20-0483.cnf,SAT,0.000,0,0
benchmarks/satlib/uf20-91/uf20-0484.cnf,SAT,0.000,0,0
benchmarks/satlib/uf20-91/uf20-0485.cnf,SAT,0.000,0,0
benchmarks/satlib/uf20-91/uf20-0486.cnf,SAT,0.000,0,0
benchmarks/satlib/uf20-91/uf20-0487.cnf,SAT,0.000,0,0
benchmarks/satlib/uf20-91/uf20-0488.cnf,SAT,0.000,0,0
benchmarks/satlib/uf20-91/uf20-0489.cnf,SAT,0.000,0,0
benchmarks/satlib/uf20-91/uf20-049.cnf,SAT,0.000,0,0
benchmarks/satlib/uf20-91/uf20-0490.cnf,SAT,0.000,0,0
benchmarks/satlib/uf20-91/uf20-0491.cnf,SAT,0.000,0,0
benchmarks/satlib/uf20-91/uf20-0492.cnf,SAT,0.000,0,0
benchmarks/satlib/uf20-91/uf20-0493.cnf,SAT,0.000,0,0
benchmarks/satlib/uf20-91/uf20-0494.cnf,SAT,0.000,0,0
benchmarks/satlib/uf20-91/uf20-0495.cnf,SAT,0.000,0,0
benchmarks/satlib/uf20-91/uf20-0496.cnf,SAT,0.000,0,0
benchmarks/satlib/uf20-91/uf20-0497.cnf,SAT,0.000,0,0
benchmarks/satlib/uf20-91/uf20-0498.cnf,SAT,0.000,0,0
benchmarks/satlib/uf20-91/uf20-0499.cnf,SAT,0.000,0,0
benchmarks/satlib/uf20-91/uf20-05.cnf,SAT,0.000,0,0
benchmarks/satlib/uf20-91/uf20-050.cnf,SAT,0.000,0,0
benchmarks/satlib/uf20-91/uf20-0500.cnf,SAT,0.000,0,0
benchmarks/satlib/uf20-91/uf20-0501.cnf,SAT,0.000,0,0
benchmarks/satlib/uf20-91/uf20-0502.cnf,SAT,0.000,0,0
benchmarks/satlib/uf20-91/uf20-0503.cnf,SAT,0.000,0,0
benchmarks/satlib/uf20-91/uf20-0504.cnf,SAT,0.000,0,0
benchmarks/satlib/uf20-91/uf20-0505.cnf,SAT,0.000,0,0
benchmarks/satlib/uf20-91/uf20-0506.cnf,SAT,0.000,0,0
benchmarks/satlib/uf20-91/uf20-0507.cnf,SAT,0.000,0,0
benchmarks/satlib/uf20-91/uf20-0508.cnf,SAT,0.000,0,0
benchmarks/satlib/uf20-91/uf20-0509.cnf,SAT,0.000,0,0
benchmarks/satlib/uf20-91/uf20-051.cnf,SAT,0.000,0,0
benchmarks/satlib/uf20-91/uf20-0510.cnf,SAT,0.000,0,0
benchmarks/satlib/uf20-91/uf20-0511.cnf,SAT,0.000,0,0
benchmarks/satlib/uf20-91/uf20-0512.cnf,SAT,0.000,0,0
benchmarks/satlib/uf20-91/uf20-0513.cnf,SAT,0.000,0,0
benchmarks/satlib/uf20-91/uf20-0514.cnf,SAT,0.000,0,0
benchmarks/satlib/uf20-91/uf20-0515.cnf,SAT,0.000,0,0
benchmarks/satlib/uf20-91/uf20-0516.cnf,SAT,0.000,0,0
benchmarks/satlib/uf20-91/uf20-0517.cnf,SAT,0.000,0,0
benchmarks/satlib/uf20-91/uf20-0518.cnf,SAT,0.000,0,0
benchmarks/satlib/uf20-91/uf20-0519.cnf,SAT,0.000,0,0
benchmarks/satlib/uf20-91/uf20-052.cnf,SAT,0.000,0,0
benchmarks/satlib/uf20-91/uf20-0520.cnf,SAT,0.000,0,0
benchmarks/satlib/uf20-91/uf20-0521.cnf,SAT,0.000,0,0
benchmarks/satlib/uf20-91/uf20-0522.cnf,SAT,0.000,0,0
benchmarks/satlib/uf20-91/uf20-0523.cnf,SAT,0.000,0,0
benchmarks/satlib/uf20-91/uf20-0524.cnf,SAT,0.000,0,0
benchmarks/satlib/uf20-91/uf20-0525.cnf,SAT,0.000,0,0
benchmarks/satlib/uf20-91/uf20-0526.cnf,SAT,0.000,0,0
benchmarks/satlib/uf20-91/uf20-0527.cnf,SAT,0.000,0,0
benchmarks/satlib/uf20-91/uf20-0528.cnf,SAT,0.000,0,0
benchmarks/satlib/uf20-91/uf20-0529.cnf,SAT,0.000,0,0
benchmarks/satlib/uf20-91/uf20-053.cnf,SAT,0.000,0,0
benchmarks/satlib/uf20-91/uf20-0530.cnf,SAT,0.000,0,0
benchmarks/satlib/uf20-91/uf20-0531.cnf,SAT,0.000,0,0
benchmarks/satlib/uf20-91/uf20-0532.cnf,SAT,0.000,0,0
benchmarks/satlib/uf20-91/uf20-0533.cnf,SAT,0.000,0,0
benchmarks/satlib/uf20-91/uf20-0534.cnf,SAT,0.000,0,0
benchmarks/satlib/uf20-91/uf20-0535.cnf,SAT,0.000,0,0
benchmarks/satlib/uf20-91/uf20-0536.cnf,SAT,0.000,0,0
benchmarks/satlib/uf20-91/uf20-0537.cnf,SAT,0.000,0,0
benchmarks/satlib/uf20-91/uf20-0538.cnf,SAT,0.000,0,0
benchmarks/satlib/uf20-91/uf20-0539.cnf,SAT,0.000,0,0
benchmarks/satlib/uf20-91/uf20-054.cnf,SAT,0.000,0,0
benchmarks/satlib/uf20-91/uf20-0540.cnf,SAT,0.000,0,0
benchmarks/satlib/uf20-91/uf20-0541.cnf,SAT,0.000,0,0
benchmarks/satlib/uf20-91/uf20-0542.cnf,SAT,0.000,0,0
benchmarks/satlib/uf20-91/uf20-0543.cnf,SAT,0.000,0,0
benchmarks/satlib/uf20-91/uf20-0544.cnf,SAT,0.000,0,0
benchmarks/satlib/uf20-91/uf20-0545.cnf,SAT,0.000,0,0
benchmarks/satlib/uf20-91/uf20-0546.cnf,SAT,0.000,0,0
benchmarks/satlib/uf20-91/uf20-0547.cnf,SAT,0.000,0,0
benchmarks/satlib/uf20-91/uf20-0548.cnf,SAT,0.000,0,0
benchmarks/satlib/uf20-91/uf20-0549.cnf,SAT,0.000,0,0
benchmarks/satlib/uf20-91/uf20-055.cnf,SAT,0.000,0,0
benchmarks/satlib/uf20-91/uf20-0550.cnf,SAT,0.000,0,0
benchmarks/satlib/uf20-91/uf20-0551.cnf,SAT,0.000,0,0
benchmarks/satlib/uf20-91/uf20-0552.cnf,SAT,0.000,0,0
benchmarks/satlib/uf20-91/uf20-0553.cnf,SAT,0.000,0,0
benchmarks/satlib/uf20-91/uf20-0554.cnf,SAT,0.000,0,0
benchmarks/satlib/uf20-91/uf20-0555.cnf,SAT,0.000,0,0
benchmarks/satlib/uf20-91/uf20-0556.cnf,SAT,0.000,0,0
benchmarks/satlib/uf20-91/uf20-0557.cnf,SAT,0.000,0,0
benchmarks/satlib/uf20-91/uf20-0558.cnf,SAT,0.000,0,0
benchmarks/satlib/uf20-91/uf20-0559.cnf,SAT,0.000,0,0
benchmarks/satlib/uf20-91/uf20-056.cnf,SAT,0.000,0,0
benchmarks/satlib/uf20-91/uf20-0560.cnf,SAT,0.000,0,0
benchmarks/satlib/uf20-91/uf20-0561.cnf,SAT,0.000,0,0
benchmarks/satlib/uf20-91/uf20-0562.cnf,SAT,0.000,0,0
benchmarks/satlib/uf20-91/uf20-0563.cnf,SAT,0.000,0,0
benchmarks/satlib/uf20-91/uf20-0564.cnf,SAT,0.000,0,0
benchmarks/satlib/uf20-91/uf20-0565.cnf,SAT,0.000,0,0
benchmarks/satlib/uf20-91/uf20-0566.cnf,SAT,0.000,0,0
benchmarks/satlib/uf20-91/uf20-0567.cnf,SAT,0.000,0,0
benchmarks/satlib/uf20-91/uf20-0568.cnf,SAT,0.000,0,0
benchmarks/satlib/uf20-91/uf20-0569.cnf,SAT,0.000,0,0
benchmarks/satlib/uf20-91/uf20-057.cnf,SAT,0.000,0,0
benchmarks/satlib/uf20-91/uf20-0570.cnf,SAT,0.000,0,0
benchmarks/satlib/uf20-91/uf20-0571.cnf,SAT,0.000,0,0
benchmarks/satlib/uf20-91/uf20-0572.cnf,SAT,0.000,0,0
benchmarks/satlib/uf20-91/uf20-0573.cnf,SAT,0.000,0,0
benchmarks/satlib/uf20-91/uf20-0574.cnf,SAT,0.000,0,0
benchmarks/satlib/uf20-91/uf20-0575.cnf,SAT,0.000,0,0
benchmarks/satlib/uf20-91/uf20-0576.cnf,SAT,0.000,0,0
benchmarks/satlib/uf20-91/uf20-0577.cnf,SAT,0.000,0,0
benchmarks/satlib/uf20-91/uf20-0578.cnf,SAT,0.000,0,0
benchmarks/satlib/uf20-91/uf20-0579.cnf,SAT,0.000,0,0
benchmarks/satlib/uf20-91/uf20-058.cnf,SAT,0.000,0,0
benchmarks/satlib/uf20-91/uf20-0580.cnf,SAT,0.000,0,0
benchmarks/satlib/uf20-91/uf20-0581.cnf,SAT,0.000,0,0
benchmarks/satlib/uf20-91/uf20-0582.cnf,SAT,0.000,0,0
benchmarks/satlib/uf20-91/uf20-0583.cnf,SAT,0.000,0,0
benchmarks/satlib/uf20-91/uf20-0584.cnf,SAT,0.000,0,0
benchmarks/satlib/uf20-91/uf20-0585.cnf,SAT,0.000,0,0
benchmarks/satlib/uf20-91/uf20-0586.cnf,SAT,0.000,0,0
benchmarks/satlib/uf20-91/uf20-0587.cnf,SAT,0.000,0,0
benchmarks/satlib/uf20-91/uf20-0588.cnf,SAT,0.000,0,0
benchmarks/satlib/uf20-91/uf20-0589.cnf,SAT,0.000,0,0
benchmarks/satlib/uf20-91/uf20-059.cnf,SAT,0.000,0,0
benchmarks/satlib/uf20-91/uf20-0590.cnf,SAT,0.000,0,0
benchmarks/satlib/uf20-91/uf20-0591.cnf,SAT,0.000,0,0
benchmarks/satlib/uf20-91/uf20-0592.cnf,SAT,0.000,0,0
benchmarks/satlib/uf20-91/uf20-0593.cnf,SAT,0.000,0,0
benchmarks/satlib/uf20-91/uf20-0594.cnf,SAT,0.000,0,0
benchmarks/satlib/uf20-91/uf20-0595.cnf,SAT,0.000,0,0
benchmarks/satlib/uf20-91/uf20-0596.cnf,SAT,0.000,0,0
benchmarks/satlib/uf20-91/uf20-0597.cnf,SAT,0.000,0,0
benchmarks/satlib/uf20-91/uf20-0598.cnf,SAT,0.000,0,0
benchmarks/satlib/uf20-91/uf20-0599.cnf,SAT,0.000,0,0
benchmarks/satlib/uf20-91/uf20-06.cnf,SAT,0.000,0,0
benchmarks/satlib/uf20-91/uf20-060.cnf,SAT,0.000,0,0
benchmarks/satlib/uf20-91/uf20-0600.cnf,SAT,0.000,0,0
benchmarks/satlib/uf20-91/uf20-0601.cnf,SAT,0.000,0,0
benchmarks/satlib/uf20-91/uf20-0602.cnf,SAT,0.000,0,0
benchmarks/satlib/uf20-91/uf20-0603.cnf,SAT,0.000,0,0
benchmarks/satlib/uf20-91/uf20-0604.cnf,SAT,0.000,0,0
benchmarks/satlib/uf20-91/uf20-0605.cnf,SAT,0.000,0,0
benchmarks/satlib/uf20-91/uf20-0606.cnf,SAT,0.000,0,0
benchmarks/satlib/uf20-91/uf20-0607.cnf,SAT,0.000,0,0
benchmarks/satlib/uf20-91/uf20-0608.cnf,SAT,0.000,0,0
benchmarks/satlib/uf20-91/uf20-0609.cnf,SAT,0.000,0,0
benchmarks/satlib/uf20-91/uf20-061.cnf,SAT,0.000,0,0
benchmarks/satlib/uf20-91/uf20-0610.cnf,SAT,0.000,0,0
benchmarks/satlib/uf20-91/uf20-0611.cnf,SAT,0.000,0,0
benchmarks/satlib/uf20-91/uf20-0612.cnf,SAT,0.000,0,0
benchmarks/satlib/uf20-91/uf20-0613.cnf,SAT,0.000,0,0
benchmarks/satlib/uf20-91/uf20-0614.cnf,SAT,0.000,0,0
benchmarks/satlib/uf20-91/uf20-0615.cnf,SAT,0.000,0,0
benchmarks/satlib/uf20-91/uf20-0616.cnf,SAT,0.000,0,0
benchmarks/satlib/uf20-91/uf20-0617.cnf,SAT,0.000,0,0
benchmarks/satlib/uf20-91/uf20-0618.cnf,SAT,0.000,0,0
benchmarks/satlib/uf20-91/uf20-0619.cnf,SAT,0.000,0,0
benchmarks/satlib/uf20-91/uf20-062.cnf,SAT,0.000,0,0
benchmarks/satlib/uf20-91/uf20-0620.cnf,SAT,0.000,0,0
benchmarks/satlib/uf20-91/uf20-0621.cnf,SAT,0.000,0,0
benchmarks/satlib/uf20-91/uf20-0622.cnf,SAT,0.000,0,0
benchmarks/satlib/uf20-91/uf20-0623.cnf,SAT,0.000,0,0
benchmarks/satlib/uf20-91/uf20-0624.cnf,SAT,0.000,0,0
benchmarks/satlib/uf20-91/uf20-0625.cnf,SAT,0.000,0,0
benchmarks/satlib/uf20-91/uf20-0626.cnf,SAT,0.000,0,0
benchmarks/satlib/uf20-91/uf20-0627.cnf,SAT,0.000,0,0
benchmarks/satlib/uf20-91/uf20-0628.cnf,SAT,0.000,0,0
benchmarks/satlib/uf20-91/uf20-0629.cnf,SAT,0.000,0,0
benchmarks/satlib/uf20-91/uf20-063.cnf,SAT,0.000,0,0
benchmarks/satlib/uf20-91/uf20-0630.cnf,SAT,0.000,0,0
benchmarks/satlib/uf20-91/uf20-0631.cnf,SAT,0.000,0,0
benchmarks/satlib/uf20-91/uf20-0632.cnf,SAT,0.000,0,0
benchmarks/satlib/uf20-91/uf20-0633.cnf,SAT,0.000,0,0
benchmarks/satlib/uf20-91/uf20-0634.cnf,SAT,0.000,0,0
benchmarks/satlib/uf20-91/uf20-0635.cnf,SAT,0.000,0,0
benchmarks/satlib/uf20-91/uf20-0636.cnf,SAT,0.000,0,0
benchmarks/satlib/uf20-91/uf20-0637.cnf,SAT,0.000,0,0
benchmarks/satlib/uf20-91/uf20-0638.cnf,SAT,0.000,0,0
benchmarks/satlib/uf20-91/uf20-0639.cnf,SAT,0.000,0,0
benchmarks/satlib/uf20-91/uf20-064.cnf,SAT,0.000,0,0
benchmarks/satlib/uf20-91/uf20-0640.cnf,SAT,0.000,0,0
benchmarks/satlib/uf20-91/uf20-0641.cnf,SAT,0.000,0,0
benchmarks/satlib/uf20-91/uf20-0642.cnf,SAT,0.000,0,0
benchmarks/satlib/uf20-91/uf20-0643.cnf,SAT,0.000,0,0
benchmarks/satlib/uf20-91/uf20-0644.cnf,SAT,0.000,0,0
benchmarks/satlib/uf20-91/uf20-0645.cnf,SAT,0.000,0,0
benchmarks/satlib/uf20-91/uf20-0646.cnf,SAT,0.000,0,0
benchmarks/satlib/uf20-91/uf20-0647.cnf,SAT,0.000,0,0
benchmarks/satlib/uf20-91/uf20-0648.cnf,SAT,0.000,0,0
benchmarks/satlib/uf20-91/uf20-0649.cnf,SAT,0.000,0,0
benchmarks/satlib/uf20-91/uf20-065.cnf,SAT,0.000,0,0
benchmarks/satlib/uf20-91/uf20-0650.cnf,SAT,0.000,0,0
benchmarks/satlib/uf20-91/uf20-0651.cnf,SAT,0.000,0,0
benchmarks/satlib/uf20-91/uf20-0652.cnf,SAT,0.000,0,0
benchmarks/satlib/uf20-91/uf20-0653.cnf,SAT,0.000,0,0
benchmarks/satlib/uf20-91/uf20-0654.cnf,SAT,0.000,0,0
benchmarks/satlib/uf20-91/uf20-0655.cnf,SAT,0.000,0,0
benchmarks/satlib/uf20-91/uf20-0656.cnf,SAT,0.000,0,0
benchmarks/satlib/uf20-91/uf20-0657.cnf,SAT,0.000,0,0
benchmarks/satlib/uf20-91/uf20-0658.cnf,SAT,0.000,0,0
benchmarks/satlib/uf20-91/uf20-0659.cnf,SAT,0.000,0,0
benchmarks/satlib/uf20-91/uf20-066.cnf,SAT,0.000,0,0
benchmarks/satlib/uf20-91/uf20-0660.cnf,SAT,0.000,0,0
benchmarks/satlib/uf20-91/uf20-0661.cnf,SAT,0.000,0,0
benchmarks/satlib/uf20-91/uf20-0662.cnf,SAT,0.000,0,0
benchmarks/satlib/uf20-91/uf20-0663.cnf,SAT,0.000,0,0
benchmarks/satlib/uf20-91/uf20-0664.cnf,SAT,0.000,0,0
benchmarks/satlib/uf20-91/uf20-0665.cnf,SAT,0.000,0,0
benchmarks/satlib/uf20-91/uf20-0666.cnf,SAT,0.000,0,0
benchmarks/satlib/uf20-91/uf20-0667.cnf,SAT,0.000,0,0
benchmarks/satlib/uf20-91/uf20-0668.cnf,SAT,0.000,0,0
benchmarks/satlib/uf20-91/uf20-0669.cnf,SAT,0.000,0,0
benchmarks/satlib/uf20-91/uf20-067.cnf,SAT,0.000,0,0
benchmarks/satlib/uf20-91/uf20-0670.cnf,SAT,0.000,0,0
benchmarks/satlib/uf20-91/uf20-0671.cnf,SAT,0.000,0,0
benchmarks/satlib/uf20-91/uf20-0672.cnf,SAT,0.000,0,0
benchmarks/satlib/uf20-91/uf20-0673.cnf,SAT,0.000,0,0
benchmarks/satlib/uf20-91/uf20-0674.cnf,SAT,0.000,0,0
benchmarks/satlib/uf20-91/uf20-0675.cnf,SAT,0.000,0,0
benchmarks/satlib/uf20-91/uf20-0676.cnf,SAT,0.000,0,0
benchmarks/satlib/uf20-91/uf20-0677.cnf,SAT,0.000,0,0
benchmarks/satlib/uf20-91/uf20-0678.cnf,SAT,0.000,0,0
benchmarks/satlib/uf20-91/uf20-0679.cnf,SAT,0.000,0,0
benchmarks/satlib/uf20-91/uf20-068.cnf,SAT,0.000,0,0
benchmarks/satlib/uf20-91/uf20-0680.cnf,SAT,0.000,0,0
benchmarks/satlib/uf20-91/uf20-0681.cnf,SAT,0.000,0,0
benchmarks/satlib/uf20-91/uf20-0682.cnf,SAT,0.000,0,0
benchmarks/satlib/uf20-91/uf20-0683.cnf,SAT,0.000,0,0
benchmarks/satlib/uf20-91/uf20-0684.cnf,SAT,0.000,0,0
benchmarks/satlib/uf20-91/uf20-0685.cnf,SAT,0.000,0,0
benchmarks/satlib/uf20-91/uf20-0686.cnf,SAT,0.000,0,0
benchmarks/satlib/uf20-91/uf20-0687.cnf,SAT,0.000,0,0
benchmarks/satlib/uf20-91/uf20-0688.cnf,SAT,0.000,0,0
benchmarks/satlib/uf20-91/uf20-0689.cnf,SAT,0.000,0,0
benchmarks/satlib/uf20-91/uf20-069.cnf,SAT,0.000,0,0
benchmarks/satlib/uf20-91/uf20-0690.cnf,SAT,0.000,0,0
benchmarks/satlib/uf20-91/uf20-0691.cnf,SAT,0.000,0,0
benchmarks/satlib/uf20-91/uf20-0692.cnf,SAT,0.000,0,0
benchmarks/satlib/uf20-91/uf20-0693.cnf,SAT,0.000,0,0
benchmarks/satlib/uf20-91/uf20-0694.cnf,SAT,0.000,0,0
benchmarks/satlib/uf20-91/uf20-0695.cnf,SAT,0.000,0,0
benchmarks/satlib/uf20-91/uf20-0696.cnf,SAT,0.000,0,0
benchmarks/satlib/uf20-91/uf20-0697.cnf,SAT,0.000,0,0
benchmarks/satlib/uf20-91/uf20-0698.cnf,SAT,0.000,0,0
benchmarks/satlib/uf20-91/uf20-0699.cnf,SAT,0.000,0,0
benchmarks/satlib/uf20-91/uf20-07.cnf,SAT,0.000,0,0
benchmarks/satlib/uf20-91/uf20-070.cnf,SAT,0.000,0,0
benchmarks/satlib/uf20-91/uf20-0700.cnf,SAT,0.000,0,0
benchmarks/satlib/uf20-91/uf20-0701.cnf,SAT,0.000,0,0
benchmarks/satlib/uf20-91/uf20-0702.cnf,SAT,0.000,0,0
benchmarks/satlib/uf20-91/uf20-0703.cnf,SAT,0.000,0,0
benchmarks/satlib/uf20-91/uf20-0704.cnf,SAT,0.000,0,0
benchmarks/satlib/uf20-91/uf20-0705.cnf,SAT,0.000,0,0
benchmarks/satlib/uf20-91/uf20-0706.cnf,SAT,0.000,0,0
benchmarks/satlib/uf20-91/uf20-0707.cnf,SAT,0.000,0,0
benchmarks/satlib/uf20-91/uf20-0708.cnf,SAT,0.000,0,0
benchmarks/satlib/uf20-91/uf20-0709.cnf,SAT,0.000,0,0
benchmarks/satlib/uf20-91/uf20-071.cnf,SAT,0.000,0,0
benchmarks/satlib/uf20-91/uf20-0710.cnf,SAT,0.000,0,0
benchmarks/satlib/uf20-91/uf20-0711.cnf,SAT,0.000,0,0
benchmarks/satlib/uf20-91/uf20-0712.cnf,SAT,0.000,0,0
benchmarks/satlib/uf20-91/uf20-0713.cnf,SAT,0.000,0,0
benchmarks/satlib/uf20-91/uf20-0714.cnf,SAT,0.000,0,0
benchmarks/satlib/uf20-91/uf20-0715.cnf,SAT,0.000,0,0
benchmarks/satlib/uf20-91/uf20-0716.cnf,SAT,0.000,0,0
benchmarks/satlib/uf20-91/uf20-0717.cnf,SAT,0.000,0,0
benchmarks/satlib/uf20-91/uf20-0718.cnf,SAT,0.000,0,0
benchmarks/satlib/uf20-91/uf20-0719.cnf,SAT,0.000,0,0
benchmarks/satlib/uf20-91/uf20-072.cnf,SAT,0.000,0,0
benchmarks/satlib/uf20-91/uf20-0720.cnf,SAT,0.000,0,0
benchmarks/satlib/uf20-91/uf20-0721.cnf,SAT,0.000,0,0
benchmarks/satlib/uf20-91/uf20-0722.cnf,SAT,0.000,0,0
benchmarks/satlib/uf20-91/uf20-0723.cnf,SAT,0.000,0,0
benchmarks/satlib/uf20-91/uf20-0724.cnf,SAT,0.000,0,0
benchmarks/satlib/uf20-91/uf20-0725.cnf,SAT,0.000,0,0
benchmarks/satlib/uf20-91/uf20-0726.cnf,SAT,0.000,0,0
benchmarks/satlib/uf20-91/uf20-0727.cnf,SAT,0.000,0,0
benchmarks/satlib/uf20-91/uf20-0728.cnf,SAT,0.000,0,0
benchmarks/satlib/uf20-91/uf20-0729.cnf,SAT,0.000,0,0
benchmarks/satlib/uf20-91/uf20-073.cnf,SAT,0.000,0,0
benchmarks/satlib/uf20-91/uf20-0730.cnf,SAT,0.000,0,0
benchmarks/satlib/uf20-91/uf20-0731.cnf,SAT,0.000,0,0
benchmarks/satlib/uf20-91/uf20-0732.cnf,SAT,0.000,0,0
benchmarks/satlib/uf20-91/uf20-0733.cnf,SAT,0.000,0,0
benchmarks/satlib/uf20-91/uf20-0734.cnf,SAT,0.000,0,0
benchmarks/satlib/uf20-91/uf20-0735.cnf,SAT,0.000,0,0
benchmarks/satlib/uf20-91/uf20-0736.cnf,SAT,0.000,0,0
benchmarks/satlib/uf20-91/uf20-0737.cnf,SAT,0.000,0,0
benchmarks/satlib/uf20-91/uf20-0738.cnf,SAT,0.000,0,0
benchmarks/satlib/uf20-91/uf20-0739.cnf,SAT,0.000,0,0
benchmarks/satlib/uf20-91/uf20-074.cnf,SAT,0.000,0,0
benchmarks/satlib/uf20-91/uf20-0740.cnf,SAT,0.000,0,0
benchmarks/satlib/uf20-91/uf20-0741.cnf,SAT,0.000,0,0
benchmarks/satlib/uf20-91/uf20-0742.cnf,SAT,0.000,0,0
benchmarks/satlib/uf20-91/uf20-0743.cnf,SAT,0.000,0,0
benchmarks/satlib/uf20-91/uf20-0744.cnf,SAT,0.000,0,0
benchmarks/satlib/uf20-91/uf20-0745.cnf,SAT,0.000,0,0
benchmarks/satlib/uf20-91/uf20-0746.cnf,SAT,0.000,0,0
benchmarks/satlib/uf20-91/uf20-0747.cnf,SAT,0.000,0,0
benchmarks/satlib/uf20-91/uf20-0748.cnf,SAT,0.000,0,0
benchmarks/satlib/uf20-91/uf20-0749.cnf,SAT,0.000,0,0
benchmarks/satlib/uf20-91/uf20-075.cnf,SAT,0.000,0,0
benchmarks/satlib/uf20-91/uf20-0750.cnf,SAT,0.000,0,0
benchmarks/satlib/uf20-91/uf20-0751.cnf,SAT,0.000,0,0
benchmarks/satlib/uf20-91/uf20-0752.cnf,SAT,0.000,0,0
benchmarks/satlib/uf20-91/uf20-0753.cnf,SAT,0.000,0,0
benchmarks/satlib/uf20-91/uf20-0754.cnf,SAT,0.000,0,0
benchmarks/satlib/uf20-91/uf20-0755.cnf,SAT,0.000,0,0
benchmarks/satlib/uf20-91/uf20-0756.cnf,SAT,0.000,0,0
benchmarks/satlib/uf20-91/uf20-0757.cnf,SAT,0.000,0,0
benchmarks/satlib/uf20-91/uf20-0758.cnf,SAT,0.000,0,0
benchmarks/satlib/uf20-91/uf20-0759.cnf,SAT,0.000,0,0
benchmarks/satlib/uf20-91/uf20-076.cnf,SAT,0.000,0,0
benchmarks/satlib/uf20-91/uf20-0760.cnf,SAT,0.000,0,0
benchmarks/satlib/uf20-91/uf20-0761.cnf,SAT,0.000,0,0
benchmarks/satlib/uf20-91/uf20-0762.cnf,SAT,0.000,0,0
benchmarks/satlib/uf20-91/uf20-0763.cnf,SAT,0.000,0,0
benchmarks/satlib/uf20-91/uf20-0764.cnf,SAT,0.000,0,0
benchmarks/satlib/uf20-91/uf20-0765.cnf,SAT,0.000,0,0
benchmarks/satlib/uf20-91/uf20-0766.cnf,SAT,0.000,0,0
benchmarks/satlib/uf20-91/uf20-0767.cnf,SAT,0.000,0,0
benchmarks/satlib/uf20-91/uf20-0768.cnf,SAT,0.000,0,0
benchmarks/satlib/uf20-91/uf20-0769.cnf,SAT,0.000,0,0
benchmarks/satlib/uf20-91/uf20-077.cnf,SAT,0.000,0,0
benchmarks/satlib/uf20-91/uf20-0770.cnf,SAT,0.000,0,0
benchmarks/satlib/uf20-91/uf20-0771.cnf,SAT,0.000,0,0
benchmarks/satlib/uf20-91/uf20-0772.cnf,SAT,0.000,0,0
benchmarks/satlib/uf20-91/uf20-0773.cnf,SAT,0.000,0,0
benchmarks/satlib/uf20-91/uf20-0774.cnf,SAT,0.000,0,0
benchmarks/satlib/uf20-91/uf20-0775.cnf,SAT,0.000,0,0
benchmarks/satlib/uf20-91/uf20-0776.cnf,SAT,0.000,0,0
benchmarks/satlib/uf20-91/uf20-0777.cnf,SAT,0.000,0,0
benchmarks/satlib/uf20-91/uf20-0778.cnf,SAT,0.000,0,0
benchmarks/satlib/uf20-91/uf20-0779.cnf,SAT,0.000,0,0
benchmarks/satlib/uf20-91/uf20-078.cnf,SAT,0.000,0,0
benchmarks/satlib/uf20-91/uf20-0780.cnf,SAT,0.000,0,0
benchmarks/satlib/uf20-91/uf20-0781.cnf,SAT,0.000,0,0
benchmarks/satlib/uf20-91/uf20-0782.cnf,SAT,0.000,0,0
benchmarks/satlib/uf20-91/uf20-0783.cnf,SAT,0.000,0,0
benchmarks/satlib/uf20-91/uf20-0784.cnf,SAT,0.000,0,0
benchmarks/satlib/uf20-91/uf20-0785.cnf,SAT,0.000,0,0
benchmarks/satlib/uf20-91/uf20-0786.cnf,SAT,0.000,0,0
benchmarks/satlib/uf20-91/uf20-0787.cnf,SAT,0.000,0,0
benchmarks/satlib/uf20-91/uf20-0788.cnf,SAT,0.000,0,0
benchmarks/satlib/uf20-91/uf20-0789.cnf,SAT,0.000,0,0
benchmarks/satlib/uf20-91/uf20-079.cnf,SAT,0.000,0,0
benchmarks/satlib/uf20-91/uf20-0790.cnf,SAT,0.000,0,0
benchmarks/satlib/uf20-91/uf20-0791.cnf,SAT,0.000,0,0
benchmarks/satlib/uf20-91/uf20-0792.cnf,SAT,0.000,0,0
benchmarks/satlib/uf20-91/uf20-0793.cnf,SAT,0.000,0,0
benchmarks/satlib/uf20-91/uf20-0794.cnf,SAT,0.000,0,0
benchmarks/satlib/uf20-91/uf20-0795.cnf,SAT,0.000,0,0
benchmarks/satlib/uf20-91/uf20-0796.cnf,SAT,0.000,0,0
benchmarks/satlib/uf20-91/uf20-0797.cnf,SAT,0.000,0,0
benchmarks/satlib/uf20-91/uf20-0798.cnf,SAT,0.000,0,0
benchmarks/satlib/uf20-91/uf20-0799.cnf,SAT,0.000,0,0
benchmarks/satlib/uf20-91/uf20-08.cnf,SAT,0.000,0,0
benchmarks/satlib/uf20-91/uf20-080.cnf,SAT,0.000,0,0
benchmarks/satlib/uf20-91/uf20-0800.cnf,SAT,0.000,0,0
benchmarks/satlib/uf20-91/uf20-0801.cnf,SAT,0.000,0,0
benchmarks/satlib/uf20-91/uf20-0802.cnf,SAT,0.000,0,0
benchmarks/satlib/uf20-91/uf20-0803.cnf,SAT,0.000,0,0
benchmarks/satlib/uf20-91/uf20-0804.cnf,SAT,0.000,0,0
benchmarks/satlib/uf20-91/uf20-0805.cnf,SAT,0.000,0,0
benchmarks/satlib/uf20-91/uf20-0806.cnf,SAT,0.000,0,0
benchmarks/satlib/uf20-91/uf20-0807.cnf,SAT,0.000,0,0
benchmarks/satlib/uf20-91/uf20-0808.cnf,SAT,0.000,0,0
benchmarks/satlib/uf20-91/uf20-0809.cnf,SAT,0.000,0,0
benchmarks/satlib/uf20-91/uf20-081.cnf,SAT,0.000,0,0
benchmarks/satlib/uf20-91/uf20-0810.cnf,SAT,0.000,0,0
benchmarks/satlib/uf20-91/uf20-0811.cnf,SAT,0.000,0,0
benchmarks/satlib/uf20-91/uf20-0812.cnf,SAT,0.000,0,0
benchmarks/satlib/uf20-91/uf20-0813.cnf,SAT,0.000,0,0
benchmarks/satlib/uf20-91/uf20-0814.cnf,SAT,0.000,0,0
benchmarks/satlib/uf20-91/uf20-0815.cnf,SAT,0.000,0,0
benchmarks/satlib/uf20-91/uf20-0816.cnf,SAT,0.000,0,0
benchmarks/satlib/uf20-91/uf20-0817.cnf,SAT,0.000,0,0
benchmarks/satlib/uf20-91/uf20-0818.cnf,SAT,0.000,0,0
benchmarks/satlib/uf20-91/uf20-0819.cnf,SAT,0.000,0,0
benchmarks/satlib/uf20-91/uf20-082.cnf,SAT,0.000,0,0
benchmarks/satlib/uf20-91/uf20-0820.cnf,SAT,0.000,0,0
benchmarks/satlib/uf20-91/uf20-0821.cnf,SAT,0.000,0,0
benchmarks/satlib/uf20-91/uf20-0822.cnf,SAT,0.000,0,0
benchmarks/satlib/uf20-91/uf20-0823.cnf,SAT,0.000,0,0
benchmarks/satlib/uf20-91/uf20-0824.cnf,SAT,0.000,0,0
benchmarks/satlib/uf20-91/uf20-0825.cnf,SAT,0.000,0,0
benchmarks/satlib/uf20-91/uf20-0826.cnf,SAT,0.000,0,0
benchmarks/satlib/uf20-91/uf20-0827.cnf,SAT,0.000,0,0
benchmarks/satlib/uf20-91/uf20-0828.cnf,SAT,0.000,0,0
benchmarks/satlib/uf20-91/uf20-0829.cnf,SAT,0.000,0,0
benchmarks/satlib/uf20-91/uf20-083.cnf,SAT,0.000,0,0
benchmarks/satlib/uf20-91/uf20-0830.cnf,SAT,0.000,0,0
benchmarks/satlib/uf20-91/uf20-0831.cnf,SAT,0.000,0,0
benchmarks/satlib/uf20-91/uf20-0832.cnf,SAT,0.000,0,0
benchmarks/satlib/uf20-91/uf20-0833.cnf,SAT,0.000,0,0
benchmarks/satlib/uf20-91/uf20-0834.cnf,SAT,0.000,0,0
benchmarks/satlib/uf20-91/uf20-0835.cnf,SAT,0.000,0,0
benchmarks/satlib/uf20-91/uf20-0836.cnf,SAT,0.000,0,0
benchmarks/satlib/uf20-91/uf20-0837.cnf,SAT,0.000,0,0
benchmarks/satlib/uf20-91/uf20-0838.cnf,SAT,0.000,0,0
benchmarks/satlib/uf20-91/uf20-0839.cnf,SAT,0.000,0,0
benchmarks/satlib/uf20-91/uf20-084.cnf,SAT,0.000,0,0
benchmarks/satlib/uf20-91/uf20-0840.cnf,SAT,0.000,0,0
benchmarks/satlib/uf20-91/uf20-0841.cnf,SAT,0.000,0,0
benchmarks/satlib/uf20-91/uf20-0842.cnf,SAT,0.000,0,0
benchmarks/satlib/uf20-91/uf20-0843.cnf,SAT,0.000,0,0
benchmarks/satlib/uf20-91/uf20-0844.cnf,SAT,0.000,0,0
benchmarks/satlib/uf20-91/uf20-0845.cnf,SAT,0.000,0,0
benchmarks/satlib/uf20-91/uf20-0846.cnf,SAT,0.000,0,0
benchmarks/satlib/uf20-91/uf20-0847.cnf,SAT,0.000,0,0
benchmarks/satlib/uf20-91/uf20-0848.cnf,SAT,0.000,0,0
benchmarks/satlib/uf20-91/uf20-0849.cnf,SAT,0.000,0,0
benchmarks/satlib/uf20-91/uf20-085.cnf,SAT,0.000,0,0
benchmarks/satlib/uf20-91/uf20-0850.cnf,SAT,0.000,0,0
benchmarks/satlib/uf20-91/uf20-0851.cnf,SAT,0.000,0,0
benchmarks/satlib/uf20-91/uf20-0852.cnf,SAT,0.000,0,0
benchmarks/satlib/uf20-91/uf20-0853.cnf,SAT,0.000,0,0
benchmarks/satlib/uf20-91/uf20-0854.cnf,SAT,0.000,0,0
benchmarks/satlib/uf20-91/uf20-0855.cnf,SAT,0.000,0,0
benchmarks/satlib/uf20-91/uf20-0856.cnf,SAT,0.000,0,0
benchmarks/satlib/uf20-91/uf20-0857.cnf,SAT,0.000,0,0
benchmarks/satlib/uf20-91/uf20-0858.cnf,SAT,0.000,0,0
benchmarks/satlib/uf20-91/uf20-0859.cnf,SAT,0.000,0,0
benchmarks/satlib/uf20-91/uf20-086.cnf,SAT,0.000,0,0
benchmarks/satlib/uf20-91/uf20-0860.cnf,SAT,0.000,0,0
benchmarks/satlib/uf20-91/uf20-0861.cnf,SAT,0.000,0,0
benchmarks/satlib/uf20-91/uf20-0862.cnf,SAT,0.000,0,0
benchmarks/satlib/uf20-91/uf20-0863.cnf,SAT,0.000,0,0
benchmarks/satlib/uf20-91/uf20-0864.cnf,SAT,0.000,0,0
benchmarks/satlib/uf20-91/uf20-0865.cnf,SAT,0.000,0,0
benchmarks/satlib/uf20-91/uf20-0866.cnf,SAT,0.000,0,0
benchmarks/satlib/uf20-91/uf20-0867.cnf,SAT,0.000,0,0
benchmarks/satlib/uf20-91/uf20-0868.cnf,SAT,0.000,0,0
benchmarks/satlib/uf20-91/uf20-0869.cnf,SAT,0.000,0,0
benchmarks/satlib/uf20-91/uf20-087.cnf,SAT,0.000,0,0
benchmarks/satlib/uf20-91/uf20-0870.cnf,SAT,0.000,0,0
benchmarks/satlib/uf20-91/uf20-0871.cnf,SAT,0.000,0,0
benchmarks/satlib/uf20-91/uf20-0872.cnf,SAT,0.000,0,0
benchmarks/satlib/uf20-91/uf20-0873.cnf,SAT,0.000,0,0
benchmarks/satlib/uf20-91/uf20-0874.cnf,SAT,0.000,0,0
benchmarks/satlib/uf20-91/uf20-0875.cnf,SAT,0.000,0,0
benchmarks/satlib/uf20-91/uf20-0876.cnf,SAT,0.000,0,0
benchmarks/satlib/uf20-91/uf20-0877.cnf,SAT,0.000,0,0
benchmarks/satlib/uf20-91/uf20-0878.cnf,SAT,0.000,0,0
benchmarks/satlib/uf20-91/uf20-0879.cnf,SAT,0.000,0,0
benchmarks/satlib/uf20-91/uf20-088.cnf,SAT,0.000,0,0
benchmarks/satlib/uf20-91/uf20-0880.cnf,SAT,0.000,0,0
benchmarks/satlib/uf20-91/uf20-0881.cnf,SAT,0.000,0,0
benchmarks/satlib/uf20-91/uf20-0882.cnf,SAT,0.000,0,0
benchmarks/satlib/uf20-91/uf20-0883.cnf,SAT,0.000,0,0
benchmarks/satlib/uf20-91/uf20-0884.cnf,SAT,0.000,0,0
benchmarks/satlib/uf20-91/uf20-0885.cnf,SAT,0.000,0,0
benchmarks/satlib/uf20-91/uf20-0886.cnf,SAT,0.000,0,0
benchmarks/satlib/uf20-91/uf20-0887.cnf,SAT,0.000,0,0
benchmarks/satlib/uf20-91/uf20-0888.cnf,SAT,0.000,0,0
benchmarks/satlib/uf20-91/uf20-0889.cnf,SAT,0.000,0,0
benchmarks/satlib/uf20-91/uf20-089.cnf,SAT,0.000,0,0
benchmarks/satlib/uf20-91/uf20-0890.cnf,SAT,0.000,0,0
benchmarks/satlib/uf20-91/uf20-0891.cnf,SAT,0.000,0,0
benchmarks/satlib/uf20-91/uf20-0892.cnf,SAT,0.000,0,0
benchmarks/satlib/uf20-91/uf20-0893.cnf,SAT,0.000,0,0
benchmarks/satlib/uf20-91/uf20-0894.cnf,SAT,0.000,0,0
benchmarks/satlib/uf20-91/uf20-0895.cnf,SAT,0.000,0,0
benchmarks/satlib/uf20-91/uf20-0896.cnf,SAT,0.000,0,0
benchmarks/satlib/uf20-91/uf20-0897.cnf,SAT,0.000,0,0
benchmarks/satlib/uf20-91/uf20-0898.cnf,SAT,0.000,0,0
benchmarks/satlib/uf20-91/uf20-0899.cnf,SAT,0.000,0,0
benchmarks/satlib/uf20-91/uf20-09.cnf,SAT,0.000,0,0
benchmarks/satlib/uf20-91/uf20-090.cnf,SAT,0.000,0,0
benchmarks/satlib/uf20-91/uf20-0900.cnf,SAT,0.000,0,0
benchmarks/satlib/uf20-91/uf20-0901.cnf,SAT,0.000,0,0
benchmarks/satlib/uf20-91/uf20-0902.cnf,SAT,0.000,0,0
benchmarks/satlib/uf20-91/uf20-0903.cnf,SAT,0.000,0,0
benchmarks/satlib/uf20-91/uf20-0904.cnf,SAT,0.000,0,0
benchmarks/satlib/uf20-91/uf20-0905.cnf,SAT,0.000,0,0
benchmarks/satlib/uf20-91/uf20-0906.cnf,SAT,0.000,0,0
benchmarks/satlib/uf20-91/uf20-0907.cnf,SAT,0.000,0,0
benchmarks/satlib/uf20-91/uf20-0908.cnf,SAT,0.000,0,0
benchmarks/satlib/uf20-91/uf20-0909.cnf,SAT,0.000,0,0
benchmarks/satlib/uf20-91/uf20-091.cnf,SAT,0.000,0,0
benchmarks/satlib/uf20-91/uf20-0910.cnf,SAT,0.000,0,0
benchmarks/satlib/uf20-91/uf20-0911.cnf,SAT,0.000,0,0
benchmarks/satlib/uf20-91/uf20-0912.cnf,SAT,0.000,0,0
benchmarks/satlib/uf20-91/uf20-0913.cnf,SAT,0.000,0,0
benchmarks/satlib/uf20-91/uf20-0914.cnf,SAT,0.000,0,0
benchmarks/satlib/uf20-91/uf20-0915.cnf,SAT,0.000,0,0
benchmarks/satlib/uf20-91/uf20-0916.cnf,SAT,0.000,0,0
benchmarks/satlib/uf20-91/uf20-0917.cnf,SAT,0.000,0,0
benchmarks/satlib/uf20-91/uf20-0918.cnf,SAT,0.000,0,0
benchmarks/satlib/uf20-91/uf20-0919.cnf,SAT,0.000,0,0
benchmarks/satlib/uf20-91/uf20-092.cnf,SAT,0.000,0,0
benchmarks/satlib/uf20-91/uf20-0920.cnf,SAT,0.000,0,0
benchmarks/satlib/uf20-91/uf20-0921.cnf,SAT,0.000,0,0
benchmarks/satlib/uf20-91/uf20-0922.cnf,SAT,0.000,0,0
benchmarks/satlib/uf20-91/uf20-0923.cnf,SAT,0.000,0,0
benchmarks/satlib/uf20-91/uf20-0924.cnf,SAT,0.000,0,0
benchmarks/satlib/uf20-91/uf20-0925.cnf,SAT,0.000,0,0
benchmarks/satlib/uf20-91/uf20-0926.cnf,SAT,0.000,0,0
benchmarks/satlib/uf20-91/uf20-0927.cnf,SAT,0.000,0,0
benchmarks/satlib/uf20-91/uf20-0928.cnf,SAT,0.000,0,0
benchmarks/satlib/uf20-91/uf20-0929.cnf,SAT,0.000,0,0
benchmarks/satlib/uf20-91/uf20-093.cnf,SAT,0.000,0,0
benchmarks/satlib/uf20-91/uf20-0930.cnf,SAT,0.000,0,0
benchmarks/satlib/uf20-91/uf20-0931.cnf,SAT,0.000,0,0
benchmarks/satlib/uf20-91/uf20-0932.cnf,SAT,0.000,0,0
benchmarks/satlib/uf20-91/uf20-0933.cnf,SAT,0.000,0,0
benchmarks/satlib/uf20-91/uf20-0934.cnf,SAT,0.000,0,0
benchmarks/satlib/uf20-91/uf20-0935.cnf,SAT,0.000,0,0
benchmarks/satlib/uf20-91/uf20-0936.cnf,SAT,0.000,0,0
benchmarks/satlib/uf20-91/uf20-0937.cnf,SAT,0.000,0,0
benchmarks/satlib/uf20-91/uf20-0938.cnf,SAT,0.000,0,0
benchmarks/satlib/uf20-91/uf20-0939.cnf,SAT,0.000,0,0
benchmarks/satlib/uf20-91/uf20-094.cnf,SAT,0.000,0,0
benchmarks/satlib/uf20-91/uf20-0940.cnf,SAT,0.000,0,0
benchmarks/satlib/uf20-91/uf20-0941.cnf,SAT,0.000,0,0
benchmarks/satlib/uf20-91/uf20-0942.cnf,SAT,0.000,0,0
benchmarks/satlib/uf20-91/uf20-0943.cnf,SAT,0.000,0,0
benchmarks/satlib/uf20-91/uf20-0944.cnf,SAT,0.000,0,0
benchmarks/satlib/uf20-91/uf20-0945.cnf,SAT,0.000,0,0
benchmarks/satlib/uf20-91/uf20-0946.cnf,SAT,0.000,0,0
benchmarks/satlib/uf20-91/uf20-0947.cnf,SAT,0.000,0,0
benchmarks/satlib/uf20-91/uf20-0948.cnf,SAT,0.000,0,0
benchmarks/satlib/uf20-91/uf20-0949.cnf,SAT,0.000,0,0
benchmarks/satlib/uf20-91/uf20-095.cnf,SAT,0.000,0,0
benchmarks/satlib/uf20-91/uf20-0950.cnf,SAT,0.000,0,0
benchmarks/satlib/uf20-91/uf20-0951.cnf,SAT,0.000,0,0
benchmarks/satlib/uf20-91/uf20-0952.cnf,SAT,0.000,0,0
benchmarks/satlib/uf20-91/uf20-0953.cnf,SAT,0.000,0,0
benchmarks/satlib/uf20-91/uf20-0954.cnf,SAT,0.000,0,0
benchmarks/satlib/uf20-91/uf20-0955.cnf,SAT,0.000,0,0
benchmarks/satlib/uf20-91/uf20-0956.cnf,SAT,0.000,0,0
benchmarks/satlib/uf20-91/uf20-0957.cnf,SAT,0.000,0,0
benchmarks/satlib/uf20-91/uf20-0958.cnf,SAT,0.000,0,0
benchmarks/satlib/uf20-91/uf20-0959.cnf,SAT,0.000,0,0
benchmarks/satlib/uf20-91/uf20-096.cnf,SAT,0.000,0,0
benchmarks/satlib/uf20-91/uf20-0960.cnf,SAT,0.000,0,0
benchmarks/satlib/uf20-91/uf20-0961.cnf,SAT,0.000,0,0
benchmarks/satlib/uf20-91/uf20-0962.cnf,SAT,0.000,0,0
benchmarks/satlib/uf20-91/uf20-0963.cnf,SAT,0.000,0,0
benchmarks/satlib/uf20-91/uf20-0964.cnf,SAT,0.000,0,0
benchmarks/satlib/uf20-91/uf20-0965.cnf,SAT,0.000,0,0
benchmarks/satlib/uf20-91/uf20-0966.cnf,SAT,0.000,0,0
benchmarks/satlib/uf20-91/uf20-0967.cnf,SAT,0.000,0,0
benchmarks/satlib/uf20-91/uf20-0968.cnf,SAT,0.000,0,0
benchmarks/satlib/uf20-91/uf20-0969.cnf,SAT,0.000,0,0
benchmarks/satlib/uf20-91/uf20-097.cnf,SAT,0.000,0,0
benchmarks/satlib/uf20-91/uf20-0970.cnf,SAT,0.000,0,0
benchmarks/satlib/uf20-91/uf20-0971.cnf,SAT,0.000,0,0
benchmarks/satlib/uf20-91/uf20-0972.cnf,SAT,0.000,0,0
benchmarks/satlib/uf20-91/uf20-0973.cnf,SAT,0.000,0,0
benchmarks/satlib/uf20-91/uf20-0974.cnf,SAT,0.000,0,0
benchmarks/satlib/uf20-91/uf20-0975.cnf,SAT,0.000,0,0
benchmarks/satlib/uf20-91/uf20-0976.cnf,SAT,0.000,0,0
benchmarks/satlib/uf20-91/uf20-0977.cnf,SAT,0.000,0,0
benchmarks/satlib/uf20-91/uf20-0978.cnf,SAT,0.000,0,0
benchmarks/satlib/uf20-91/uf20-0979.cnf,SAT,0.000,0,0
benchmarks/satlib/uf20-91/uf20-098.cnf,SAT,0.000,0,0
benchmarks/satlib/uf20-91/uf20-0980.cnf,SAT,0.000,0,0
benchmarks/satlib/uf20-91/uf20-0981.cnf,SAT,0.000,0,0
benchmarks/satlib/uf20-91/uf20-0982.cnf,SAT,0.000,0,0
benchmarks/satlib/uf20-91/uf20-0983.cnf,SAT,0.000,0,0
benchmarks/satlib/uf20-91/uf20-0984.cnf,SAT,0.000,0,0
benchmarks/satlib/uf20-91/uf20-0985.cnf,SAT,0.000,0,0
benchmarks/satlib/uf20-91/uf20-0986.cnf,SAT,0.000,0,0
benchmarks/satlib/uf20-91/uf20-0987.cnf,SAT,0.000,0,0
benchmarks/satlib/uf20-91/uf20-0988.cnf,SAT,0.000,0,0
benchmarks/satlib/uf20-91/uf20-0989.cnf,SAT,0.000,0,0
benchmarks/satlib/uf20-91/uf20-099.cnf,SAT,0.000,0,0
benchmarks/satlib/uf20-91/uf20-0990.cnf,SAT,0.000,0,0
benchmarks/satlib/uf20-91/uf20-0991.cnf,SAT,0.000,0,0
benchmarks/satlib/uf20-91/uf20-0992.cnf,SAT,0.000,0,0
benchmarks/satlib/uf20-91/uf20-0993.cnf,SAT,0.000,0,0
benchmarks/satlib/uf20-91/uf20-0994.cnf,SAT,0.000,0,0
benchmarks/satlib/uf20-91/uf20-0995.cnf,SAT,0.000,0,0
benchmarks/satlib/uf20-91/uf20-0996.cnf,SAT,0.000,0,0
benchmarks/satlib/uf20-91/uf20-0997.cnf,SAT,0.000,0,0
benchmarks/satlib/uf20-91/uf20-0998.cnf,SAT,0.000,0,0
benchmarks/satlib/uf20-91/uf20-0999.cnf,SAT,0.000,0,0
benchmarks/satlib/uf200-860/uf200-01.cnf,SAT,0.182,62,8141
benchmarks/satlib/uf200-860/uf200-010.cnf,SAT,0.089,41,3410
benchmarks/satlib/uf200-860/uf200-0100.cnf,SAT,0.406,115,16512
benchmarks/satlib/uf200-860/uf200-011.cnf,SAT,0.077,30,3393
benchmarks/satlib/uf200-860/uf200-012.cnf,SAT,0.103,30,3401
benchmarks/satlib/uf200-860/uf200-013.cnf,SAT,0.099,32,3417
benchmarks/satlib/uf200-860/uf200-014.cnf,SAT,0.091,30,3418
benchmarks/satlib/uf200-860/uf200-015.cnf,SAT,0.077,30,2129
benchmarks/satlib/uf200-860/uf200-016.cnf,SAT,0.220,62,8161
benchmarks/satlib/uf200-860/uf200-017.cnf,SAT,0.143,56,6410
benchmarks/satlib/uf200-860/uf200-018.cnf,SAT,0.009,7,0
benchmarks/satlib/uf200-860/uf200-019.cnf,SAT,1.179,188,33372
benchmarks/satlib/uf200-860/uf200-02.cnf,SAT,0.187,62,8123
benchmarks/satlib/uf200-860/uf200-020.cnf,SAT,0.300,92,11979
benchmarks/satlib/uf200-860/uf200-021.cnf,SAT,0.084,37,3408
benchmarks/satlib/uf200-860/uf200-022.cnf,SAT,0.145,61,6402
benchmarks/satlib/uf200-860/uf200-023.cnf,SAT,0.392,118,16557
benchmarks/satlib/uf200-860/uf200-024.cnf,SAT,0.397,120,16488
benchmarks/satlib/uf200-860/uf200-025.cnf,SAT,0.010,8,0
benchmarks/satlib/uf200-860/uf200-026.cnf,SAT,0.370,108,16525
benchmarks/satlib/uf200-860/uf200-027.cnf,SAT,0.317,93,14217
benchmarks/satlib/uf200-860/uf200-028.cnf,SAT,0.204,62,8140
benchmarks/satlib/uf200-860/uf200-029.cnf,SAT,0.256,77,11998
benchmarks/satlib/uf200-860/uf200-03.cnf,SAT,0.020,14,0
benchmarks/satlib/uf200-860/uf200-030.cnf,SAT,0.266,83,11985
benchmarks/satlib/uf200-860/uf200-031.cnf,SAT,0.070,30,3403
benchmarks/satlib/uf200-860/uf200-032.cnf,SAT,0.064,30,2130
benchmarks/satlib/uf200-860/uf200-033.cnf,SAT,0.219,62,10046
benchmarks/satlib/uf200-860/uf200-034.cnf,SAT,0.094,44,4846
benchmarks/satlib/uf200-860/uf200-035.cnf,SAT,0.221,68,9968
benchmarks/satlib/uf200-860/uf200-036.cnf,SAT,0.142,60,6429
benchmarks/satlib/uf200-860/uf200-037.cnf,SAT,0.174,61,8101
benchmarks/satlib/uf200-860/uf200-038.cnf,SAT,0.119,48,4848
benchmarks/satlib/uf200-860/uf200-039.cnf,SAT,0.630,141,27127
benchmarks/satlib/uf200-860/uf200-04.cnf,SAT,0.194,62,8115
benchmarks/satlib/uf200-860/uf200-040.cnf,SAT,0.457,125,18978
benchmarks/satlib/uf200-860/uf200-041.cnf,SAT,0.004,5,0
benchmarks/satlib/uf200-860/uf200-042.cnf,SAT,0.155,60,6411
benchmarks/satlib/uf200-860/uf200-043.cnf,SAT,0.179,62,8106
benchmarks/satlib/uf200-860/uf200-044.cnf,SAT,0.033,20,992
benchmarks/satlib/uf200-860/uf200-045.cnf,SAT,0.046,27,986
benchmarks/satlib/uf200-860/uf200-046.cnf,SAT,0.007,6,0
benchmarks/satlib/uf200-860/uf200-047.cnf,SAT,0.176,62,8157
benchmarks/satlib/uf200-860/uf200-048.cnf,SAT,0.072,30,3388
benchmarks/satlib/uf200-860/uf200-049.cnf,SAT,0.295,93,12032
benchmarks/satlib/uf200-860/uf200-05.cnf,SAT,0.446,125,18879
benchmarks/satlib/uf200-860/uf200-050.cnf,SAT,0.042,25,988
benchmarks/satlib/uf200-860/uf200-051.cnf,SAT,0.567,126,24265
benchmarks/satlib/uf200-860/uf200-052.cnf,SAT,0.583,126,24311
benchmarks/satlib/uf200-860/uf200-053.cnf,SAT,0.040,21,988
benchmarks/satlib/uf200-860/uf200-054.cnf,SAT,0.070,30,3412
benchmarks/satlib/uf200-860/uf200-055.cnf,SAT,0.676,156,27221
benchmarks/satlib/uf200-860/uf200-056.cnf,SAT,0.004,4,0
benchmarks/satlib/uf200-860/uf200-057.cnf,SAT,0.008,8,0
benchmarks/satlib/uf200-860/uf200-058.cnf,SAT,0.324,103,14168
benchmarks/satlib/uf200-860/uf200-059.cnf,SAT,0.200,62,9982
benchmarks/satlib/uf200-860/uf200-06.cnf,SAT,0.260,80,12043
benchmarks/satlib/uf200-860/uf200-060.cnf,SAT,0.387,118,16535
benchmarks/satlib/uf200-860/uf200-061.cnf,SAT,0.092,43,4824
benchmarks/satlib/uf200-860/uf200-062.cnf,SAT,0.065,30,2130
benchmarks/satlib/uf200-860/uf200-063.cnf,SAT,0.153,62,8165
benchmarks/satlib/uf200-860/uf200-064.cnf,SAT,0.113,51,4838
benchmarks/satlib/uf200-860/uf200-065.cnf,SAT,0.003,4,0
benchmarks/satlib/uf200-860/uf200-066.cnf,SAT,0.330,99,14222
benchmarks/satlib/uf200-860/uf200-067.cnf,SAT,0.051,29,2123
benchmarks/satlib/uf200-860/uf200-068.cnf,SAT,0.052,28,2132
benchmarks/satlib/uf200-860/uf200-069.cnf,SAT,0.054,28,2111
benchmarks/satlib/uf200-860/uf200-07.cnf,SAT,0.068,32,3394
benchmarks/satlib/uf200-860/uf200-070.cnf,SAT,0.017,14,0
benchmarks/satlib/uf200-860/uf200-071.cnf,SAT,0.537,126,21538
benchmarks/satlib/uf200-860/uf200-072.cnf,SAT,0.046,27,987
benchmarks/satlib/uf200-860/uf200-073.cnf,SAT,0.078,32,3412
benchmarks/satlib/uf200-860/uf200-074.cnf,SAT,0.135,55,6411
benchmarks/satlib/uf200-860/uf200-075.cnf,SAT,0.118,49,4839
benchmarks/satlib/uf200-860/uf200-076.cnf,SAT,0.216,62,8151
benchmarks/satlib/uf200-860/uf200-077.cnf,SAT,0.096,38,3400
benchmarks/satlib/uf200-860/uf200-078.cnf,SAT,0.032,20,990
benchmarks/satlib/uf200-860/uf200-079.cnf,SAT,0.073,30,3406
benchmarks/satlib/uf200-860/uf200-08.cnf,SAT,0.069,30,3417
benchmarks/satlib/uf200-860/uf200-080.cnf,SAT,0.002,2,0
benchmarks/satlib/uf200-860/uf200-081.cnf,SAT,0.211,62,10003
benchmarks/satlib/uf200-860/uf200-082.cnf,SAT,0.364,93,14240
benchmarks/satlib/uf200-860/uf200-083.cnf,SAT,0.257,77,10034
benchmarks/satlib/uf200-860/uf200-084.cnf,SAT,0.257,78,12017
benchmarks/satlib/uf200-860/uf200-085.cnf,SAT,0.208,61,6414
benchmarks/satlib/uf200-860/uf200-086.cnf,SAT,0.028,16,993
benchmarks/satlib/uf200-860/uf200-087.cnf,SAT,0.015,13,0
benchmarks/satlib/uf200-860/uf200-088.cnf,SAT,0.108,45,4813
benchmarks/satlib/uf200-860/uf200-089.cnf,SAT,0.412,124,18962
benchmarks/satlib/uf200-860/uf200-09.cnf,SAT,0.075,30,3412
benchmarks/satlib/uf200-860/uf200-090.cnf,SAT,0.159,62,8151
benchmarks/satlib/uf200-860/uf200-091.cnf,SAT,0.238,76,9972
benchmarks/satlib/uf200-860/uf200-092.cnf,SAT,0.145,60,6440
benchmarks/satlib/uf200-860/uf200-093.cnf,SAT,0.121,52,4812
benchmarks/satlib/uf200-860/uf200-094.cnf,SAT,0.051,29,2122
benchmarks/satlib/uf200-860/uf200-095.cnf,SAT,0.551,126,24392
benchmarks/satlib/uf200-860/uf200-096.cnf,SAT,0.154,61,6414
benchmarks/satlib/uf200-860/uf200-097.cnf,SAT,0.169,61,8119
benchmarks/satlib/uf200-860/uf200-098.cnf,SAT,0.131,52,4856
benchmarks/satlib/uf200-860/uf200-099.cnf,SAT,0.429,125,18980
benchmarks/satlib/uf225-960/ai/hoos/Shortcuts/UF225.960.100/uf225-01.cnf,SAT,0.141,59,6417
benchmarks/satlib/uf225-960/ai/hoos/Shortcuts/UF225.960.100/uf225-010.cnf,SAT,1.776,254,55808
benchmarks/satlib/uf225-960/ai/hoos/Shortcuts/UF225.960.100/uf225-0100.cnf,SAT,0.450,125,18975
benchmarks/satlib/uf225-960/ai/hoos/Shortcuts/UF225.960.100/uf225-011.cnf,SAT,0.155,61,6429
benchmarks/satlib/uf225-960/ai/hoos/Shortcuts/UF225.960.100/uf225-012.cnf,SAT,1.148,220,40373
benchmarks/satlib/uf225-960/ai/hoos/Shortcuts/UF225.960.100/uf225-013.cnf,SAT,0.235,71,10014
benchmarks/satlib/uf225-960/ai/hoos/Shortcuts/UF225.960.100/uf225-014.cnf,SAT,0.432,124,18954
benchmarks/satlib/uf225-960/ai/hoos/Shortcuts/UF225.960.100/uf225-015.cnf,SAT,1.067,211,36921
benchmarks/satlib/uf225-960/ai/hoos/Shortcuts/UF225.960.100/uf225-016.cnf,SAT,0.084,35,3416
benchmarks/satlib/uf225-960/ai/hoos/Shortcuts/UF225.960.100/uf225-017.cnf,SAT,2.366,343,73623
benchmarks/satlib/uf225-960/ai/hoos/Shortcuts/UF225.960.100/uf225-018.cnf,SAT,0.084,36,3407
benchmarks/satlib/uf225-960/ai/hoos/Shortcuts/UF225.960.100/uf225-019.cnf,SAT,1.243,250,44044
benchmarks/satlib/uf225-960/ai/hoos/Shortcuts/UF225.960.100/uf225-02.cnf,SAT,0.035,21,991
benchmarks/satlib/uf225-960/ai/hoos/Shortcuts/UF225.960.100/uf225-020.cnf,SAT,0.556,126,21617
benchmarks/satlib/uf225-960/ai/hoos/Shortcuts/UF225.960.100/uf225-021.cnf,SAT,0.020,13,0
benchmarks/satlib/uf225-960/ai/hoos/Shortcuts/UF225.960.100/uf225-022.cnf,SAT,1.651,254,55901
benchmarks/satlib/uf225-960/ai/hoos/Shortcuts/UF225.960.100/uf225-023.cnf,SAT,0.198,62,8160
benchmarks/satlib/uf225-960/ai/hoos/Shortcuts/UF225.960.100/uf225-024.cnf,SAT,0.546,126,21630
benchmarks/satlib/uf225-960/ai/hoos/Shortcuts/UF225.960.100/uf225-025.cnf,SAT,0.200,62,8117
benchmarks/satlib/uf225-960/ai/hoos/Shortcuts/UF225.960.100/uf225-026.cnf,SAT,0.053,29,2123
benchmarks/satlib/uf225-960/ai/hoos/Shortcuts/UF225.960.100/uf225-027.cnf,SAT,0.579,126,24337
benchmarks/satlib/uf225-960/ai/hoos/Shortcuts/UF225.960.100/uf225-028.cnf,SAT,0.171,61,8128
benchmarks/satlib/uf225-960/ai/hoos/Shortcuts/UF225.960.100/uf225-029.cnf,SAT,1.399,253,47907
benchmarks/satlib/uf225-960/ai/hoos/Shortcuts/UF225.960.100/uf225-03.cnf,SAT,0.647,140,24405
benchmarks/satlib/uf225-960/ai/hoos/Shortcuts/UF225.960.100/uf225-030.cnf,SAT,0.129,51,4853
benchmarks/satlib/uf225-960/ai/hoos/Shortcuts/UF225.960.100/uf225-031.cnf,SAT,0.311,92,12072
benchmarks/satlib/uf225-960/ai/hoos/Shortcuts/UF225.960.100/uf225-032.cnf,SAT,0.046,27,994
benchmarks/satlib/uf225-960/ai/hoos/Shortcuts/UF225.960.100/uf225-033.cnf,SAT,0.783,172,30315
benchmarks/satlib/uf225-960/ai/hoos/Shortcuts/UF225.960.100/uf225-034.cnf,SAT,1.006,214,40360
benchmarks/satlib/uf225-960/ai/hoos/Shortcuts/UF225.960.100/uf225-035.cnf,SAT,0.017,13,0
benchmarks/satlib/uf225-960/ai/hoos/Shortcuts/UF225.960.100/uf225-036.cnf,SAT,0.278,82,12040
benchmarks/satlib/uf225-960/ai/hoos/Shortcuts/UF225.960.100/uf225-037.cnf,SAT,0.190,62,8150
benchmarks/satlib/uf225-960/ai/hoos/Shortcuts/UF225.960.100/uf225-038.cnf,SAT,0.869,188,33534
benchmarks/satlib/uf225-960/ai/hoos/Shortcuts/UF225.960.100/uf225-039.cnf,SAT,0.470,125,18986
benchmarks/satlib/uf225-960/ai/hoos/Shortcuts/UF225.960.100/uf225-04.cnf,SAT,0.608,126,24305
benchmarks/satlib/uf225-960/ai/hoos/Shortcuts/UF225.960.100/uf225-040.cnf,SAT,0.287,91,12025
benchmarks/satlib/uf225-960/ai/hoos/Shortcuts/UF225.960.100/uf225-041.cnf,SAT,0.936,189,36891
benchmarks/satlib/uf225-960/ai/hoos/Shortcuts/UF225.960.100/uf225-042.cnf,SAT,0.675,145,27254
benchmarks/satlib/uf225-960/ai/hoos/Shortcuts/UF225.960.100/uf225-043.cnf,SAT,0.749,157,27264
benchmarks/satlib/uf225-960/ai/hoos/Shortcuts/UF225.960.100/uf225-044.cnf,SAT,0.294,89,12059
benchmarks/satlib/uf225-960/ai/hoos/Shortcuts/UF225.960.100/uf225-045.cnf,SAT,0.247,69,10010
benchmarks/satlib/uf225-960/ai/hoos/Shortcuts/UF225.960.100/uf225-046.cnf,SAT,0.608,126,24337
benchmarks/satlib/uf225-960/ai/hoos/Shortcuts/UF225.960.100/uf225-047.cnf,SAT,2.219,285,64453
benchmarks/satlib/uf225-960/ai/hoos/Shortcuts/UF225.960.100/uf225-048.cnf,SAT,0.462,124,18985
benchmarks/satlib/uf225-960/ai/hoos/Shortcuts/UF225.960.100/uf225-049.cnf,SAT,1.110,228,40249
benchmarks/satlib/uf225-960/ai/hoos/Shortcuts/UF225.960.100/uf225-05.cnf,SAT,0.139,58,6431
benchmarks/satlib/uf225-960/ai/hoos/Shortcuts/UF225.960.100/uf225-050.cnf,SAT,0.552,126,24388
benchmarks/satlib/uf225-960/ai/hoos/Shortcuts/UF225.960.100/uf225-051.cnf,SAT,0.056,29,2124
benchmarks/satlib/uf225-960/ai/hoos/Shortcuts/UF225.960.100/uf225-052.cnf,SAT,0.076,30,3404
benchmarks/satlib/uf225-960/ai/hoos/Shortcuts/UF225.960.100/uf225-053.cnf,SAT,4.500,510,122345
benchmarks/satlib/uf225-960/ai/hoos/Shortcuts/UF225.960.100/uf225-054.cnf,SAT,0.184,61,8141
benchmarks/satlib/uf225-960/ai/hoos/Shortcuts/UF225.960.100/uf225-055.cnf,SAT,0.383,93,14223
benchmarks/satlib/uf225-960/ai/hoos/Shortcuts/UF225.960.100/uf225-056.cnf,SAT,1.943,295,64255
benchmarks/satlib/uf225-960/ai/hoos/Shortcuts/UF225.960.100/uf225-057.cnf,SAT,0.589,126,21587
benchmarks/satlib/uf225-960/ai/hoos/Shortcuts/UF225.960.100/uf225-058.cnf,SAT,0.410,111,16534
benchmarks/satlib/uf225-960/ai/hoos/Shortcuts/UF225.960.100/uf225-059.cnf,SAT,1.492,254,51729
benchmarks/satlib/uf225-960/ai/hoos/Shortcuts/UF225.960.100/uf225-06.cnf,SAT,1.472,253,51873
benchmarks/satlib/uf225-960/ai/hoos/Shortcuts/UF225.960.100/uf225-060.cnf,SAT,0.532,126,21582
benchmarks/satlib/uf225-960/ai/hoos/Shortcuts/UF225.960.100/uf225-061.cnf,SAT,0.271,80,12048
benchmarks/satlib/uf225-960/ai/hoos/Shortcuts/UF225.960.100/uf225-062.cnf,SAT,0.156,60,6423
benchmarks/satlib/uf225-960/ai/hoos/Shortcuts/UF225.960.100/uf225-063.cnf,SAT,0.027,14,0
benchmarks/satlib/uf225-960/ai/hoos/Shortcuts/UF225.960.100/uf225-064.cnf,SAT,0.061,29,2125
benchmarks/satlib/uf225-960/ai/hoos/Shortcuts/UF225.960.100/uf225-065.cnf,SAT,0.216,62,8168
benchmarks/satlib/uf225-960/ai/hoos/Shortcuts/UF225.960.100/uf225-066.cnf,SAT,0.068,30,2122
benchmarks/satlib/uf225-960/ai/hoos/Shortcuts/UF225.960.100/uf225-067.cnf,SAT,0.075,30,3407
benchmarks/satlib/uf225-960/ai/hoos/Shortcuts/UF225.960.100/uf225-068.cnf,SAT,1.787,262,60182
benchmarks/satlib/uf225-960/ai/hoos/Shortcuts/UF225.960.100/uf225-069.cnf,SAT,0.205,62,8163
benchmarks/satlib/uf225-960/ai/hoos/Shortcuts/UF225.960.100/uf225-07.cnf,SAT,0.248,75,9995
benchmarks/satlib/uf225-960/ai/hoos/Shortcuts/UF225.960.100/uf225-070.cnf,SAT,0.464,125,19025
benchmarks/satlib/uf225-960/ai/hoos/Shortcuts/UF225.960.100/uf225-071.cnf,SAT,0.151,60,6445
benchmarks/satlib/uf225-960/ai/hoos/Shortcuts/UF225.960.100/uf225-072.cnf,SAT,0.011,9,0
benchmarks/satlib/uf225-960/ai/hoos/Shortcuts/UF225.960.100/uf225-073.cnf,SAT,4.083,382,88380
benchmarks/satlib/uf225-960/ai/hoos/Shortcuts/UF225.960.100/uf225-074.cnf,SAT,0.167,52,4837
benchmarks/satlib/uf225-960/ai/hoos/Shortcuts/UF225.960.100/uf225-075.cnf,SAT,0.053,28,2127
benchmarks/satlib/uf225-960/ai/hoos/Shortcuts/UF225.960.100/uf225-076.cnf,SAT,2.864,475,104878
benchmarks/satlib/uf225-960/ai/hoos/Shortcuts/UF225.960.100/uf225-077.cnf,SAT,0.050,30,2121
benchmarks/satlib/uf225-960/ai/hoos/Shortcuts/UF225.960.100/uf225-078.cnf,SAT,1.570,347,73395
benchmarks/satlib/uf225-960/ai/hoos/Shortcuts/UF225.960.100/uf225-079.cnf,SAT,0.086,52,4858
benchmarks/satlib/uf225-960/ai/hoos/Shortcuts/UF225.960.100/uf225-08.cnf,SAT,1.672,340,73706
benchmarks/satlib/uf225-960/ai/hoos/Shortcuts/UF225.960.100/uf225-080.cnf,SAT,0.174,62,8151
benchmarks/satlib/uf225-960/ai/hoos/Shortcuts/UF225.960.100/uf225-081.cnf,SAT,0.087,48,4835
benchmarks/satlib/uf225-960/ai/hoos/Shortcuts/UF225.960.100/uf225-082.cnf,SAT,0.357,123,16487
benchmarks/satlib/uf225-960/ai/hoos/Shortcuts/UF225.960.100/uf225-083.cnf,SAT,0.047,30,2121
benchmarks/satlib/uf225-960/ai/hoos/Shortcuts/UF225.960.100/uf225-084.cnf,SAT,1.186,254,51863
benchmarks/satlib/uf225-960/ai/hoos/Shortcuts/UF225.960.100/uf225-085.cnf,SAT,0.956,235,44073
benchmarks/satlib/uf225-960/ai/hoos/Shortcuts/UF225.960.100/uf225-086.cnf,SAT,0.081,44,4846
benchmarks/satlib/uf225-960/ai/hoos/Shortcuts/UF225.960.100/uf225-087.cnf,SAT,0.034,22,995
benchmarks/satlib/uf225-960/ai/hoos/Shortcuts/UF225.960.100/uf225-088.cnf,SAT,0.020,14,987
benchmarks/satlib/uf225-960/ai/hoos/Shortcuts/UF225.960.100/uf225-089.cnf,SAT,0.003,5,0
benchmarks/satlib/uf225-960/ai/hoos/Shortcuts/UF225.960.100/uf225-09.cnf,SAT,1.174,252,47773
benchmarks/satlib/uf225-960/ai/hoos/Shortcuts/UF225.960.100/uf225-090.cnf,SAT,0.026,20,994
benchmarks/satlib/uf225-960/ai/hoos/Shortcuts/UF225.960.100/uf225-091.cnf,SAT,0.397,125,18997
benchmarks/satlib/uf225-960/ai/hoos/Shortcuts/UF225.960.100/uf225-092.cnf,SAT,0.061,35,3389
benchmarks/satlib/uf225-960/ai/hoos/Shortcuts/UF225.960.100/uf225-093.cnf,SAT,0.584,165,30297
benchmarks/satlib/uf225-960/ai/hoos/Shortcuts/UF225.960.100/uf225-094.cnf,SAT,0.332,125,18998
benchmarks/satlib/uf225-960/ai/hoos/Shortcuts/UF225.960.100/uf225-095.cnf,SAT,0.965,253,47549
benchmarks/satlib/uf225-960/ai/hoos/Shortcuts/UF225.960.100/uf225-096.cnf,SAT,2.189,441,93825
benchmarks/satlib/uf225-960/ai/hoos/Shortcuts/UF225.960.100/uf225-097.cnf,SAT,0.016,14,0
benchmarks/satlib/uf225-960/ai/hoos/Shortcuts/UF225.960.100/uf225-098.cnf,SAT,0.301,124,18953
benchmarks/satlib/uf225-960/ai/hoos/Shortcuts/UF225.960.100/uf225-099.cnf,SAT,0.037,29,2130
benchmarks/satlib/uf250-1065/ai/hoos/Shortcuts/UF250.1065.100/uf250-01.cnf,SAT,0.149,62,10024
benchmarks/satlib/uf250-1065/ai/hoos/Shortcuts/UF250.1065.100/uf250-010.cnf,SAT,2.642,506,105067
benchmarks/satlib/uf250-1065/ai/hoos/Shortcuts/UF250.1065.100/uf250-0100.cnf,SAT,0.379,126,21631
benchmarks/satlib/uf250-1065/ai/hoos/Shortcuts/UF250.1065.100/uf250-011.cnf,SAT,5.546,764,190641
benchmarks/satlib/uf250-1065/ai/hoos/Shortcuts/UF250.1065.100/uf250-012.cnf,SAT,0.402,126,24368
benchmarks/satlib/uf250-1065/ai/hoos/Shortcuts/UF250.1065.100/uf250-013.cnf,SAT,1.349,292,64462
benchmarks/satlib/uf250-1065/ai/hoos/Shortcuts/UF250.1065.100/uf250-014.cnf,SAT,0.223,93,14202
benchmarks/satlib/uf250-1065/ai/hoos/Shortcuts/UF250.1065.100/uf250-015.cnf,SAT,0.020,15,990
benchmarks/satlib/uf250-1065/ai/hoos/Shortcuts/UF250.1065.100/uf250-016.cnf,SAT,0.602,184,30469
benchmarks/satlib/uf250-1065/ai/hoos/Shortcuts/UF250.1065.100/uf250-017.cnf,SAT,3.008,509,116170
benchmarks/satlib/uf250-1065/ai/hoos/Shortcuts/UF250.1065.100/uf250-018.cnf,SAT,1.896,346,73739
benchmarks/satlib/uf250-1065/ai/hoos/Shortcuts/UF250.1065.100/uf250-019.cnf,SAT,0.430,126,21635
benchmarks/satlib/uf250-1065/ai/hoos/Shortcuts/UF250.1065.100/uf250-02.cnf,SAT,3.469,510,128806
benchmarks/satlib/uf250-1065/ai/hoos/Shortcuts/UF250.1065.100/uf250-020.cnf,SAT,1.703,345,73780
benchmarks/satlib/uf250-1065/ai/hoos/Shortcuts/UF250.1065.100/uf250-021.cnf,SAT,0.020,14,0
benchmarks/satlib/uf250-1065/ai/hoos/Shortcuts/UF250.1065.100/uf250-022.cnf,SAT,2.906,448,99052
benchmarks/satlib/uf250-1065/ai/hoos/Shortcuts/UF250.1065.100/uf250-023.cnf,SAT,0.340,108,16540
benchmarks/satlib/uf250-1065/ai/hoos/Shortcuts/UF250.1065.100/uf250-024.cnf,SAT,7.792,954,238910
benchmarks/satlib/uf250-1065/ai/hoos/Shortcuts/UF250.1065.100/uf250-025.cnf,SAT,1.246,254,60206
benchmarks/satlib/uf250-1065/ai/hoos/Shortcuts/UF250.1065.100/uf250-026.cnf,SAT,5.952,765,198009
benchmarks/satlib/uf250-1065/ai/hoos/Shortcuts/UF250.1065.100/uf250-027.cnf,SAT,6.991,780,206067
benchmarks/satlib/uf250-1065/ai/hoos/Shortcuts/UF250.1065.100/uf250-028.cnf,SAT,1.575,318,69196
benchmarks/satlib/uf250-1065/ai/hoos/Shortcuts/UF250.1065.100/uf250-029.cnf,UNKNOWN,10.024,1021,282998
benchmarks/satlib/uf250-1065/ai/hoos/Shortcuts/UF250.1065.100/uf250-03.cnf,SAT,2.455,474,99393
benchmarks/satlib/uf250-1065/ai/hoos/Shortcuts/UF250.1065.100/uf250-030.cnf,SAT,3.391,510,122573
benchmarks/satlib/uf250-1065/ai/hoos/Shortcuts/UF250.1065.100/uf250-031.cnf,SAT,6.203,765,198750
benchmarks/satlib/uf250-1065/ai/hoos/Shortcuts/UF250.1065.100/uf250-032.cnf,SAT,7.441,907,229787
benchmarks/satlib/uf250-1065/ai/hoos/Shortcuts/UF250.1065.100/uf250-033.cnf,SAT,0.325,125,18973
benchmarks/satlib/uf250-1065/ai/hoos/Shortcuts/UF250.1065.100/uf250-034.cnf,SAT,5.816,765,198029
benchmarks/satlib/uf250-1065/ai/hoos/Shortcuts/UF250.1065.100/uf250-035.cnf,SAT,0.014,14,0
benchmarks/satlib/uf250-1065/ai/hoos/Shortcuts/UF250.1065.100/uf250-036.cnf,SAT,3.000,509,116341
benchmarks/satlib/uf250-1065/ai/hoos/Shortcuts/UF250.1065.100/uf250-037.cnf,SAT,0.021,16,990
benchmarks/satlib/uf250-1065/ai/hoos/Shortcuts/UF250.1065.100/uf250-038.cnf,SAT,6.986,881,221601
benchmarks/satlib/uf250-1065/ai/hoos/Shortcuts/UF250.1065.100/uf250-039.cnf,SAT,0.045,30,2130
benchmarks/satlib/uf250-1065/ai/hoos/Shortcuts/UF250.1065.100/uf250-04.cnf,SAT,0.654,188,33648
benchmarks/satlib/uf250-1065/ai/hoos/Shortcuts/UF250.1065.100/uf250-040.cnf,SAT,1.197,257,60137
benchmarks/satlib/uf250-1065/ai/hoos/Shortcuts/UF250.1065.100/uf250-041.cnf,SAT,1.345,285,64374
benchmarks/satlib/uf250-1065/ai/hoos/Shortcuts/UF250.1065.100/uf250-042.cnf,SAT,0.018,14,0
benchmarks/satlib/uf250-1065/ai/hoos/Shortcuts/UF250.1065.100/uf250-043.cnf,SAT,1.707,362,78570
benchmarks/satlib/uf250-1065/ai/hoos/Shortcuts/UF250.1065.100/uf250-044.cnf,SAT,0.008,9,0
benchmarks/satlib/uf250-1065/ai/hoos/Shortcuts/UF250.1065.100/uf250-045.cnf,SAT,1.548,334,73585
benchmarks/satlib/uf250-1065/ai/hoos/Shortcuts/UF250.1065.100/uf250-046.cnf,SAT,0.670,189,33542
benchmarks/satlib/uf250-1065/ai/hoos/Shortcuts/UF250.1065.100/uf250-047.cnf,SAT,1.791,363,78554
benchmarks/satlib/uf250-1065/ai/hoos/Shortcuts/UF250.1065.100/uf250-048.cnf,SAT,0.988,253,47888
benchmarks/satlib/uf250-1065/ai/hoos/Shortcuts/UF250.1065.100/uf250-049.cnf,SAT,0.047,30,2125
benchmarks/satlib/uf250-1065/ai/hoos/Shortcuts/UF250.1065.100/uf250-05.cnf,SAT,4.967,672,169174
benchmarks/satlib/uf250-1065/ai/hoos/Shortcuts/UF250.1065.100/uf250-050.cnf,SAT,1.941,381,83482
benchmarks/satlib/uf250-1065/ai/hoos/Shortcuts/UF250.1065.100/uf250-051.cnf,SAT,1.196,254,55756
benchmarks/satlib/uf250-1065/ai/hoos/Shortcuts/UF250.1065.100/uf250-052.cnf,SAT,0.676,194,36909
benchmarks/satlib/uf250-1065/ai/hoos/Shortcuts/UF250.1065.100/uf250-053.cnf,SAT,2.828,508,110483
benchmarks/satlib/uf250-1065/ai/hoos/Shortcuts/UF250.1065.100/uf250-054.cnf,SAT,0.138,62,8145
benchmarks/satlib/uf250-1065/ai/hoos/Shortcuts/UF250.1065.100/uf250-055.cnf,SAT,0.293,123,16557
benchmarks/satlib/uf250-1065/ai/hoos/Shortcuts/UF250.1065.100/uf250-056.cnf,SAT,2.469,486,104903
benchmarks/satlib/uf250-1065/ai/hoos/Shortcuts/UF250.1065.100/uf250-057.cnf,SAT,5.054,700,175254
benchmarks/satlib/uf250-1065/ai/hoos/Shortcuts/UF250.1065.100/uf250-058.cnf,SAT,1.570,320,69014
benchmarks/satlib/uf250-1065/ai/hoos/Shortcuts/UF250.1065.100/uf250-059.cnf,SAT,0.713,204,36880
benchmarks/satlib/uf250-1065/ai/hoos/Shortcuts/UF250.1065.100/uf250-06.cnf,SAT,2.255,442,93647
benchmarks/satlib/uf250-1065/ai/hoos/Shortcuts/UF250.1065.100/uf250-060.cnf,SAT,2.969,509,116415
benchmarks/satlib/uf250-1065/ai/hoos/Shortcuts/UF250.1065.100/uf250-061.cnf,SAT,0.106,60,6410
benchmarks/satlib/uf250-1065/ai/hoos/Shortcuts/UF250.1065.100/uf250-062.cnf,SAT,0.358,125,21645
benchmarks/satlib/uf250-1065/ai/hoos/Shortcuts/UF250.1065.100/uf250-063.cnf,SAT,1.441,300,64541
benchmarks/satlib/uf250-1065/ai/hoos/Shortcuts/UF250.1065.100/uf250-064.cnf,SAT,0.276,115,16523
benchmarks/satlib/uf250-1065/ai/hoos/Shortcuts/UF250.1065.100/uf250-065.cnf,SAT,1.902,381,83651
benchmarks/satlib/uf250-1065/ai/hoos/Shortcuts/UF250.1065.100/uf250-066.cnf,SAT,4.634,638,168560
benchmarks/satlib/uf250-1065/ai/hoos/Shortcuts/UF250.1065.100/uf250-067.cnf,SAT,1.736,378,78528
benchmarks/satlib/uf250-1065/ai/hoos/Shortcuts/UF250.1065.100/uf250-068.cnf,SAT,1.006,253,51740
benchmarks/satlib/uf250-1065/ai/hoos/Shortcuts/UF250.1065.100/uf250-069.cnf,SAT,0.176,76,10059
benchmarks/satlib/uf250-1065/ai/hoos/Shortcuts/UF250.1065.100/uf250-07.cnf,SAT,1.177,254,56005
benchmarks/satlib/uf250-1065/ai/hoos/Shortcuts/UF250.1065.100/uf250-070.cnf,SAT,3.194,510,128653
benchmarks/satlib/uf250-1065/ai/hoos/Shortcuts/UF250.1065.100/uf250-071.cnf,SAT,3.510,510,135053
benchmarks/satlib/uf250-1065/ai/hoos/Shortcuts/UF250.1065.100/uf250-072.cnf,SAT,4.046,572,148254
benchmarks/satlib/uf250-1065/ai/hoos/Shortcuts/UF250.1065.100/uf250-073.cnf,SAT,0.220,93,14202
benchmarks/satlib/uf250-1065/ai/hoos/Shortcuts/UF250.1065.100/uf250-074.cnf,SAT,0.175,76,10056
benchmarks/satlib/uf250-1065/ai/hoos/Shortcuts/UF250.1065.100/uf250-075.cnf,SAT,3.147,509,116533
benchmarks/satlib/uf250-1065/ai/hoos/Shortcuts/UF250.1065.100/uf250-076.cnf,SAT,2.082,411,88683
benchmarks/satlib/uf250-1065/ai/hoos/Shortcuts/UF250.1065.100/uf250-077.cnf,SAT,1.016,253,51728
benchmarks/satlib/uf250-1065/ai/hoos/Shortcuts/UF250.1065.100/uf250-078.cnf,SAT,0.041,29,2126
benchmarks/satlib/uf250-1065/ai/hoos/Shortcuts/UF250.1065.100/uf250-079.cnf,SAT,0.972,253,47821
benchmarks/satlib/uf250-1065/ai/hoos/Shortcuts/UF250.1065.100/uf250-08.cnf,SAT,2.523,493,104806
benchmarks/satlib/uf250-1065/ai/hoos/Shortcuts/UF250.1065.100/uf250-080.cnf,SAT,0.041,29,2128
benchmarks/satlib/uf250-1065/ai/hoos/Shortcuts/UF250.1065.100/uf250-081.cnf,SAT,0.692,192,36932
benchmarks/satlib/uf250-1065/ai/hoos/Shortcuts/UF250.1065.100/uf250-082.cnf,SAT,0.869,251,44075
benchmarks/satlib/uf250-1065/ai/hoos/Shortcuts/UF250.1065.100/uf250-083.cnf,SAT,1.358,285,64528
benchmarks/satlib/uf250-1065/ai/hoos/Shortcuts/UF250.1065.100/uf250-084.cnf,SAT,0.408,126,21597
benchmarks/satlib/uf250-1065/ai/hoos/Shortcuts/UF250.1065.100/uf250-085.cnf,SAT,0.924,252,47818
benchmarks/satlib/uf250-1065/ai/hoos/Shortcuts/UF250.1065.100/uf250-086.cnf,SAT,6.904,871,222309
benchmarks/satlib/uf250-1065/ai/hoos/Shortcuts/UF250.1065.100/uf250-087.cnf,SAT,0.855,251,44127
benchmarks/satlib/uf250-1065/ai/hoos/Shortcuts/UF250.1065.100/uf250-088.cnf,SAT,0.342,125,19043
benchmarks/satlib/uf250-1065/ai/hoos/Shortcuts/UF250.1065.100/uf250-089.cnf,SAT,1.322,278,60145
benchmarks/satlib/uf250-1065/ai/hoos/Shortcuts/UF250.1065.100/uf250-09.cnf,SAT,1.028,253,47913
benchmarks/satlib/uf250-1065/ai/hoos/Shortcuts/UF250.1065.100/uf250-090.cnf,SAT,3.553,510,135049
benchmarks/satlib/uf250-1065/ai/hoos/Shortcuts/UF250.1065.100/uf250-091.cnf,SAT,0.037,29,2129
benchmarks/satlib/uf250-1065/ai/hoos/Shortcuts/UF250.1065.100/uf250-092.cnf,SAT,4.263,618,154207
benchmarks/satlib/uf250-1065/ai/hoos/Shortcuts/UF250.1065.100/uf250-093.cnf,SAT,0.927,252,47845
benchmarks/satlib/uf250-1065/ai/hoos/Shortcuts/UF250.1065.100/uf250-094.cnf,SAT,3.382,510,128503
benchmarks/satlib/uf250-1065/ai/hoos/Shortcuts/UF250.1065.100/uf250-095.cnf,SAT,0.543,163,30315
benchmarks/satlib/uf250-1065/ai/hoos/Shortcuts/UF250.1065.100/uf250-096.cnf,SAT,7.161,892,229604
benchmarks/satlib/uf250-1065/ai/hoos/Shortcuts/UF250.1065.100/uf250-097.cnf,SAT,1.103,254,55715
benchmarks/satlib/uf250-1065/ai/hoos/Shortcuts/UF250.1065.100/uf250-098.cnf,SAT,1.751,379,78678
benchmarks/satlib/uf250-1065/ai/hoos/Shortcuts/UF250.1065.100/uf250-099.cnf,SAT,8.608,1020,256184
benchmarks/satlib/uf50-218/uf50-01.cnf,SAT,0.000,0,0
benchmarks/satlib/uf50-218/uf50-010.cnf,SAT,0.000,0,0
benchmarks/satlib/uf50-218/uf50-0100.cnf,SAT,0.000,0,0
benchmarks/satlib/uf50-218/uf50-01000.cnf,SAT,0.000,0,0
benchmarks/satlib/uf50-218/uf50-0101.cnf,SAT,0.000,0,0
benchmarks/satlib/uf50-218/uf50-0102.cnf,SAT,0.000,1,0
benchmarks/satlib/uf50-218/uf50-0103.cnf,SAT,0.000,0,0
benchmarks/satlib/uf50-218/uf50-0104.cnf,SAT,0.000,1,0
benchmarks/satlib/uf50-218/uf50-0105.cnf,SAT,0.000,0,0
benchmarks/satlib/uf50-218/uf50-0106.cnf,SAT,0.000,0,0
benchmarks/satlib/uf50-218/uf50-0107.cnf,SAT,0.000,0,0
benchmarks/satlib/uf50-218/uf50-0108.cnf,SAT,0.000,0,0
benchmarks/satlib/uf50-218/uf50-0109.cnf,SAT,0.000,0,0
benchmarks/satlib/uf50-218/uf50-011.cnf,SAT,0.000,0,0
benchmarks/satlib/uf50-218/uf50-0110.cnf,SAT,0.000,0,0
benchmarks/satlib/uf50-218/uf50-0111.cnf,SAT,0.000,0,0
benchmarks/satlib/uf50-218/uf50-0112.cnf,SAT,0.000,0,0
benchmarks/satlib/uf50-218/uf50-0113.cnf,SAT,0.000,0,0
benchmarks/satlib/uf50-218/uf50-0114.cnf,SAT,0.000,0,0
benchmarks/satlib/uf50-218/uf50-0115.cnf,SAT,0.000,0,0
benchmarks/satlib/uf50-218/uf50-0116.cnf,SAT,0.000,0,0
benchmarks/satlib/uf50-218/uf50-0117.cnf,SAT,0.000,0,0
benchmarks/satlib/uf50-218/uf50-0118.cnf,SAT,0.000,0,0
benchmarks/satlib/uf50-218/uf50-0119.cnf,SAT,0.000,0,0
benchmarks/satlib/uf50-218/uf50-012.cnf,SAT,0.000,0,0
benchmarks/satlib/uf50-218/uf50-0120.cnf,SAT,0.000,0,0
benchmarks/satlib/uf50-218/uf50-0121.cnf,SAT,0.000,0,0
benchmarks/satlib/uf50-218/uf50-0122.cnf,SAT,0.000,0,0
benchmarks/satlib/uf50-218/uf50-0123.cnf,SAT,0.000,1,0
benchmarks/satlib/uf50-218/uf50-0124.cnf,SAT,0.000,0,0
benchmarks/satlib/uf50-218/uf50-0125.cnf,SAT,0.000,0,0
benchmarks/satlib/uf50-218/uf50-0126.cnf,SAT,0.000,0,0
benchmarks/satlib/uf50-218/uf50-0127.cnf,SAT,0.000,0,0
benchmarks/satlib/uf50-218/uf50-0128.cnf,SAT,0.000,0,0
benchmarks/satlib/uf50-218/uf50-0129.cnf,SAT,0.000,0,0
benchmarks/satlib/uf50-218/uf50-013.cnf,SAT,0.000,0,0
benchmarks/satlib/uf50-218/uf50-0130.cnf,SAT,0.000,0,0
benchmarks/satlib/uf50-218/uf50-0131.cnf,SAT,0.000,0,0
benchmarks/satlib/uf50-218/uf50-0132.cnf,SAT,0.000,0,0
benchmarks/satlib/uf50-218/uf50-0133.cnf,SAT,0.000,0,0
benchmarks/satlib/uf50-218/uf50-0134.cnf,SAT,0.000,0,0
benchmarks/satlib/uf50-218/uf50-0135.cnf,SAT,0.000,0,0
benchmarks/satlib/uf50-218/uf50-0136.cnf,SAT,0.000,0,0
benchmarks/satlib/uf50-218/uf50-0137.cnf,SAT,0.000,0,0
benchmarks/satlib/uf50-218/uf50-0138.cnf,SAT,0.000,0,0
benchmarks/satlib/uf50-218/uf50-0139.cnf,SAT,0.000,0,0
benchmarks/satlib/uf50-218/uf50-014.cnf,SAT,0.000,0,0
benchmarks/satlib/uf50-218/uf50-0140.cnf,SAT,0.000,0,0
benchmarks/satlib/uf50-218/uf50-0141.cnf,SAT,0.000,0,0
benchmarks/satlib/uf50-218/uf50-0142.cnf,SAT,0.000,0,0
benchmarks/satlib/uf50-218/uf50-0143.cnf,SAT,0.000,0,0
benchmarks/satlib/uf50-218/uf50-0144.cnf,SAT,0.000,0,0
benchmarks/satlib/uf50-218/uf50-0145.cnf,SAT,0.000,0,0
benchmarks/satlib/uf50-218/uf50-0146.cnf,SAT,0.000,0,0
benchmarks/satlib/uf50-218/uf50-0147.cnf,SAT,0.000,0,0
benchmarks/satlib/uf50-218/uf50-0148.cnf,SAT,0.000,0,0
benchmarks/satlib/uf50-218/uf50-0149.cnf,SAT,0.000,0,0
benchmarks/satlib/uf50-218/uf50-015.cnf,SAT,0.000,0,0
benchmarks/satlib/uf50-218/uf50-0150.cnf,SAT,0.000,0,0
benchmarks/satlib/uf50-218/uf50-0151.cnf,SAT,0.000,0,0
benchmarks/satlib/uf50-218/uf50-0152.cnf,SAT,0.000,0,0
benchmarks/satlib/uf50-218/uf50-0153.cnf,SAT,0.000,0,0
benchmarks/satlib/uf50-218/uf50-0154.cnf,SAT,0.000,0,0
benchmarks/satlib/uf50-218/uf50-0155.cnf,SAT,0.000,1,0
benchmarks/satlib/uf50-218/uf50-0156.cnf,SAT,0.000,0,0
benchmarks/satlib/uf50-218/uf50-0157.cnf,SAT,0.000,0,0
benchmarks/satlib/uf50-218/uf50-0158.cnf,SAT,0.000,0,0
benchmarks/satlib/uf50-218/uf50-0159.cnf,SAT,0.000,0,0
benchmarks/satlib/uf50-218/uf50-016.cnf,SAT,0.000,0,0
benchmarks/satlib/uf50-218/uf50-0160.cnf,SAT,0.000,0,0
benchmarks/satlib/uf50-218/uf50-0161.cnf,SAT,0.000,0,0
benchmarks/satlib/uf50-218/uf50-0162.cnf,SAT,0.000,0,0
benchmarks/satlib/uf50-218/uf50-0163.cnf,SAT,0.000,0,0
benchmarks/satlib/uf50-218/uf50-0164.cnf,SAT,0.000,0,0
benchmarks/satlib/uf50-218/uf50-0165.cnf,SAT,0.000,0,0
benchmarks/satlib/uf50-218/uf50-0166.cnf,SAT,0.000,1,0
benchmarks/satlib/uf50-218/uf50-0167.cnf,SAT,0.000,0,0
benchmarks/satlib/uf50-218/uf50-0168.cnf,SAT,0.000,0,0
benchmarks/satlib/uf50-218/uf50-0169.cnf,SAT,0.000,0,0
benchmarks/satlib/uf50-218/uf50-017.cnf,SAT,0.000,0,0
benchmarks/satlib/uf50-218/uf50-0170.cnf,SAT,0.000,0,0
benchmarks/satlib/uf50-218/uf50-0171.cnf,SAT,0.000,0,0
benchmarks/satlib/uf50-218/uf50-0172.cnf,SAT,0.000,0,0
benchmarks/satlib/uf50-218/uf50-0173.cnf,SAT,0.000,0,0
benchmarks/satlib/uf50-218/uf50-0174.cnf,SAT,0.000,0,0
benchmarks/satlib/uf50-218/uf50-0175.cnf,SAT,0.000,0,0
benchmarks/satlib/uf50-218/uf50-0176.cnf,SAT,0.000,1,0
benchmarks/satlib/uf50-218/uf50-0177.cnf,SAT,0.000,0,0
benchmarks/satlib/uf50-218/uf50-0178.cnf,SAT,0.000,0,0
benchmarks/satlib/uf50-218/uf50-0179.cnf,SAT,0.000,1,0
benchmarks/satlib/uf50-218/uf50-018.cnf,SAT,0.000,0,0
benchmarks/satlib/uf50-218/uf50-0180.cnf,SAT,0.000,0,0
benchmarks/satlib/uf50-218/uf50-0181.cnf,SAT,0.000,0,0
benchmarks/satlib/uf50-218/uf50-0182.cnf,SAT,0.000,0,0
benchmarks/satlib/uf50-218/uf50-0183.cnf,SAT,0.000,0,0
benchmarks/satlib/uf50-218/uf50-0184.cnf,SAT,0.000,0,0
benchmarks/satlib/uf50-218/uf50-0185.cnf,SAT,0.000,0,0
benchmarks/satlib/uf50-218/uf50-0186.cnf,SAT,0.000,0,0
benchmarks/satlib/uf50-218/uf50-0187.cnf,SAT,0.000,0,0
benchmarks/satlib/uf50-218/uf50-0188.cnf,SAT,0.000,0,0
benchmarks/satlib/uf50-218/uf50-0189.cnf,SAT,0.000,0,0
benchmarks/satlib/uf50-218/uf50-019.cnf,SAT,0.000,0,0
benchmarks/satlib/uf50-218/uf50-0190.cnf,SAT,0.000,0,0
benchmarks/satlib/uf50-218/uf50-0191.cnf,SAT,0.000,0,0
benchmarks/satlib/uf50-218/uf50-0192.cnf,SAT,0.000,0,0
benchmarks/satlib/uf50-218/uf50-0193.cnf,SAT,0.000,0,0
benchmarks/satlib/uf50-218/uf50-0194.cnf,SAT,0.000,0,0
benchmarks/satlib/uf50-218/uf50-0195.cnf,SAT,0.000,0,0
benchmarks/satlib/uf50-218/uf50-0196.cnf,SAT,0.000,0,0
benchmarks/satlib/uf50-218/uf50-0197.cnf,SAT,0.000,0,0
benchmarks/satlib/uf50-218/uf50-0198.cnf,SAT,0.000,0,0
benchmarks/satlib/uf50-218/uf50-0199.cnf,SAT,0.000,0,0
benchmarks/satlib/uf50-218/uf50-02.cnf,SAT,0.000,0,0
benchmarks/satlib/uf50-218/uf50-020.cnf,SAT,0.000,0,0
benchmarks/satlib/uf50-218/uf50-0200.cnf,SAT,0.000,0,0
benchmarks/satlib/uf50-218/uf50-0201.cnf,SAT,0.000,0,0
benchmarks/satlib/uf50-218/uf50-0202.cnf,SAT,0.000,0,0
benchmarks/satlib/uf50-218/uf50-0203.cnf,SAT,0.000,0,0
benchmarks/satlib/uf50-218/uf50-0204.cnf,SAT,0.000,0,0
benchmarks/satlib/uf50-218/uf50-0205.cnf,SAT,0.000,0,0
benchmarks/satlib/uf50-218/uf50-0206.cnf,SAT,0.000,0,0
benchmarks/satlib/uf50-218/uf50-0207.cnf,SAT,0.000,0,0
benchmarks/satlib/uf50-218/uf50-0208.cnf,SAT,0.000,0,0
benchmarks/satlib/uf50-218/uf50-0209.cnf,SAT,0.000,0,0
benchmarks/satlib/uf50-218/uf50-021.cnf,SAT,0.000,0,0
benchmarks/satlib/uf50-218/uf50-0210.cnf,SAT,0.000,0,0
benchmarks/satlib/uf50-218/uf50-0211.cnf,SAT,0.000,0,0
benchmarks/satlib/uf50-218/uf50-0212.cnf,SAT,0.000,0,0
benchmarks/satlib/uf50-218/uf50-0213.cnf,SAT,0.000,0,0
benchmarks/satlib/uf50-218/uf50-0214.cnf,SAT,0.000,0,0
benchmarks/satlib/uf50-218/uf50-0215.cnf,SAT,0.000,0,0
benchmarks/satlib/uf50-218/uf50-0216.cnf,SAT,0.000,0,0
benchmarks/satlib/uf50-218/uf50-0217.cnf,SAT,0.000,0,0
benchmarks/satlib/uf50-218/uf50-0218.cnf,SAT,0.000,0,0
benchmarks/satlib/uf50-218/uf50-0219.cnf,SAT,0.000,0,0
benchmarks/satlib/uf50-218/uf50-022.cnf,SAT,0.000,1,0
benchmarks/satlib/uf50-218/uf50-0220.cnf,SAT,0.000,0,0
benchmarks/satlib/uf50-218/uf50-0221.cnf,SAT,0.000,0,0
benchmarks/satlib/uf50-218/uf50-0222.cnf,SAT,0.000,0,0
benchmarks/satlib/uf50-218/uf50-0223.cnf,SAT,0.000,0,0
benchmarks/satlib/uf50-218/uf50-0224.cnf,SAT,0.000,0,0
benchmarks/satlib/uf50-218/uf50-0225.cnf,SAT,0.000,0,0
benchmarks/satlib/uf50-218/uf50-0226.cnf,SAT,0.000,0,0
benchmarks/satlib/uf50-218/uf50-0227.cnf,SAT,0.000,0,0
benchmarks/satlib/uf50-218/uf50-0228.cnf,SAT,0.000,0,0
benchmarks/satlib/uf50-218/uf50-0229.cnf,SAT,0.000,0,0
benchmarks/satlib/uf50-218/uf50-023.cnf,SAT,0.000,0,0
benchmarks/satlib/uf50-218/uf50-0230.cnf,SAT,0.000,0,0
benchmarks/satlib/uf50-218/uf50-0231.cnf,SAT,0.000,0,0
benchmarks/satlib/uf50-218/uf50-0232.cnf,SAT,0.000,0,0
benchmarks/satlib/uf50-218/uf50-0233.cnf,SAT,0.000,0,0
benchmarks/satlib/uf50-218/uf50-0234.cnf,SAT,0.000,0,0
benchmarks/satlib/uf50-218/uf50-0235.cnf,SAT,0.000,0,0
benchmarks/satlib/uf50-218/uf50-0236.cnf,SAT,0.000,0,0
benchmarks/satlib/uf50-218/uf50-0237.cnf,SAT,0.000,0,0
benchmarks/satlib/uf50-218/uf50-0238.cnf,SAT,0.000,0,0
benchmarks/satlib/uf50-218/uf50-0239.cnf,SAT,0.000,0,0
benchmarks/satlib/uf50-218/uf50-024.cnf,SAT,0.000,0,0
benchmarks/satlib/uf50-218/uf50-0240.cnf,SAT,0.000,0,0
benchmarks/satlib/uf50-218/uf50-0241.cnf,SAT,0.000,0,0
benchmarks/satlib/uf50-218/uf50-0242.cnf,SAT,0.000,0,0
benchmarks/satlib/uf50-218/uf50-0243.cnf,SAT,0.000,0,0
benchmarks/satlib/uf50-218/uf50-0244.cnf,SAT,0.000,0,0
benchmarks/satlib/uf50-218/uf50-0245.cnf,SAT,0.000,1,0
benchmarks/satlib/uf50-218/uf50-0246.cnf,SAT,0.000,0,0
benchmarks/satlib/uf50-218/uf50-0247.cnf,SAT,0.000,0,0
benchmarks/satlib/uf50-218/uf50-0248.cnf,SAT,0.000,0,0
benchmarks/satlib/uf50-218/uf50-0249.cnf,SAT,0.000,0,0
benchmarks/satlib/uf50-218/uf50-025.cnf,SAT,0.000,0,0
benchmarks/satlib/uf50-218/uf50-0250.cnf,SAT,0.000,0,0
benchmarks/satlib/uf50-218/uf50-0251.cnf,SAT,0.000,0,0
benchmarks/satlib/uf50-218/uf50-0252.cnf,SAT,0.000,0,0
benchmarks/satlib/uf50-218/uf50-0253.cnf,SAT,0.000,0,0
benchmarks/satlib/uf50-218/uf50-0254.cnf,SAT,0.000,0,0
benchmarks/satlib/uf50-218/uf50-0255.cnf,SAT,0.000,0,0
benchmarks/satlib/uf50-218/uf50-0256.cnf,SAT,0.000,0,0
benchmarks/satlib/uf50-218/uf50-0257.cnf,SAT,0.000,0,0
benchmarks/satlib/uf50-218/uf50-0258.cnf,SAT,0.000,0,0
benchmarks/satlib/uf50-218/uf50-0259.cnf,SAT,0.000,0,0
benchmarks/satlib/uf50-218/uf50-026.cnf,SAT,0.000,0,0
benchmarks/satlib/uf50-218/uf50-0260.cnf,SAT,0.000,0,0
benchmarks/satlib/uf50-218/uf50-0261.cnf,SAT,0.000,0,0
benchmarks/satlib/uf50-218/uf50-0262.cnf,SAT,0.000,0,0
benchmarks/satlib/uf50-218/uf50-0263.cnf,SAT,0.000,1,0
benchmarks/satlib/uf50-218/uf50-0264.cnf,SAT,0.000,0,0
benchmarks/satlib/uf50-218/uf50-0265.cnf,SAT,0.000,0,0
benchmarks/satlib/uf50-218/uf50-0266.cnf,SAT,0.000,1,0
benchmarks/satlib/uf50-218/uf50-0267.cnf,SAT,0.000,0,0
benchmarks/satlib/uf50-218/uf50-0268.cnf,SAT,0.000,0,0
benchmarks/satlib/uf50-218/uf50-0269.cnf,SAT,0.000,0,0
benchmarks/satlib/uf50-218/uf50-027.cnf,SAT,0.000,0,0
benchmarks/satlib/uf50-218/uf50-0270.cnf,SAT,0.000,1,0
benchmarks/satlib/uf50-218/uf50-0271.cnf,SAT,0.000,0,0
benchmarks/satlib/uf50-218/uf50-0272.cnf,SAT,0.000,0,0
benchmarks/satlib/uf50-218/uf50-0273.cnf,SAT,0.000,0,0
benchmarks/satlib/uf50-218/uf50-0274.cnf,SAT,0.000,0,0
benchmarks/satlib/uf50-218/uf50-0275.cnf,SAT,0.000,0,0
benchmarks/satlib/uf50-218/uf50-0276.cnf,SAT,0.000,0,0
benchmarks/satlib/uf50-218/uf50-0277.cnf,SAT,0.000,0,0
benchmarks/satlib/uf50-218/uf50-0278.cnf,SAT,0.000,0,0
benchmarks/satlib/uf50-218/uf50-0279.cnf,SAT,0.000,0,0
benchmarks/satlib/uf50-218/uf50-028.cnf,SAT,0.000,0,0
benchmarks/satlib/uf50-218/uf50-0280.cnf,SAT,0.000,0,0
benchmarks/satlib/uf50-218/uf50-0281.cnf,SAT,0.000,0,0
benchmarks/satlib/uf50-218/uf50-0282.cnf,SAT,0.000,0,0
benchmarks/satlib/uf50-218/uf50-0283.cnf,SAT,0.000,0,0
benchmarks/satlib/uf50-218/uf50-0284.cnf,SAT,0.000,0,0
benchmarks/satlib/uf50-218/uf50-0285.cnf,SAT,0.000,0,0
benchmarks/satlib/uf50-218/uf50-0286.cnf,SAT,0.000,0,0
benchmarks/satlib/uf50-218/uf50-0287.cnf,SAT,0.000,0,0
benchmarks/satlib/uf50-218/uf50-0288.cnf,SAT,0.000,0,0
benchmarks/satlib/uf50-218/uf50-0289.cnf,SAT,0.000,0,0
benchmarks/satlib/uf50-218/uf50-029.cnf,SAT,0.000,0,0
benchmarks/satlib/uf50-218/uf50-0290.cnf,SAT,0.000,0,0
benchmarks/satlib/uf50-218/uf50-0291.cnf,SAT,0.000,0,0
benchmarks/satlib/uf50-218/uf50-0292.cnf,SAT,0.000,0,0
benchmarks/satlib/uf50-218/uf50-0293.cnf,SAT,0.000,0,0
benchmarks/satlib/uf50-218/uf50-0294.cnf,SAT,0.000,0,0
benchmarks/satlib/uf50-218/uf50-0295.cnf,SAT,0.000,0,0
benchmarks/satlib/uf50-218/uf50-0296.cnf,SAT,0.000,1,0
benchmarks/satlib/uf50-218/uf50-0297.cnf,SAT,0.000,0,0
benchmarks/satlib/uf50-218/uf50-0298.cnf,SAT,0.000,0,0
benchmarks/satlib/uf50-218/uf50-0299.cnf,SAT,0.000,0,0
benchmarks/satlib/uf50-218/uf50-03.cnf,SAT,0.000,0,0
benchmarks/satlib/uf50-218/uf50-030.cnf,SAT,0.000,0,0
benchmarks/satlib/uf50-218/uf50-0300.cnf,SAT,0.000,0,0
benchmarks/satlib/uf50-218/uf50-0301.cnf,SAT,0.000,0,0
benchmarks/satlib/uf50-218/uf50-0302.cnf,SAT,0.000,0,0
benchmarks/satlib/uf50-218/uf50-0303.cnf,SAT,0.000,0,0
benchmarks/satlib/uf50-218/uf50-0304.cnf,SAT,0.000,0,0
benchmarks/satlib/uf50-218/uf50-0305.cnf,SAT,0.000,0,0
benchmarks/satlib/uf50-218/uf50-0306.cnf,SAT,0.000,0,0
benchmarks/satlib/uf50-218/uf50-0307.cnf,SAT,0.000,0,0
benchmarks/satlib/uf50-218/uf50-0308.cnf,SAT,0.000,0,0
benchmarks/satlib/uf50-218/uf50-0309.cnf,SAT,0.000,0,0
benchmarks/satlib/uf50-218/uf50-031.cnf,SAT,0.000,0,0
benchmarks/satlib/uf50-218/uf50-0310.cnf,SAT,0.000,0,0
benchmarks/satlib/uf50-218/uf50-0311.cnf,SAT,0.000,0,0
benchmarks/satlib/uf50-218/uf50-0312.cnf,SAT,0.000,0,0
benchmarks/satlib/uf50-218/uf50-0313.cnf,SAT,0.000,0,0
benchmarks/satlib/uf50-218/uf50-0314.cnf,SAT,0.000,0,0
benchmarks/satlib/uf50-218/uf50-0315.cnf,SAT,0.000,0,0
benchmarks/satlib/uf50-218/uf50-0316.cnf,SAT,0.000,0,0
benchmarks/satlib/uf50-218/uf50-0317.cnf,SAT,0.000,0,0
benchmarks/satlib/uf50-218/uf50-0318.cnf,SAT,0.000,0,0
benchmarks/satlib/uf50-218/uf50-0319.cnf,SAT,0.000,0,0
benchmarks/satlib/uf50-218/uf50-032.cnf,SAT,0.000,0,0
benchmarks/satlib/uf50-218/uf50-0320.cnf,SAT,0.000,0,0
benchmarks/satlib/uf50-218/uf50-0321.cnf,SAT,0.000,0,0
benchmarks/satlib/uf50-218/uf50-0322.cnf,SAT,0.000,0,0
benchmarks/satlib/uf50-218/uf50-0323.cnf,SAT,0.000,0,0
benchmarks/satlib/uf50-218/uf50-0324.cnf,SAT,0.000,0,0
benchmarks/satlib/uf50-218/uf50-0325.cnf,SAT,0.000,0,0
benchmarks/satlib/uf50-218/uf50-0326.cnf,SAT,0.000,0,0
benchmarks/satlib/uf50-218/uf50-0327.cnf,SAT,0.000,0,0
benchmarks/satlib/uf50-218/uf50-0328.cnf,SAT,0.000,0,0
benchmarks/satlib/uf50-218/uf50-0329.cnf,SAT,0.000,0,0
benchmarks/satlib/uf50-218/uf50-033.cnf,SAT,0.000,0,0
benchmarks/satlib/uf50-218/uf50-0330.cnf,SAT,0.000,0,0
benchmarks/satlib/uf50-218/uf50-0331.cnf,SAT,0.000,0,0
benchmarks/satlib/uf50-218/uf50-0332.cnf,SAT,0.000,0,0
benchmarks/satlib/uf50-218/uf50-0333.cnf,SAT,0.000,0,0
benchmarks/satlib/uf50-218/uf50-0334.cnf,SAT,0.000,0,0
benchmarks/satlib/uf50-218/uf50-0335.cnf,SAT,0.000,0,0
benchmarks/satlib/uf50-218/uf50-0336.cnf,SAT,0.000,0,0
benchmarks/satlib/uf50-218/uf50-0337.cnf,SAT,0.000,0,0
benchmarks/satlib/uf50-218/uf50-0338.cnf,SAT,0.000,0,0
benchmarks/satlib/uf50-218/uf50-0339.cnf,SAT,0.000,1,0
benchmarks/satlib/uf50-218/uf50-034.cnf,SAT,0.000,0,0
benchmarks/satlib/uf50-218/uf50-0340.cnf,SAT,0.000,0,0
benchmarks/satlib/uf50-218/uf50-0341.cnf,SAT,0.000,0,0
benchmarks/satlib/uf50-218/uf50-0342.cnf,SAT,0.000,0,0
benchmarks/satlib/uf50-218/uf50-0343.cnf,SAT,0.000,1,0
benchmarks/satlib/uf50-218/uf50-0344.cnf,SAT,0.000,0,0
benchmarks/satlib/uf50-218/uf50-0345.cnf,SAT,0.000,0,0
benchmarks/satlib/uf50-218/uf50-0346.cnf,SAT,0.000,1,0
benchmarks/satlib/uf50-218/uf50-0347.cnf,SAT,0.000,0,0
benchmarks/satlib/uf50-218/uf50-0348.cnf,SAT,0.000,0,0
benchmarks/satlib/uf50-218/uf50-0349.cnf,SAT,0.000,0,0
benchmarks/satlib/uf50-218/uf50-035.cnf,SAT,0.000,0,0
benchmarks/satlib/uf50-218/uf50-0350.cnf,SAT,0.000,0,0
benchmarks/satlib/uf50-218/uf50-0351.cnf,SAT,0.000,0,0
benchmarks/satlib/uf50-218/uf50-0352.cnf,SAT,0.000,0,0
benchmarks/satlib/uf50-218/uf50-0353.cnf,SAT,0.000,0,0
benchmarks/satlib/uf50-218/uf50-0354.cnf,SAT,0.000,0,0
benchmarks/satlib/uf50-218/uf50-0355.cnf,SAT,0.000,0,0
benchmarks/satlib/uf50-218/uf50-0356.cnf,SAT,0.000,0,0
benchmarks/satlib/uf50-218/uf50-0357.cnf,SAT,0.000,1,0
benchmarks/satlib/uf50-218/uf50-0358.cnf,SAT,0.000,0,0
benchmarks/satlib/uf50-218/uf50-0359.cnf,SAT,0.000,0,0
benchmarks/satlib/uf50-218/uf50-036.cnf,SAT,0.000,0,0
benchmarks/satlib/uf50-218/uf50-0360.cnf,SAT,0.000,0,0
benchmarks/satlib/uf50-218/uf50-0361.cnf,SAT,0.000,0,0
benchmarks/satlib/uf50-218/uf50-0362.cnf,SAT,0.000,0,0
benchmarks/satlib/uf50-218/uf50-0363.cnf,SAT,0.000,0,0
benchmarks/satlib/uf50-218/uf50-0364.cnf,SAT,0.000,0,0
benchmarks/satlib/uf50-218/uf50-0365.cnf,SAT,0.000,0,0
benchmarks/satlib/uf50-218/uf50-0366.cnf,SAT,0.000,0,0
benchmarks/satlib/uf50-218/uf50-0367.cnf,SAT,0.000,0,0
benchmarks/satlib/uf50-218/uf50-0368.cnf,SAT,0.000,0,0
benchmarks/satlib/uf50-218/uf50-0369.cnf,SAT,0.000,0,0
benchmarks/satlib/uf50-218/uf50-037.cnf,SAT,0.000,0,0
benchmarks/satlib/uf50-218/uf50-0370.cnf,SAT,0.000,0,0
benchmarks/satlib/uf50-218/uf50-0371.cnf,SAT,0.000,0,0
benchmarks/satlib/uf50-218/uf50-0372.cnf,SAT,0.000,0,0
benchmarks/satlib/uf50-218/uf50-0373.cnf,SAT,0.000,0,0
benchmarks/satlib/uf50-218/uf50-0374.cnf,SAT,0.000,0,0
benchmarks/satlib/uf50-218/uf50-0375.cnf,SAT,0.000,0,0
benchmarks/satlib/uf50-218/uf50-0376.cnf,SAT,0.000,0,0
benchmarks/satlib/uf50-218/uf50-0377.cnf,SAT,0.000,0,0
benchmarks/satlib/uf50-218/uf50-0378.cnf,SAT,0.000,0,0
benchmarks/satlib/uf50-218/uf50-0379.cnf,SAT,0.000,0,0
benchmarks/satlib/uf50-218/uf50-038.cnf,SAT,0.000,0,0
benchmarks/satlib/uf50-218/uf50-0380.cnf,SAT,0.000,0,0
benchmarks/satlib/uf50-218/uf50-0381.cnf,SAT,0.000,0,0
benchmarks/satlib/uf50-218/uf50-0382.cnf,SAT,0.000,0,0
benchmarks/satlib/uf50-218/uf50-0383.cnf,SAT,0.000,0,0
benchmarks/satlib/uf50-218/uf50-0384.cnf,SAT,0.000,0,0
benchmarks/satlib/uf50-218/uf50-0385.cnf,SAT,0.000,0,0
benchmarks/satlib/uf50-218/uf50-0386.cnf,SAT,0.000,0,0
benchmarks/satlib/uf50-218/uf50-0387.cnf,SAT,0.000,0,0
benchmarks/satlib/uf50-218/uf50-0388.cnf,SAT,0.000,0,0
benchmarks/satlib/uf50-218/uf50-0389.cnf,SAT,0.000,1,0
benchmarks/satlib/uf50-218/uf50-039.cnf,SAT,0.000,0,0
benchmarks/satlib/uf50-218/uf50-0390.cnf,SAT,0.000,1,0
benchmarks/satlib/uf50-218/uf50-0391.cnf,SAT,0.000,0,0
benchmarks/satlib/uf50-218/uf50-0392.cnf,SAT,0.000,0,0
benchmarks/satlib/uf50-218/uf50-0393.cnf,SAT,0.000,0,0
benchmarks/satlib/uf50-218/uf50-0394.cnf,SAT,0.000,0,0
benchmarks/satlib/uf50-218/uf50-0395.cnf,SAT,0.000,0,0
benchmarks/satlib/uf50-218/uf50-0396.cnf,SAT,0.000,0,0
benchmarks/satlib/uf50-218/uf50-0397.cnf,SAT,0.000,0,0
benchmarks/satlib/uf50-218/uf50-0398.cnf,SAT,0.000,0,0
benchmarks/satlib/uf50-218/uf50-0399.cnf,SAT,0.000,0,0
benchmarks/satlib/uf50-218/uf50-04.cnf,SAT,0.000,0,0
benchmarks/satlib/uf50-218/uf50-040.cnf,SAT,0.000,0,0
benchmarks/satlib/uf50-218/uf50-0400.cnf,SAT,0.000,0,0
benchmarks/satlib/uf50-218/uf50-0401.cnf,SAT,0.000,0,0
benchmarks/satlib/uf50-218/uf50-0402.cnf,SAT,0.000,0,0
benchmarks/satlib/uf50-218/uf50-0403.cnf,SAT,0.000,0,0
benchmarks/satlib/uf50-218/uf50-0404.cnf,SAT,0.000,0,0
benchmarks/satlib/uf50-218/uf50-0405.cnf,SAT,0.000,0,0
benchmarks/satlib/uf50-218/uf50-0406.cnf,SAT,0.000,0,0
benchmarks/satlib/uf50-218/uf50-0407.cnf,SAT,0.000,0,0
benchmarks/satlib/uf50-218/uf50-0408.cnf,SAT,0.000,0,0
benchmarks/satlib/uf50-218/uf50-0409.cnf,SAT,0.000,0,0
benchmarks/satlib/uf50-218/uf50-041.cnf,SAT,0.000,0,0
benchmarks/satlib/uf50-218/uf50-0410.cnf,SAT,0.000,0,0
benchmarks/satlib/uf50-218/uf50-0411.cnf,SAT,0.000,0,0
benchmarks/satlib/uf50-218/uf50-0412.cnf,SAT,0.000,0,0
benchmarks/satlib/uf50-218/uf50-0413.cnf,SAT,0.000,0,0
benchmarks/satlib/uf50-218/uf50-0414.cnf,SAT,0.000,0,0
benchmarks/satlib/uf50-218/uf50-0415.cnf,SAT,0.000,0,0
benchmarks/satlib/uf50-218/uf50-0416.cnf,SAT,0.000,0,0
benchmarks/satlib/uf50-218/uf50-0417.cnf,SAT,0.000,0,0
benchmarks/satlib/uf50-218/uf50-0418.cnf,SAT,0.000,0,0
benchmarks/satlib/uf50-218/uf50-0419.cnf,SAT,0.000,0,0
benchmarks/satlib/uf50-218/uf50-042.cnf,SAT,0.000,1,0
benchmarks/satlib/uf50-218/uf50-0420.cnf,SAT,0.000,0,0
benchmarks/satlib/uf50-218/uf50-0421.cnf,SAT,0.000,0,0
benchmarks/satlib/uf50-218/uf50-0422.cnf,SAT,0.000,0,0
benchmarks/satlib/uf50-218/uf50-0423.cnf,SAT,0.000,0,0
benchmarks/satlib/uf50-218/uf50-0424.cnf,SAT,0.000,0,0
benchmarks/satlib/uf50-218/uf50-0425.cnf,SAT,0.000,1,0
benchmarks/satlib/uf50-218/uf50-0426.cnf,SAT,0.000,0,0
benchmarks/satlib/uf50-218/uf50-0427.cnf,SAT,0.000,0,0
benchmarks/satlib/uf50-218/uf50-0428.cnf,SAT,0.000,0,0
benchmarks/satlib/uf50-218/uf50-0429.cnf,SAT,0.000,0,0
benchmarks/satlib/uf50-218/uf50-043.cnf,SAT,0.000,0,0
benchmarks/satlib/uf50-218/uf50-0430.cnf,SAT,0.000,0,0
benchmarks/satlib/uf50-218/uf50-0431.cnf,SAT,0.000,0,0
benchmarks/satlib/uf50-218/uf50-0432.cnf,SAT,0.000,0,0
benchmarks/satlib/uf50-218/uf50-0433.cnf,SAT,0.000,0,0
benchmarks/satlib/uf50-218/uf50-0434.cnf,SAT,0.000,0,0
benchmarks/satlib/uf50-218/uf50-0435.cnf,SAT,0.000,1,0
benchmarks/satlib/uf50-218/uf50-0436.cnf,SAT,0.000,1,0
benchmarks/satlib/uf50-218/uf50-0437.cnf,SAT,0.000,0,0
benchmarks/satlib/uf50-218/uf50-0438.cnf,SAT,0.000,0,0
benchmarks/satlib/uf50-218/uf50-0439.cnf,SAT,0.000,0,0
benchmarks/satlib/uf50-218/uf50-044.cnf,SAT,0.000,0,0
benchmarks/satlib/uf50-218/uf50-0440.cnf,SAT,0.000,1,0
benchmarks/satlib/uf50-218/uf50-0441.cnf,SAT,0.000,0,0
benchmarks/satlib/uf50-218/uf50-0442.cnf,SAT,0.000,0,0
benchmarks/satlib/uf50-218/uf50-0443.cnf,SAT,0.000,0,0
benchmarks/satlib/uf50-218/uf50-0444.cnf,SAT,0.000,0,0
benchmarks/satlib/uf50-218/uf50-0445.cnf,SAT,0.000,0,0
benchmarks/satlib/uf50-218/uf50-0446.cnf,SAT,0.000,0,0
benchmarks/satlib/uf50-218/uf50-0447.cnf,SAT,0.000,0,0
benchmarks/satlib/uf50-218/uf50-0448.cnf,SAT,0.000,0,0
benchmarks/satlib/uf50-218/uf50-0449.cnf,SAT,0.000,0,0
benchmarks/satlib/uf50-218/uf50-045.cnf,SAT,0.000,0,0
benchmarks/satlib/uf50-218/uf50-0450.cnf,SAT,0.000,0,0
benchmarks/satlib/uf50-218/uf50-0451.cnf,SAT,0.000,0,0
benchmarks/satlib/uf50-218/uf50-0452.cnf,SAT,0.000,0,0
benchmarks/satlib/uf50-218/uf50-0453.cnf,SAT,0.000,0,0
benchmarks/satlib/uf50-218/uf50-0454.cnf,SAT,0.000,1,0
benchmarks/satlib/uf50-218/uf50-0455.cnf,SAT,0.000,0,0
benchmarks/satlib/uf50-218/uf50-0456.cnf,SAT,0.000,0,0
benchmarks/satlib/uf50-218/uf50-0457.cnf,SAT,0.000,0,0
benchmarks/satlib/uf50-218/uf50-0458.cnf,SAT,0.000,0,0
benchmarks/satlib/uf50-218/uf50-0459.cnf,SAT,0.000,0,0
benchmarks/satlib/uf50-218/uf50-046.cnf,SAT,0.000,0,0
benchmarks/satlib/uf50-218/uf50-0460.cnf,SAT,0.000,1,0
benchmarks/satlib/uf50-218/uf50-0461.cnf,SAT,0.000,0,0
benchmarks/satlib/uf50-218/uf50-0462.cnf,SAT,0.000,0,0
benchmarks/satlib/uf50-218/uf50-0463.cnf,SAT,0.000,0,0
benchmarks/satlib/uf50-218/uf50-0464.cnf,SAT,0.000,0,0
benchmarks/satlib/uf50-218/uf50-0465.cnf,SAT,0.000,0,0
benchmarks/satlib/uf50-218/uf50-0466.cnf,SAT,0.000,1,0
benchmarks/satlib/uf50-218/uf50-0467.cnf,SAT,0.000,0,0
benchmarks/satlib/uf50-218/uf50-0468.cnf,SAT,0.000,0,0
benchmarks/satlib/uf50-218/uf50-0469.cnf,SAT,0.000,0,0
benchmarks/satlib/uf50-218/uf50-047.cnf,SAT,0.000,1,0
benchmarks/satlib/uf50-218/uf50-0470.cnf,SAT,0.000,0,0
benchmarks/satlib/uf50-218/uf50-0471.cnf,SAT,0.000,1,0
benchmarks/satlib/uf50-218/uf50-0472.cnf,SAT,0.000,0,0
benchmarks/satlib/uf50-218/uf50-0473.cnf,SAT,0.000,0,0
benchmarks/satlib/uf50-218/uf50-0474.cnf,SAT,0.000,0,0
benchmarks/satlib/uf50-218/uf50-0475.cnf,SAT,0.000,0,0
benchmarks/satlib/uf50-218/uf50-0476.cnf,SAT,0.000,0,0
benchmarks/satlib/uf50-218/uf50-0477.cnf,SAT,0.000,0,0
benchmarks/satlib/uf50-218/uf50-0478.cnf,SAT,0.000,0,0
benchmarks/satlib/uf50-218/uf50-0479.cnf,SAT,0.000,0,0
benchmarks/satlib/uf50-218/uf50-048.cnf,SAT,0.000,0,0
benchmarks/satlib/uf50-218/uf50-0480.cnf,SAT,0.000,0,0
benchmarks/satlib/uf50-218/uf50-0481.cnf,SAT,0.000,0,0
benchmarks/satlib/uf50-218/uf50-0482.cnf,SAT,0.000,0,0
benchmarks/satlib/uf50-218/uf50-0483.cnf,SAT,0.000,0,0
benchmarks/satlib/uf50-218/uf50-0484.cnf,SAT,0.000,1,0
benchmarks/satlib/uf50-218/uf50-0485.cnf,SAT,0.000,0,0
benchmarks/satlib/uf50-218/uf50-0486.cnf,SAT,0.000,0,0
benchmarks/satlib/uf50-218/uf50-0487.cnf,SAT,0.000,0,0
benchmarks/satlib/uf50-218/uf50-0488.cnf,SAT,0.000,0,0
benchmarks/satlib/uf50-218/uf50-0489.cnf,SAT,0.000,0,0
benchmarks/satlib/uf50-218/uf50-049.cnf,SAT,0.000,0,0
benchmarks/satlib/uf50-218/uf50-0490.cnf,SAT,0.000,0,0
benchmarks/satlib/uf50-218/uf50-0491.cnf,SAT,0.000,0,0
benchmarks/satlib/uf50-218/uf50-0492.cnf,SAT,0.000,0,0
benchmarks/satlib/uf50-218/uf50-0493.cnf,SAT,0.000,0,0
benchmarks/satlib/uf50-218/uf50-0494.cnf,SAT,0.000,0,0
benchmarks/satlib/uf50-218/uf50-0495.cnf,SAT,0.000,0,0
benchmarks/satlib/uf50-218/uf50-0496.cnf,SAT,0.000,0,0
benchmarks/satlib/uf50-218/uf50-0497.cnf,SAT,0.000,0,0
benchmarks/satlib/uf50-218/uf50-0498.cnf,SAT,0.000,0,0
benchmarks/satlib/uf50-218/uf50-0499.cnf,SAT,0.000,0,0
benchmarks/satlib/uf50-218/uf50-05.cnf,SAT,0.000,0,0
benchmarks/satlib/uf50-218/uf50-050.cnf,SAT,0.000,0,0
benchmarks/satlib/uf50-218/uf50-0500.cnf,SAT,0.000,0,0
benchmarks/satlib/uf50-218/uf50-0501.cnf,SAT,0.000,0,0
benchmarks/satlib/uf50-218/uf50-0502.cnf,SAT,0.000,0,0
benchmarks/satlib/uf50-218/uf50-0503.cnf,SAT,0.000,0,0
benchmarks/satlib/uf50-218/uf50-0504.cnf,SAT,0.000,0,0
benchmarks/satlib/uf50-218/uf50-0505.cnf,SAT,0.000,0,0
benchmarks/satlib/uf50-218/uf50-0506.cnf,SAT,0.000,0,0
benchmarks/satlib/uf50-218/uf50-0507.cnf,SAT,0.000,0,0
benchmarks/satlib/uf50-218/uf50-0508.cnf,SAT,0.000,0,0
benchmarks/satlib/uf50-218/uf50-0509.cnf,SAT,0.000,0,0
benchmarks/satlib/uf50-218/uf50-051.cnf,SAT,0.000,0,0
benchmarks/satlib/uf50-218/uf50-0510.cnf,SAT,0.000,0,0
benchmarks/satlib/uf50-218/uf50-0511.cnf,SAT,0.000,0,0
benchmarks/satlib/uf50-218/uf50-0512.cnf,SAT,0.000,0,0
benchmarks/satlib/uf50-218/uf50-0513.cnf,SAT,0.000,0,0
benchmarks/satlib/uf50-218/uf50-0514.cnf,SAT,0.000,0,0
benchmarks/satlib/uf50-218/uf50-0515.cnf,SAT,0.000,0,0
benchmarks/satlib/uf50-218/uf50-0516.cnf,SAT,0.000,0,0
benchmarks/satlib/uf50-218/uf50-0517.cnf,SAT,0.000,0,0
benchmarks/satlib/uf50-218/uf50-0518.cnf,SAT,0.000,0,0
benchmarks/satlib/uf50-218/uf50-0519.cnf,SAT,0.000,0,0
benchmarks/satlib/uf50-218/uf50-052.cnf,SAT,0.000,0,0
benchmarks/satlib/uf50-218/uf50-0520.cnf,SAT,0.000,0,0
benchmarks/satlib/uf50-218/uf50-0521.cnf,SAT,0.000,0,0
benchmarks/satlib/uf50-218/uf50-0522.cnf,SAT,0.000,0,0
benchmarks/satlib/uf50-218/uf50-0523.cnf,SAT,0.000,0,0
benchmarks/satlib/uf50-218/uf50-0524.cnf,SAT,0.000,0,0
benchmarks/satlib/uf50-218/uf50-0525.cnf,SAT,0.000,0,0
benchmarks/satlib/uf50-218/uf50-0526.cnf,SAT,0.000,0,0
benchmarks/satlib/uf50-218/uf50-0527.cnf,SAT,0.000,0,0
benchmarks/satlib/uf50-218/uf50-0528.cnf,SAT,0.000,0,0
benchmarks/satlib/uf50-218/uf50-0529.cnf,SAT,0.000,0,0
benchmarks/satlib/uf50-218/uf50-053.cnf,SAT,0.000,0,0
benchmarks/satlib/uf50-218/uf50-0530.cnf,SAT,0.000,0,0
benchmarks/satlib/uf50-218/uf50-0531.cnf,SAT,0.000,0,0
benchmarks/satlib/uf50-218/uf50-0532.cnf,SAT,0.000,0,0
benchmarks/satlib/uf50-218/uf50-0533.cnf,SAT,0.000,0,0
benchmarks/satlib/uf50-218/uf50-0534.cnf,SAT,0.000,1,0
benchmarks/satlib/uf50-218/uf50-0535.cnf,SAT,0.000,1,0
benchmarks/satlib/uf50-218/uf50-0536.cnf,SAT,0.000,0,0
benchmarks/satlib/uf50-218/uf50-0537.cnf,SAT,0.000,0,0
benchmarks/satlib/uf50-218/uf50-0538.cnf,SAT,0.000,0,0
benchmarks/satlib/uf50-218/uf50-0539.cnf,SAT,0.000,0,0
benchmarks/satlib/uf50-218/uf50-054.cnf,SAT,0.000,0,0
benchmarks/satlib/uf50-218/uf50-0540.cnf,SAT,0.000,0,0
benchmarks/satlib/uf50-218/uf50-0541.cnf,SAT,0.000,0,0
benchmarks/satlib/uf50-218/uf50-0542.cnf,SAT,0.000,0,0
benchmarks/satlib/uf50-218/uf50-0543.cnf,SAT,0.000,0,0
benchmarks/satlib/uf50-218/uf50-0544.cnf,SAT,0.000,0,0
benchmarks/satlib/uf50-218/uf50-0545.cnf,SAT,0.000,0,0
benchmarks/satlib/uf50-218/uf50-0546.cnf,SAT,0.000,0,0
benchmarks/satlib/uf50-218/uf50-0547.cnf,SAT,0.000,1,0
benchmarks/satlib/uf50-218/uf50-0548.cnf,SAT,0.000,0,0
benchmarks/satlib/uf50-218/uf50-0549.cnf,SAT,0.000,0,0
benchmarks/satlib/uf50-218/uf50-055.cnf,SAT,0.000,0,0
benchmarks/satlib/uf50-218/uf50-0550.cnf,SAT,0.000,0,0
benchmarks/satlib/uf50-218/uf50-0551.cnf,SAT,0.000,1,0
benchmarks/satlib/uf50-218/uf50-0552.cnf,SAT,0.000,0,0
benchmarks/satlib/uf50-218/uf50-0553.cnf,SAT,0.000,0,0
benchmarks/satlib/uf50-218/uf50-0554.cnf,SAT,0.000,0,0
benchmarks/satlib/uf50-218/uf50-0555.cnf,SAT,0.000,0,0
benchmarks/satlib/uf50-218/uf50-0556.cnf,SAT,0.000,0,0
benchmarks/satlib/uf50-218/uf50-0557.cnf,SAT,0.000,0,0
benchmarks/satlib/uf50-218/uf50-0558.cnf,SAT,0.000,0,0
benchmarks/satlib/uf50-218/uf50-0559.cnf,SAT,0.000,0,0
benchmarks/satlib/uf50-218/uf50-056.cnf,SAT,0.000,0,0
benchmarks/satlib/uf50-218/uf50-0560.cnf,SAT,0.000,0,0
benchmarks/satlib/uf50-218/uf50-0561.cnf,SAT,0.000,0,0
benchmarks/satlib/uf50-218/uf50-0562.cnf,SAT,0.000,0,0
benchmarks/satlib/uf50-218/uf50-0563.cnf,SAT,0.000,0,0
benchmarks/satlib/uf50-218/uf50-0564.cnf,SAT,0.000,0,0
benchmarks/satlib/uf50-218/uf50-0565.cnf,SAT,0.000,0,0
benchmarks/satlib/uf50-218/uf50-0566.cnf,SAT,0.000,0,0
benchmarks/satlib/uf50-218/uf50-0567.cnf,SAT,0.000,0,0
benchmarks/satlib/uf50-218/uf50-0568.cnf,SAT,0.000,0,0
benchmarks/satlib/uf50-218/uf50-0569.cnf,SAT,0.000,0,0
benchmarks/satlib/uf50-218/uf50-057.cnf,SAT,0.000,0,0
benchmarks/satlib/uf50-218/uf50-0570.cnf,SAT,0.000,0,0
benchmarks/satlib/uf50-218/uf50-0571.cnf,SAT,0.000,0,0
benchmarks/satlib/uf50-218/uf50-0572.cnf,SAT,0.000,0,0
benchmarks/satlib/uf50-218/uf50-0573.cnf,SAT,0.000,0,0
benchmarks/satlib/uf50-218/uf50-0574.cnf,SAT,0.000,0,0
benchmarks/satlib/uf50-218/uf50-0575.cnf,SAT,0.000,0,0
benchmarks/satlib/uf50-218/uf50-0576.cnf,SAT,0.000,0,0
benchmarks/satlib/uf50-218/uf50-0577.cnf,SAT,0.000,0,0
benchmarks/satlib/uf50-218/uf50-0578.cnf,SAT,0.000,0,0
benchmarks/satlib/uf50-218/uf50-0579.cnf,SAT,0.000,0,0
benchmarks/satlib/uf50-218/uf50-058.cnf,SAT,0.000,1,0
benchmarks/satlib/uf50-218/uf50-0580.cnf,SAT,0.000,0,0
benchmarks/satlib/uf50-218/uf50-0581.cnf,SAT,0.000,0,0
benchmarks/satlib/uf50-218/uf50-0582.cnf,SAT,0.000,0,0
benchmarks/satlib/uf50-218/uf50-0583.cnf,SAT,0.000,0,0
benchmarks/satlib/uf50-218/uf50-0584.cnf,SAT,0.000,0,0
benchmarks/satlib/uf50-218/uf50-0585.cnf,SAT,0.000,0,0
benchmarks/satlib/uf50-218/uf50-0586.cnf,SAT,0.000,0,0
benchmarks/satlib/uf50-218/uf50-0587.cnf,SAT,0.000,1,0
benchmarks/satlib/uf50-218/uf50-0588.cnf,SAT,0.000,0,0
benchmarks/satlib/uf50-218/uf50-0589.cnf,SAT,0.000,0,0
benchmarks/satlib/uf50-218/uf50-059.cnf,SAT,0.000,0,0
benchmarks/satlib/uf50-218/uf50-0590.cnf,SAT,0.000,0,0
benchmarks/satlib/uf50-218/uf50-0591.cnf,SAT,0.000,0,0
benchmarks/satlib/uf50-218/uf50-0592.cnf,SAT,0.000,0,0
benchmarks/satlib/uf50-218/uf50-0593.cnf,SAT,0.000,0,0
benchmarks/satlib/uf50-218/uf50-0594.cnf,SAT,0.000,0,0
benchmarks/satlib/uf50-218/uf50-0595.cnf,SAT,0.000,0,0
benchmarks/satlib/uf50-218/uf50-0596.cnf,SAT,0.000,0,0
benchmarks/satlib/uf50-218/uf50-0597.cnf,SAT,0.000,0,0
benchmarks/satlib/uf50-218/uf50-0598.cnf,SAT,0.000,0,0
benchmarks/satlib/uf50-218/uf50-0599.cnf,SAT,0.000,0,0
benchmarks/satlib/uf50-218/uf50-06.cnf,SAT,0.000,1,0
benchmarks/satlib/uf50-218/uf50-060.cnf,SAT,0.000,0,0
benchmarks/satlib/uf50-218/uf50-0600.cnf,SAT,0.000,0,0
benchmarks/satlib/uf50-218/uf50-0601.cnf,SAT,0.000,0,0
benchmarks/satlib/uf50-218/uf50-0602.cnf,SAT,0.000,0,0
benchmarks/satlib/uf50-218/uf50-0603.cnf,SAT,0.000,0,0
benchmarks/satlib/uf50-218/uf50-0604.cnf,SAT,0.000,0,0
benchmarks/satlib/uf50-218/uf50-0605.cnf,SAT,0.000,1,0
benchmarks/satlib/uf50-218/uf50-0606.cnf,SAT,0.000,0,0
benchmarks/satlib/uf50-218/uf50-0607.cnf,SAT,0.000,0,0
benchmarks/satlib/uf50-218/uf50-0608.cnf,SAT,0.000,0,0
benchmarks/satlib/uf50-218/uf50-0609.cnf,SAT,0.000,0,0
benchmarks/satlib/uf50-218/uf50-061.cnf,SAT,0.000,0,0
benchmarks/satlib/uf50-218/uf50-0610.cnf,SAT,0.000,0,0
benchmarks/satlib/uf50-218/uf50-0611.cnf,SAT,0.000,0,0
benchmarks/satlib/uf50-218/uf50-0612.cnf,SAT,0.000,0,0
benchmarks/satlib/uf50-218/uf50-0613.cnf,SAT,0.000,0,0
benchmarks/satlib/uf50-218/uf50-0614.cnf,SAT,0.000,0,0
benchmarks/satlib/uf50-218/uf50-0615.cnf,SAT,0.000,1,0
benchmarks/satlib/uf50-218/uf50-0616.cnf,SAT,0.000,0,0
benchmarks/satlib/uf50-218/uf50-0617.cnf,SAT,0.000,0,0
benchmarks/satlib/uf50-218/uf50-0618.cnf,SAT,0.000,0,0
benchmarks/satlib/uf50-218/uf50-0619.cnf,SAT,0.000,0,0
benchmarks/satlib/uf50-218/uf50-062.cnf,SAT,0.000,0,0
benchmarks/satlib/uf50-218/uf50-0620.cnf,SAT,0.000,0,0
benchmarks/satlib/uf50-218/uf50-0621.cnf,SAT,0.000,1,0
benchmarks/satlib/uf50-218/uf50-0622.cnf,SAT,0.000,0,0
benchmarks/satlib/uf50-218/uf50-0623.cnf,SAT,0.000,0,0
benchmarks/satlib/uf50-218/uf50-0624.cnf,SAT,0.000,0,0
benchmarks/satlib/uf50-218/uf50-0625.cnf,SAT,0.000,0,0
benchmarks/satlib/uf50-218/uf50-0626.cnf,SAT,0.000,0,0
benchmarks/satlib/uf50-218/uf50-0627.cnf,SAT,0.000,0,0
benchmarks/satlib/uf50-218/uf50-0628.cnf,SAT,0.000,0,0
benchmarks/satlib/uf50-218/uf50-0629.cnf,SAT,0.000,0,0
benchmarks/satlib/uf50-218/uf50-063.cnf,SAT,0.000,0,0
benchmarks/satlib/uf50-218/uf50-0630.cnf,SAT,0.000,0,0
benchmarks/satlib/uf50-218/uf50-0631.cnf,SAT,0.000,0,0
benchmarks/satlib/uf50-218/uf50-0632.cnf,SAT,0.000,0,0
benchmarks/satlib/uf50-218/uf50-0633.cnf,SAT,0.000,0,0
benchmarks/satlib/uf50-218/uf50-0634.cnf,SAT,0.000,0,0
benchmarks/satlib/uf50-218/uf50-0635.cnf,SAT,0.000,0,0
benchmarks/satlib/uf50-218/uf50-0636.cnf,SAT,0.000,0,0
benchmarks/satlib/uf50-218/uf50-0637.cnf,SAT,0.000,0,0
benchmarks/satlib/uf50-218/uf50-0638.cnf,SAT,0.000,0,0
benchmarks/satlib/uf50-218/uf50-0639.cnf,SAT,0.000,0,0
benchmarks/satlib/uf50-218/uf50-064.cnf,SAT,0.000,0,0
benchmarks/satlib/uf50-218/uf50-0640.cnf,SAT,0.000,0,0
benchmarks/satlib/uf50-218/uf50-0641.cnf,SAT,0.000,0,0
benchmarks/satlib/uf50-218/uf50-0642.cnf,SAT,0.000,0,0
benchmarks/satlib/uf50-218/uf50-0643.cnf,SAT,0.000,0,0
benchmarks/satlib/uf50-218/uf50-0644.cnf,SAT,0.000,0,0
benchmarks/satlib/uf50-218/uf50-0645.cnf,SAT,0.000,0,0
benchmarks/satlib/uf50-218/uf50-0646.cnf,SAT,0.000,0,0
benchmarks/satlib/uf50-218/uf50-0647.cnf,SAT,0.000,0,0
benchmarks/satlib/uf50-218/uf50-0648.cnf,SAT,0.000,0,0
benchmarks/satlib/uf50-218/uf50-0649.cnf,SAT,0.000,0,0
benchmarks/satlib/uf50-218/uf50-065.cnf,SAT,0.000,0,0
benchmarks/satlib/uf50-218/uf50-0650.cnf,SAT,0.000,0,0
benchmarks/satlib/uf50-218/uf50-0651.cnf,SAT,0.000,0,0
benchmarks/satlib/uf50-218/uf50-0652.cnf,SAT,0.000,0,0
benchmarks/satlib/uf50-218/uf50-0653.cnf,SAT,0.000,0,0
benchmarks/satlib/uf50-218/uf50-0654.cnf,SAT,0.000,0,0
benchmarks/satlib/uf50-218/uf50-0655.cnf,SAT,0.000,0,0
benchmarks/satlib/uf50-218/uf50-0656.cnf,SAT,0.000,0,0
benchmarks/satlib/uf50-218/uf50-0657.cnf,SAT,0.000,0,0
benchmarks/satlib/uf50-218/uf50-0658.cnf,SAT,0.000,1,0
benchmarks/satlib/uf50-218/uf50-0659.cnf,SAT,0.000,0,0
benchmarks/satlib/uf50-218/uf50-066.cnf,SAT,0.000,0,0
benchmarks/satlib/uf50-218/uf50-0660.cnf,SAT,0.000,0,0
benchmarks/satlib/uf50-218/uf50-0661.cnf,SAT,0.000,0,0
benchmarks/satlib/uf50-218/uf50-0662.cnf,SAT,0.000,0,0
benchmarks/satlib/uf50-218/uf50-0663.cnf,SAT,0.000,0,0
benchmarks/satlib/uf50-218/uf50-0664.cnf,SAT,0.000,0,0
benchmarks/satlib/uf50-218/uf50-0665.cnf,SAT,0.000,0,0
benchmarks/satlib/uf50-218/uf50-0666.cnf,SAT,0.000,0,0
benchmarks/satlib/uf50-218/uf50-0667.cnf,SAT,0.000,1,0
benchmarks/satlib/uf50-218/uf50-0668.cnf,SAT,0.000,0,0
benchmarks/satlib/uf50-218/uf50-0669.cnf,SAT,0.000,0,0
benchmarks/satlib/uf50-218/uf50-067.cnf,SAT,0.000,0,0
benchmarks/satlib/uf50-218/uf50-0670.cnf,SAT,0.000,0,0
benchmarks/satlib/uf50-218/uf50-0671.cnf,SAT,0.000,0,0
benchmarks/satlib/uf50-218/uf50-0672.cnf,SAT,0.000,1,0
benchmarks/satlib/uf50-218/uf50-0673.cnf,SAT,0.000,0,0
benchmarks/satlib/uf50-218/uf50-0674.cnf,SAT,0.000,0,0
benchmarks/satlib/uf50-218/uf50-0675.cnf,SAT,0.000,0,0
benchmarks/satlib/uf50-218/uf50-0676.cnf,SAT,0.000,0,0
benchmarks/satlib/uf50-218/uf50-0677.cnf,SAT,0.000,0,0
benchmarks/satlib/uf50-218/uf50-0678.cnf,SAT,0.000,0,0
benchmarks/satlib/uf50-218/uf50-0679.cnf,SAT,0.000,0,0
benchmarks/satlib/uf50-218/uf50-068.cnf,SAT,0.000,0,0
benchmarks/satlib/uf50-218/uf50-0680.cnf,SAT,0.000,0,0
benchmarks/satlib/uf50-218/uf50-0681.cnf,SAT,0.000,0,0
benchmarks/satlib/uf50-218/uf50-0682.cnf,SAT,0.000,0,0
benchmarks/satlib/uf50-218/uf50-0683.cnf,SAT,0.000,0,0
benchmarks/satlib/uf50-218/uf50-0684.cnf,SAT,0.000,0,0
benchmarks/satlib/uf50-218/uf50-0685.cnf,SAT,0.000,0,0
benchmarks/satlib/uf50-218/uf50-0686.cnf,SAT,0.000,0,0
benchmarks/satlib/uf50-218/uf50-0687.cnf,SAT,0.000,0,0
benchmarks/satlib/uf50-218/uf50-0688.cnf,SAT,0.000,0,0
benchmarks/satlib/uf50-218/uf50-0689.cnf,SAT,0.000,0,0
benchmarks/satlib/uf50-218/uf50-069.cnf,SAT,0.000,1,0
benchmarks/satlib/uf50-218/uf50-0690.cnf,SAT,0.000,0,0
benchmarks/satlib/uf50-218/uf50-0691.cnf,SAT,0.000,0,0
benchmarks/satlib/uf50-218/uf50-0692.cnf,SAT,0.000,0,0
benchmarks/satlib/uf50-218/uf50-0693.cnf,SAT,0.000,0,0
benchmarks/satlib/uf50-218/uf50-0694.cnf,SAT,0.000,0,0
benchmarks/satlib/uf50-218/uf50-0695.cnf,SAT,0.000,0,0
benchmarks/satlib/uf50-218/uf50-0696.cnf,SAT,0.000,0,0
benchmarks/satlib/uf50-218/uf50-0697.cnf,SAT,0.000,0,0
benchmarks/satlib/uf50-218/uf50-0698.cnf,SAT,0.000,0,0
benchmarks/satlib/uf50-218/uf50-0699.cnf,SAT,0.000,0,0
benchmarks/satlib/uf50-218/uf50-07.cnf,SAT,0.000,0,0
benchmarks/satlib/uf50-218/uf50-070.cnf,SAT,0.000,1,0
benchmarks/satlib/uf50-218/uf50-0700.cnf,SAT,0.000,0,0
benchmarks/satlib/uf50-218/uf50-0701.cnf,SAT,0.000,0,0
benchmarks/satlib/uf50-218/uf50-0702.cnf,SAT,0.000,0,0
benchmarks/satlib/uf50-218/uf50-0703.cnf,SAT,0.000,0,0
benchmarks/satlib/uf50-218/uf50-0704.cnf,SAT,0.000,0,0
benchmarks/satlib/uf50-218/uf50-0705.cnf,SAT,0.000,0,0
benchmarks/satlib/uf50-218/uf50-0706.cnf,SAT,0.000,0,0
benchmarks/satlib/uf50-218/uf50-0707.cnf,SAT,0.000,0,0
benchmarks/satlib/uf50-218/uf50-0708.cnf,SAT,0.000,0,0
benchmarks/satlib/uf50-218/uf50-0709.cnf,SAT,0.000,0,0
benchmarks/satlib/uf50-218/uf50-071.cnf,SAT,0.000,0,0
benchmarks/satlib/uf50-218/uf50-0710.cnf,SAT,0.000,0,0
benchmarks/satlib/uf50-218/uf50-0711.cnf,SAT,0.000,0,0
benchmarks/satlib/uf50-218/uf50-0712.cnf,SAT,0.000,0,0
benchmarks/satlib/uf50-218/uf50-0713.cnf,SAT,0.000,0,0
benchmarks/satlib/uf50-218/uf50-0714.cnf,SAT,0.000,0,0
benchmarks/satlib/uf50-218/uf50-0715.cnf,SAT,0.000,0,0
benchmarks/satlib/uf50-218/uf50-0716.cnf,SAT,0.000,0,0
benchmarks/satlib/uf50-218/uf50-0717.cnf,SAT,0.000,1,0
benchmarks/satlib/uf50-218/uf50-0718.cnf,SAT,0.000,0,0
benchmarks/satlib/uf50-218/uf50-0719.cnf,SAT,0.000,0,0
benchmarks/satlib/uf50-218/uf50-072.cnf,SAT,0.000,0,0
benchmarks/satlib/uf50-218/uf50-0720.cnf,SAT,0.000,0,0
benchmarks/satlib/uf50-218/uf50-0721.cnf,SAT,0.000,0,0
benchmarks/satlib/uf50-218/uf50-0722.cnf,SAT,0.000,0,0
benchmarks/satlib/uf50-218/uf50-0723.cnf,SAT,0.000,0,0
benchmarks/satlib/uf50-218/uf50-0724.cnf,SAT,0.000,0,0
benchmarks/satlib/uf50-218/uf50-0725.cnf,SAT,0.000,0,0
benchmarks/satlib/uf50-218/uf50-0726.cnf,SAT,0.000,0,0
benchmarks/satlib/uf50-218/uf50-0727.cnf,SAT,0.000,0,0
benchmarks/satlib/uf50-218/uf50-0728.cnf,SAT,0.000,0,0
benchmarks/satlib/uf50-218/uf50-0729.cnf,SAT,0.000,0,0
benchmarks/satlib/uf50-218/uf50-073.cnf,SAT,0.000,0,0
benchmarks/satlib/uf50-218/uf50-0730.cnf,SAT,0.000,0,0
benchmarks/satlib/uf50-218/uf50-0731.cnf,SAT,0.000,0,0
benchmarks/satlib/uf50-218/uf50-0732.cnf,SAT,0.000,0,0
benchmarks/satlib/uf50-218/uf50-0733.cnf,SAT,0.000,0,0
benchmarks/satlib/uf50-218/uf50-0734.cnf,SAT,0.000,0,0
benchmarks/satlib/uf50-218/uf50-0735.cnf,SAT,0.000,0,0
benchmarks/satlib/uf50-218/uf50-0736.cnf,SAT,0.000,0,0
benchmarks/satlib/uf50-218/uf50-0737.cnf,SAT,0.000,0,0
benchmarks/satlib/uf50-218/uf50-0738.cnf,SAT,0.000,1,0
benchmarks/satlib/uf50-218/uf50-0739.cnf,SAT,0.000,0,0
benchmarks/satlib/uf50-218/uf50-074.cnf,SAT,0.000,1,0
benchmarks/satlib/uf50-218/uf50-0740.cnf,SAT,0.000,0,0
benchmarks/satlib/uf50-218/uf50-0741.cnf,SAT,0.000,0,0
benchmarks/satlib/uf50-218/uf50-0742.cnf,SAT,0.000,0,0
benchmarks/satlib/uf50-218/uf50-0743.cnf,SAT,0.000,0,0
benchmarks/satlib/uf50-218/uf50-0744.cnf,SAT,0.000,0,0
benchmarks/satlib/uf50-218/uf50-0745.cnf,SAT,0.000,0,0
benchmarks/satlib/uf50-218/uf50-0746.cnf,SAT,0.000,0,0
benchmarks/satlib/uf50-218/uf50-0747.cnf,SAT,0.000,0,0
benchmarks/satlib/uf50-218/uf50-0748.cnf,SAT,0.000,0,0
benchmarks/satlib/uf50-218/uf50-0749.cnf,SAT,0.000,1,0
benchmarks/satlib/uf50-218/uf50-075.cnf,SAT,0.000,0,0
benchmarks/satlib/uf50-218/uf50-0750.cnf,SAT,0.000,0,0
benchmarks/satlib/uf50-218/uf50-0751.cnf,SAT,0.000,0,0
benchmarks/satlib/uf50-218/uf50-0752.cnf,SAT,0.000,0,0
benchmarks/satlib/uf50-218/uf50-0753.cnf,SAT,0.000,0,0
benchmarks/satlib/uf50-218/uf50-0754.cnf,SAT,0.000,0,0
benchmarks/satlib/uf50-218/uf50-0755.cnf,SAT,0.000,0,0
benchmarks/satlib/uf50-218/uf50-0756.cnf,SAT,0.000,0,0
benchmarks/satlib/uf50-218/uf50-0757.cnf,SAT,0.000,0,0
benchmarks/satlib/uf50-218/uf50-0758.cnf,SAT,0.000,0,0
benchmarks/satlib/uf50-218/uf50-0759.cnf,SAT,0.000,0,0
benchmarks/satlib/uf50-218/uf50-076.cnf,SAT,0.000,0,0
benchmarks/satlib/uf50-218/uf50-0760.cnf,SAT,0.000,0,0
benchmarks/satlib/uf50-218/uf50-0761.cnf,SAT,0.000,0,0
benchmarks/satlib/uf50-218/uf50-0762.cnf,SAT,0.000,1,0
benchmarks/satlib/uf50-218/uf50-0763.cnf,SAT,0.000,0,0
benchmarks/satlib/uf50-218/uf50-0764.cnf,SAT,0.000,0,0
benchmarks/satlib/uf50-218/uf50-0765.cnf,SAT,0.000,0,0
benchmarks/satlib/uf50-218/uf50-0766.cnf,SAT,0.000,0,0
benchmarks/satlib/uf50-218/uf50-0767.cnf,SAT,0.000,1,0
benchmarks/satlib/uf50-218/uf50-0768.cnf,SAT,0.000,0,0
benchmarks/satlib/uf50-218/uf50-0769.cnf,SAT,0.000,0,0
benchmarks/satlib/uf50-218/uf50-077.cnf,SAT,0.000,0,0
benchmarks/satlib/uf50-218/uf50-0770.cnf,SAT,0.000,0,0
benchmarks/satlib/uf50-218/uf50-0771.cnf,SAT,0.000,0,0
benchmarks/satlib/uf50-218/uf50-0772.cnf,SAT,0.000,0,0
benchmarks/satlib/uf50-218/uf50-0773.cnf,SAT,0.000,1,0
benchmarks/satlib/uf50-218/uf50-0774.cnf,SAT,0.000,0,0
benchmarks/satlib/uf50-218/uf50-0775.cnf,SAT,0.000,0,0
benchmarks/satlib/uf50-218/uf50-0776.cnf,SAT,0.000,0,0
benchmarks/satlib/uf50-218/uf50-0777.cnf,SAT,0.000,0,0
benchmarks/satlib/uf50-218/uf50-0778.cnf,SAT,0.000,0,0
benchmarks/satlib/uf50-218/uf50-0779.cnf,SAT,0.000,0,0
benchmarks/satlib/uf50-218/uf50-078.cnf,SAT,0.000,0,0
benchmarks/satlib/uf50-218/uf50-0780.cnf,SAT,0.000,0,0
benchmarks/satlib/uf50-218/uf50-0781.cnf,SAT,0.000,0,0
benchmarks/satlib/uf50-218/uf50-0782.cnf,SAT,0.000,0,0
benchmarks/satlib/uf50-218/uf50-0783.cnf,SAT,0.000,0,0
benchmarks/satlib/uf50-218/uf50-0784.cnf,SAT,0.000,0,0
benchmarks/satlib/uf50-218/uf50-0785.cnf,SAT,0.000,0,0
benchmarks/satlib/uf50-218/uf50-0786.cnf,SAT,0.000,0,0
benchmarks/satlib/uf50-218/uf50-0787.cnf,SAT,0.000,0,0
benchmarks/satlib/uf50-218/uf50-0788.cnf,SAT,0.000,0,0
benchmarks/satlib/uf50-218/uf50-0789.cnf,SAT,0.000,0,0
benchmarks/satlib/uf50-218/uf50-079.cnf,SAT,0.000,0,0
benchmarks/satlib/uf50-218/uf50-0790.cnf,SAT,0.000,0,0
benchmarks/satlib/uf50-218/uf50-0791.cnf,SAT,0.000,1,0
benchmarks/satlib/uf50-218/uf50-0792.cnf,SAT,0.000,0,0
benchmarks/satlib/uf50-218/uf50-0793.cnf,SAT,0.000,0,0
benchmarks/satlib/uf50-218/uf50-0794.cnf,SAT,0.000,0,0
benchmarks/satlib/uf50-218/uf50-0795.cnf,SAT,0.000,0,0
benchmarks/satlib/uf50-218/uf50-0796.cnf,SAT,0.000,0,0
benchmarks/satlib/uf50-218/uf50-0797.cnf,SAT,0.000,0,0
benchmarks/satlib/uf50-218/uf50-0798.cnf,SAT,0.000,0,0
benchmarks/satlib/uf50-218/uf50-0799.cnf,SAT,0.000,0,0
benchmarks/satlib/uf50-218/uf50-08.cnf,SAT,0.000,0,0
benchmarks/satlib/uf50-218/uf50-080.cnf,SAT,0.000,0,0
benchmarks/satlib/uf50-218/uf50-0800.cnf,SAT,0.000,0,0
benchmarks/satlib/uf50-218/uf50-0801.cnf,SAT,0.000,0,0
benchmarks/satlib/uf50-218/uf50-0802.cnf,SAT,0.000,0,0
benchmarks/satlib/uf50-218/uf50-0803.cnf,SAT,0.000,0,0
benchmarks/satlib/uf50-218/uf50-0804.cnf,SAT,0.000,0,0
benchmarks/satlib/uf50-218/uf50-0805.cnf,SAT,0.000,0,0
benchmarks/satlib/uf50-218/uf50-0806.cnf,SAT,0.000,0,0
benchmarks/satlib/uf50-218/uf50-0807.cnf,SAT,0.000,0,0
benchmarks/satlib/uf50-218/uf50-0808.cnf,SAT,0.000,0,0
benchmarks/satlib/uf50-218/uf50-0809.cnf,SAT,0.000,0,0
benchmarks/satlib/uf50-218/uf50-081.cnf,SAT,0.000,0,0
benchmarks/satlib/uf50-218/uf50-0810.cnf,SAT,0.000,1,0
benchmarks/satlib/uf50-218/uf50-0811.cnf,SAT,0.000,0,0
benchmarks/satlib/uf50-218/uf50-0812.cnf,SAT,0.000,0,0
benchmarks/satlib/uf50-218/uf50-0813.cnf,SAT,0.000,1,0
benchmarks/satlib/uf50-218/uf50-0814.cnf,SAT,0.000,0,0
benchmarks/satlib/uf50-218/uf50-0815.cnf,SAT,0.000,0,0
benchmarks/satlib/uf50-218/uf50-0816.cnf,SAT,0.000,0,0
benchmarks/satlib/uf50-218/uf50-0817.cnf,SAT,0.000,0,0
benchmarks/satlib/uf50-218/uf50-0818.cnf,SAT,0.000,0,0
benchmarks/satlib/uf50-218/uf50-0819.cnf,SAT,0.000,1,0
benchmarks/satlib/uf50-218/uf50-082.cnf,SAT,0.000,0,0
benchmarks/satlib/uf50-218/uf50-0820.cnf,SAT,0.000,0,0
benchmarks/satlib/uf50-218/uf50-0821.cnf,SAT,0.000,0,0
benchmarks/satlib/uf50-218/uf50-0822.cnf,SAT,0.000,0,0
benchmarks/satlib/uf50-218/uf50-0823.cnf,SAT,0.000,0,0
benchmarks/satlib/uf50-218/uf50-0824.cnf,SAT,0.000,0,0
benchmarks/satlib/uf50-218/uf50-0825.cnf,SAT,0.000,0,0
benchmarks/satlib/uf50-218/uf50-0826.cnf,SAT,0.000,0,0
benchmarks/satlib/uf50-218/uf50-0827.cnf,SAT,0.000,0,0
benchmarks/satlib/uf50-218/uf50-0828.cnf,SAT,0.000,0,0
benchmarks/satlib/uf50-218/uf50-0829.cnf,SAT,0.000,0,0
benchmarks/satlib/uf50-218/uf50-083.cnf,SAT,0.000,0,0
benchmarks/satlib/uf50-218/uf50-0830.cnf,SAT,0.000,0,0
benchmarks/satlib/uf50-218/uf50-0831.cnf,SAT,0.000,0,0
benchmarks/satlib/uf50-218/uf50-0832.cnf,SAT,0.000,0,0
benchmarks/satlib/uf50-218/uf50-0833.cnf,SAT,0.000,0,0
benchmarks/satlib/uf50-218/uf50-0834.cnf,SAT,0.000,0,0
benchmarks/satlib/uf50-218/uf50-0835.cnf,SAT,0.000,0,0
benchmarks/satlib/uf50-218/uf50-0836.cnf,SAT,0.000,0,0
benchmarks/satlib/uf50-218/uf50-0837.cnf,SAT,0.000,0,0
benchmarks/satlib/uf50-218/uf50-0838.cnf,SAT,0.000,0,0
benchmarks/satlib/uf50-218/uf50-0839.cnf,SAT,0.000,0,0
benchmarks/satlib/uf50-218/uf50-084.cnf,SAT,0.000,0,0
benchmarks/satlib/uf50-218/uf50-0840.cnf,SAT,0.000,0,0
benchmarks/satlib/uf50-218/uf50-0841.cnf,SAT,0.000,0,0
benchmarks/satlib/uf50-218/uf50-0842.cnf,SAT,0.000,0,0
benchmarks/satlib/uf50-218/uf50-0843.cnf,SAT,0.000,0,0
benchmarks/satlib/uf50-218/uf50-0844.cnf,SAT,0.000,1,0
benchmarks/satlib/uf50-218/uf50-0845.cnf,SAT,0.000,0,0
benchmarks/satlib/uf50-218/uf50-0846.cnf,SAT,0.000,0,0
benchmarks/satlib/uf50-218/uf50-0847.cnf,SAT,0.000,0,0
benchmarks/satlib/uf50-218/uf50-0848.cnf,SAT,0.000,0,0
benchmarks/satlib/uf50-218/uf50-0849.cnf,SAT,0.000,0,0
benchmarks/satlib/uf50-218/uf50-085.cnf,SAT,0.000,0,0
benchmarks/satlib/uf50-218/uf50-0850.cnf,SAT,0.000,0,0
benchmarks/satlib/uf50-218/uf50-0851.cnf,SAT,0.000,0,0
benchmarks/satlib/uf50-218/uf50-0852.cnf,SAT,0.000,0,0
benchmarks/satlib/uf50-218/uf50-0853.cnf,SAT,0.000,1,0
benchmarks/satlib/uf50-218/uf50-0854.cnf,SAT,0.000,0,0
benchmarks/satlib/uf50-218/uf50-0855.cnf,SAT,0.000,0,0
benchmarks/satlib/uf50-218/uf50-0856.cnf,SAT,0.000,0,0
benchmarks/satlib/uf50-218/uf50-0857.cnf,SAT,0.000,0,0
benchmarks/satlib/uf50-218/uf50-0858.cnf,SAT,0.000,0,0
benchmarks/satlib/uf50-218/uf50-0859.cnf,SAT,0.000,0,0
benchmarks/satlib/uf50-218/uf50-086.cnf,SAT,0.000,0,0
benchmarks/satlib/uf50-218/uf50-0860.cnf,SAT,0.000,0,0
benchmarks/satlib/uf50-218/uf50-0861.cnf,SAT,0.000,0,0
benchmarks/satlib/uf50-218/uf50-0862.cnf,SAT,0.000,0,0
benchmarks/satlib/uf50-218/uf50-0863.cnf,SAT,0.000,0,0
benchmarks/satlib/uf50-218/uf50-0864.cnf,SAT,0.000,1,0
benchmarks/satlib/uf50-218/uf50-0865.cnf,SAT,0.000,1,0
benchmarks/satlib/uf50-218/uf50-0866.cnf,SAT,0.000,0,0
benchmarks/satlib/uf50-218/uf50-0867.cnf,SAT,0.000,0,0
benchmarks/satlib/uf50-218/uf50-0868.cnf,SAT,0.000,0,0
benchmarks/satlib/uf50-218/uf50-0869.cnf,SAT,0.000,0,0
benchmarks/satlib/uf50-218/uf50-087.cnf,SAT,0.000,0,0
benchmarks/satlib/uf50-218/uf50-0870.cnf,SAT,0.000,0,0
benchmarks/satlib/uf50-218/uf50-0871.cnf,SAT,0.000,0,0
benchmarks/satlib/uf50-218/uf50-0872.cnf,SAT,0.000,0,0
benchmarks/satlib/uf50-218/uf50-0873.cnf,SAT,0.000,0,0
benchmarks/satlib/uf50-218/uf50-0874.cnf,SAT,0.000,0,0
benchmarks/satlib/uf50-218/uf50-0875.cnf,SAT,0.000,0,0
benchmarks/satlib/uf50-218/uf50-0876.cnf,SAT,0.000,0,0
benchmarks/satlib/uf50-218/uf50-0877.cnf,SAT,0.000,0,0
benchmarks/satlib/uf50-218/uf50-0878.cnf,SAT,0.000,0,0
benchmarks/satlib/uf50-218/uf50-0879.cnf,SAT,0.000,0,0
benchmarks/satlib/uf50-218/uf50-088.cnf,SAT,0.000,0,0
benchmarks/satlib/uf50-218/uf50-0880.cnf,SAT,0.000,0,0
benchmarks/satlib/uf50-218/uf50-0881.cnf,SAT,0.000,0,0
benchmarks/satlib/uf50-218/uf50-0882.cnf,SAT,0.000,0,0
benchmarks/satlib/uf50-218/uf50-0883.cnf,SAT,0.000,0,0
benchmarks/satlib/uf50-218/uf50-0884.cnf,SAT,0.000,0,0
benchmarks/satlib/uf50-218/uf50-0885.cnf,SAT,0.000,0,0
benchmarks/satlib/uf50-218/uf50-0886.cnf,SAT,0.000,0,0
benchmarks/satlib/uf50-218/uf50-0887.cnf,SAT,0.000,0,0
benchmarks/satlib/uf50-218/uf50-0888.cnf,SAT,0.000,0,0
benchmarks/satlib/uf50-218/uf50-0889.cnf,SAT,0.000,0,0
benchmarks/satlib/uf50-218/uf50-089.cnf,SAT,0.000,0,0
benchmarks/satlib/uf50-218/uf50-0890.cnf,SAT,0.000,0,0
benchmarks/satlib/uf50-218/uf50-0891.cnf,SAT,0.000,0,0
benchmarks/satlib/uf50-218/uf50-0892.cnf,SAT,0.000,0,0
benchmarks/satlib/uf50-218/uf50-0893.cnf,SAT,0.000,0,0
benchmarks/satlib/uf50-218/uf50-0894.cnf,SAT,0.000,0,0
benchmarks/satlib/uf50-218/uf50-0895.cnf,SAT,0.000,0,0
benchmarks/satlib/uf50-218/uf50-0896.cnf,SAT,0.000,1,0
benchmarks/satlib/uf50-218/uf50-0897.cnf,SAT,0.000,0,0
benchmarks/satlib/uf50-218/uf50-0898.cnf,SAT,0.000,0,0
benchmarks/satlib/uf50-218/uf50-0899.cnf,SAT,0.000,0,0
benchmarks/satlib/uf50-218/uf50-09.cnf,SAT,0.000,0,0
benchmarks/satlib/uf50-218/uf50-090.cnf,SAT,0.000,0,0
benchmarks/satlib/uf50-218/uf50-0900.cnf,SAT,0.000,0,0
benchmarks/satlib/uf50-218/uf50-0901.cnf,SAT,0.000,0,0
benchmarks/satlib/uf50-218/uf50-0902.cnf,SAT,0.000,0,0
benchmarks/satlib/uf50-218/uf50-0903.cnf,SAT,0.000,0,0
benchmarks/satlib/uf50-218/uf50-0904.cnf,SAT,0.000,0,0
benchmarks/satlib/uf50-218/uf50-0905.cnf,SAT,0.000,0,0
benchmarks/satlib/uf50-218/uf50-0906.cnf,SAT,0.000,0,0
benchmarks/satlib/uf50-218/uf50-0907.cnf,SAT,0.000,0,0
benchmarks/satlib/uf50-218/uf50-0908.cnf,SAT,0.000,0,0
benchmarks/satlib/uf50-218/uf50-0909.cnf,SAT,0.000,0,0
benchmarks/satlib/uf50-218/uf50-091.cnf,SAT,0.000,0,0
benchmarks/satlib/uf50-218/uf50-0910.cnf,SAT,0.000,0,0
benchmarks/satlib/uf50-218/uf50-0911.cnf,SAT,0.000,0,0
benchmarks/satlib/uf50-218/uf50-0912.cnf,SAT,0.000,0,0
benchmarks/satlib/uf50-218/uf50-0913.cnf,SAT,0.000,0,0
benchmarks/satlib/uf50-218/uf50-0914.cnf,SAT,0.000,0,0
benchmarks/satlib/uf50-218/uf50-0915.cnf,SAT,0.000,0,0
benchmarks/satlib/uf50-218/uf50-0916.cnf,SAT,0.000,0,0
benchmarks/satlib/uf50-218/uf50-0917.cnf,SAT,0.000,0,0
benchmarks/satlib/uf50-218/uf50-0918.cnf,SAT,0.000,0,0
benchmarks/satlib/uf50-218/uf50-0919.cnf,SAT,0.000,0,0
benchmarks/satlib/uf50-218/uf50-092.cnf,SAT,0.000,0,0
benchmarks/satlib/uf50-218/uf50-0920.cnf,SAT,0.000,0,0
benchmarks/satlib/uf50-218/uf50-0921.cnf,SAT,0.000,0,0
benchmarks/satlib/uf50-218/uf50-0922.cnf,SAT,0.000,0,0
benchmarks/satlib/uf50-218/uf50-0923.cnf,SAT,0.000,0,0
benchmarks/satlib/uf50-218/uf50-0924.cnf,SAT,0.000,0,0
benchmarks/satlib/uf50-218/uf50-0925.cnf,SAT,0.000,0,0
benchmarks/satlib/uf50-218/uf50-0926.cnf,SAT,0.000,0,0
benchmarks/satlib/uf50-218/uf50-0927.cnf,SAT,0.000,0,0
benchmarks/satlib/uf50-218/uf50-0928.cnf,SAT,0.000,0,0
benchmarks/satlib/uf50-218/uf50-0929.cnf,SAT,0.000,0,0
benchmarks/satlib/uf50-218/uf50-093.cnf,SAT,0.000,0,0
benchmarks/satlib/uf50-218/uf50-0930.cnf,SAT,0.000,0,0
benchmarks/satlib/uf50-218/uf50-0931.cnf,SAT,0.000,0,0
benchmarks/satlib/uf50-218/uf50-0932.cnf,SAT,0.000,0,0
benchmarks/satlib/uf50-218/uf50-0933.cnf,SAT,0.000,0,0
benchmarks/satlib/uf50-218/uf50-0934.cnf,SAT,0.000,0,0
benchmarks/satlib/uf50-218/uf50-0935.cnf,SAT,0.000,0,0
benchmarks/satlib/uf50-218/uf50-0936.cnf,SAT,0.000,0,0
benchmarks/satlib/uf50-218/uf50-0937.cnf,SAT,0.000,0,0
benchmarks/satlib/uf50-218/uf50-0938.cnf,SAT,0.000,0,0
benchmarks/satlib/uf50-218/uf50-0939.cnf,SAT,0.000,0,0
benchmarks/satlib/uf50-218/uf50-094.cnf,SAT,0.000,1,0
benchmarks/satlib/uf50-218/uf50-0940.cnf,SAT,0.000,0,0
benchmarks/satlib/uf50-218/uf50-0941.cnf,SAT,0.000,0,0
benchmarks/satlib/uf50-218/uf50-0942.cnf,SAT,0.000,0,0
benchmarks/satlib/uf50-218/uf50-0943.cnf,SAT,0.000,0,0
benchmarks/satlib/uf50-218/uf50-0944.cnf,SAT,0.000,0,0
benchmarks/satlib/uf50-218/uf50-0945.cnf,SAT,0.000,0,0
benchmarks/satlib/uf50-218/uf50-0946.cnf,SAT,0.000,1,0
benchmarks/satlib/uf50-218/uf50-0947.cnf,SAT,0.000,0,0
benchmarks/satlib/uf50-218/uf50-0948.cnf,SAT,0.000,0,0
benchmarks/satlib/uf50-218/uf50-0949.cnf,SAT,0.000,0,0
benchmarks/satlib/uf50-218/uf50-095.cnf,SAT,0.000,1,0
benchmarks/satlib/uf50-218/uf50-0950.cnf,SAT,0.000,0,0
benchmarks/satlib/uf50-218/uf50-0951.cnf,SAT,0.000,0,0
benchmarks/satlib/uf50-218/uf50-0952.cnf,SAT,0.000,0,0
benchmarks/satlib/uf50-218/uf50-0953.cnf,SAT,0.000,0,0
benchmarks/satlib/uf50-218/uf50-0954.cnf,SAT,0.000,0,0
benchmarks/satlib/uf50-218/uf50-0955.cnf,SAT,0.000,0,0
benchmarks/satlib/uf50-218/uf50-0956.cnf,SAT,0.000,0,0
benchmarks/satlib/uf50-218/uf50-0957.cnf,SAT,0.000,0,0
benchmarks/satlib/uf50-218/uf50-0958.cnf,SAT,0.000,0,0
benchmarks/satlib/uf50-218/uf50-0959.cnf,SAT,0.000,0,0
benchmarks/satlib/uf50-218/uf50-096.cnf,SAT,0.000,0,0
benchmarks/satlib/uf50-218/uf50-0960.cnf,SAT,0.000,0,0
benchmarks/satlib/uf50-218/uf50-0961.cnf,SAT,0.000,0,0
benchmarks/satlib/uf50-218/uf50-0962.cnf,SAT,0.000,0,0
benchmarks/satlib/uf50-218/uf50-0963.cnf,SAT,0.000,0,0
benchmarks/satlib/uf50-218/uf50-0964.cnf,SAT,0.000,0,0
benchmarks/satlib/uf50-218/uf50-0965.cnf,SAT,0.000,0,0
benchmarks/satlib/uf50-218/uf50-0966.cnf,SAT,0.000,0,0
benchmarks/satlib/uf50-218/uf50-0967.cnf,SAT,0.000,0,0
benchmarks/satlib/uf50-218/uf50-0968.cnf,SAT,0.000,0,0
benchmarks/satlib/uf50-218/uf50-0969.cnf,SAT,0.000,0,0
benchmarks/satlib/uf50-218/uf50-097.cnf,SAT,0.000,0,0
benchmarks/satlib/uf50-218/uf50-0970.cnf,SAT,0.000,0,0
benchmarks/satlib/uf50-218/uf50-0971.cnf,SAT,0.000,0,0
benchmarks/satlib/uf50-218/uf50-0972.cnf,SAT,0.000,0,0
benchmarks/satlib/uf50-218/uf50-0973.cnf,SAT,0.000,0,0
benchmarks/satlib/uf50-218/uf50-0974.cnf,SAT,0.000,1,0
benchmarks/satlib/uf50-218/uf50-0975.cnf,SAT,0.000,0,0
benchmarks/satlib/uf50-218/uf50-0976.cnf,SAT,0.000,0,0
benchmarks/satlib/uf50-218/uf50-0977.cnf,SAT,0.000,0,0
benchmarks/satlib/uf50-218/uf50-0978.cnf,SAT,0.000,0,0
benchmarks/satlib/uf50-218/uf50-0979.cnf,SAT,0.000,0,0
benchmarks/satlib/uf50-218/uf50-098.cnf,SAT,0.000,0,0
benchmarks/satlib/uf50-218/uf50-0980.cnf,SAT,0.000,1,0
benchmarks/satlib/uf50-218/uf50-0981.cnf,SAT,0.000,1,0
benchmarks/satlib/uf50-218/uf50-0982.cnf,SAT,0.000,0,0
benchmarks/satlib/uf50-218/uf50-0983.cnf,SAT,0.000,0,0
benchmarks/satlib/uf50-218/uf50-0984.cnf,SAT,0.000,0,0
benchmarks/satlib/uf50-218/uf50-0985.cnf,SAT,0.000,0,0
benchmarks/satlib/uf50-218/uf50-0986.cnf,SAT,0.000,0,0
benchmarks/satlib/uf50-218/uf50-0987.cnf,SAT,0.000,0,0
benchmarks/satlib/uf50-218/uf50-0988.cnf,SAT,0.000,1,0
benchmarks/satlib/uf50-218/uf50-0989.cnf,SAT,0.000,0,0
benchmarks/satlib/uf50-218/uf50-099.cnf,SAT,0.000,0,0
benchmarks/satlib/uf50-218/uf50-0990.cnf,SAT,0.001,0,0
benchmarks/satlib/uf50-218/uf50-0991.cnf,SAT,0.000,0,0
benchmarks/satlib/uf50-218/uf50-0992.cnf,SAT,0.000,0,0
benchmarks/satlib/uf50-218/uf50-0993.cnf,SAT,0.000,0,0
benchmarks/satlib/uf50-218/uf50-0994.cnf,SAT,0.000,0,0
benchmarks/satlib/uf50-218/uf50-0995.cnf,SAT,0.000,0,0
benchmarks/satlib/uf50-218/uf50-0996.cnf,SAT,0.000,0,0
benchmarks/satlib/uf50-218/uf50-0997.cnf,SAT,0.000,0,0
benchmarks/satlib/uf50-218/uf50-0998.cnf,SAT,0.000,0,0
benchmarks/satlib/uf50-218/uf50-0999.cnf,SAT,0.000,0,0
benchmarks/satlib/uf75-325/ai/hoos/Shortcuts/UF75.325.100/uf75-01.cnf,SAT,0.000,0,0
benchmarks/satlib/uf75-325/ai/hoos/Shortcuts/UF75.325.100/uf75-010.cnf,SAT,0.001,2,0
benchmarks/satlib/uf75-325/ai/hoos/Shortcuts/UF75.325.100/uf75-0100.cnf,SAT,0.000,1,0
benchmarks/satlib/uf75-325/ai/hoos/Shortcuts/UF75.325.100/uf75-011.cnf,SAT,0.001,2,0
benchmarks/satlib/uf75-325/ai/hoos/Shortcuts/UF75.325.100/uf75-012.cnf,SAT,0.000,1,0
benchmarks/satlib/uf75-325/ai/hoos/Shortcuts/UF75.325.100/uf75-013.cnf,SAT,0.000,1,0
benchmarks/satlib/uf75-325/ai/hoos/Shortcuts/UF75.325.100/uf75-014.cnf,SAT,0.000,0,0
benchmarks/satlib/uf75-325/ai/hoos/Shortcuts/UF75.325.100/uf75-015.cnf,SAT,0.000,1,0
benchmarks/satlib/uf75-325/ai/hoos/Shortcuts/UF75.325.100/uf75-016.cnf,SAT,0.000,2,0
benchmarks/satlib/uf75-325/ai/hoos/Shortcuts/UF75.325.100/uf75-017.cnf,SAT,0.000,0,0
benchmarks/satlib/uf75-325/ai/hoos/Shortcuts/UF75.325.100/uf75-018.cnf,SAT,0.000,1,0
benchmarks/satlib/uf75-325/ai/hoos/Shortcuts/UF75.325.100/uf75-019.cnf,SAT,0.000,1,0
benchmarks/satlib/uf75-325/ai/hoos/Shortcuts/UF75.325.100/uf75-02.cnf,SAT,0.000,0,0
benchmarks/satlib/uf75-325/ai/hoos/Shortcuts/UF75.325.100/uf75-020.cnf,SAT,0.001,2,0
benchmarks/satlib/uf75-325/ai/hoos/Shortcuts/UF75.325.100/uf75-021.cnf,SAT,0.001,2,0
benchmarks/satlib/uf75-325/ai/hoos/Shortcuts/UF75.325.100/uf75-022.cnf,SAT,0.000,1,0
benchmarks/satlib/uf75-325/ai/hoos/Shortcuts/UF75.325.100/uf75-023.cnf,SAT,0.000,0,0
benchmarks/satlib/uf75-325/ai/hoos/Shortcuts/UF75.325.100/uf75-024.cnf,SAT,0.000,1,0
benchmarks/satlib/uf75-325/ai/hoos/Shortcuts/UF75.325.100/uf75-025.cnf,SAT,0.000,0,0
benchmarks/satlib/uf75-325/ai/hoos/Shortcuts/UF75.325.100/uf75-026.cnf,SAT,0.000,0,0
benchmarks/satlib/uf75-325/ai/hoos/Shortcuts/UF75.325.100/uf75-027.cnf,SAT,0.000,0,0
benchmarks/satlib/uf75-325/ai/hoos/Shortcuts/UF75.325.100/uf75-028.cnf,SAT,0.000,1,0
benchmarks/satlib/uf75-325/ai/hoos/Shortcuts/UF75.325.100/uf75-029.cnf,SAT,0.000,0,0
benchmarks/satlib/uf75-325/ai/hoos/Shortcuts/UF75.325.100/uf75-03.cnf,SAT,0.000,0,0
benchmarks/satlib/uf75-325/ai/hoos/Shortcuts/UF75.325.100/uf75-030.cnf,SAT,0.000,0,0
benchmarks/satlib/uf75-325/ai/hoos/Shortcuts/UF75.325.100/uf75-031.cnf,SAT,0.000,1,0
benchmarks/satlib/uf75-325/ai/hoos/Shortcuts/UF75.325.100/uf75-032.cnf,SAT,0.000,0,0
benchmarks/satlib/uf75-325/ai/hoos/Shortcuts/UF75.325.100/uf75-033.cnf,SAT,0.000,0,0
benchmarks/satlib/uf75-325/ai/hoos/Shortcuts/UF75.325.100/uf75-034.cnf,SAT,0.000,1,0
benchmarks/satlib/uf75-325/ai/hoos/Shortcuts/UF75.325.100/uf75-035.cnf,SAT,0.000,1,0
benchmarks/satlib/uf75-325/ai/hoos/Shortcuts/UF75.325.100/uf75-036.cnf,SAT,0.000,1,0
benchmarks/satlib/uf75-325/ai/hoos/Shortcuts/UF75.325.100/uf75-037.cnf,SAT,0.000,0,0
benchmarks/satlib/uf75-325/ai/hoos/Shortcuts/UF75.325.100/uf75-038.cnf,SAT,0.000,0,0
benchmarks/satlib/uf75-325/ai/hoos/Shortcuts/UF75.325.100/uf75-039.cnf,SAT,0.001,2,0
benchmarks/satlib/uf75-325/ai/hoos/Shortcuts/UF75.325.100/uf75-04.cnf,SAT,0.001,2,0
benchmarks/satlib/uf75-325/ai/hoos/Shortcuts/UF75.325.100/uf75-040.cnf,SAT,0.000,1,0
benchmarks/satlib/uf75-325/ai/hoos/Shortcuts/UF75.325.100/uf75-041.cnf,SAT,0.000,1,0
benchmarks/satlib/uf75-325/ai/hoos/Shortcuts/UF75.325.100/uf75-042.cnf,SAT,0.000,0,0
benchmarks/satlib/uf75-325/ai/hoos/Shortcuts/UF75.325.100/uf75-043.cnf,SAT,0.000,1,0
benchmarks/satlib/uf75-325/ai/hoos/Shortcuts/UF75.325.100/uf75-044.cnf,SAT,0.001,2,0
benchmarks/satlib/uf75-325/ai/hoos/Shortcuts/UF75.325.100/uf75-045.cnf,SAT,0.000,0,0
benchmarks/satlib/uf75-325/ai/hoos/Shortcuts/UF75.325.100/uf75-046.cnf,SAT,0.001,2,0
benchmarks/satlib/uf75-325/ai/hoos/Shortcuts/UF75.325.100/uf75-047.cnf,SAT,0.000,0,0
benchmarks/satlib/uf75-325/ai/hoos/Shortcuts/UF75.325.100/uf75-048.cnf,SAT,0.000,1,0
benchmarks/satlib/uf75-325/ai/hoos/Shortcuts/UF75.325.100/uf75-049.cnf,SAT,0.000,0,0
benchmarks/satlib/uf75-325/ai/hoos/Shortcuts/UF75.325.100/uf75-05.cnf,SAT,0.001,2,0
benchmarks/satlib/uf75-325/ai/hoos/Shortcuts/UF75.325.100/uf75-050.cnf,SAT,0.000,1,0
benchmarks/satlib/uf75-325/ai/hoos/Shortcuts/UF75.325.100/uf75-051.cnf,SAT,0.001,2,0
benchmarks/satlib/uf75-325/ai/hoos/Shortcuts/UF75.325.100/uf75-052.cnf,SAT,0.000,1,0
benchmarks/satlib/uf75-325/ai/hoos/Shortcuts/UF75.325.100/uf75-053.cnf,SAT,0.001,2,0
benchmarks/satlib/uf75-325/ai/hoos/Shortcuts/UF75.325.100/uf75-054.cnf,SAT,0.000,0,0
benchmarks/satlib/uf75-325/ai/hoos/Shortcuts/UF75.325.100/uf75-055.cnf,SAT,0.000,1,0
benchmarks/satlib/uf75-325/ai/hoos/Shortcuts/UF75.325.100/uf75-056.cnf,SAT,0.000,1,0
benchmarks/satlib/uf75-325/ai/hoos/Shortcuts/UF75.325.100/uf75-057.cnf,SAT,0.000,0,0
benchmarks/satlib/uf75-325/ai/hoos/Shortcuts/UF75.325.100/uf75-058.cnf,SAT,0.000,0,0
benchmarks/satlib/uf75-325/ai/hoos/Shortcuts/UF75.325.100/uf75-059.cnf,SAT,0.000,2,0
benchmarks/satlib/uf75-325/ai/hoos/Shortcuts/UF75.325.100/uf75-06.cnf,SAT,0.000,1,0
benchmarks/satlib/uf75-325/ai/hoos/Shortcuts/UF75.325.100/uf75-060.cnf,SAT,0.000,0,0
benchmarks/satlib/uf75-325/ai/hoos/Shortcuts/UF75.325.100/uf75-061.cnf,SAT,0.000,1,0
benchmarks/satlib/uf75-325/ai/hoos/Shortcuts/UF75.325.100/uf75-062.cnf,SAT,0.000,2,0
benchmarks/satlib/uf75-325/ai/hoos/Shortcuts/UF75.325.100/uf75-063.cnf,SAT,0.001,2,0
benchmarks/satlib/uf75-325/ai/hoos/Shortcuts/UF75.325.100/uf75-064.cnf,SAT,0.000,0,0
benchmarks/satlib/uf75-325/ai/hoos/Shortcuts/UF75.325.100/uf75-065.cnf,SAT,0.001,2,0
benchmarks/satlib/uf75-325/ai/hoos/Shortcuts/UF75.325.100/uf75-066.cnf,SAT,0.001,2,0
benchmarks/satlib/uf75-325/ai/hoos/Shortcuts/UF75.325.100/uf75-067.cnf,SAT,0.001,4,0
benchmarks/satlib/uf75-325/ai/hoos/Shortcuts/UF75.325.100/uf75-068.cnf,SAT,0.000,1,0
benchmarks/satlib/uf75-325/ai/hoos/Shortcuts/UF75.325.100/uf75-069.cnf,SAT,0.000,0,0
benchmarks/satlib/uf75-325/ai/hoos/Shortcuts/UF75.325.100/uf75-07.cnf,SAT,0.000,0,0
benchmarks/satlib/uf75-325/ai/hoos/Shortcuts/UF75.325.100/uf75-070.cnf,SAT,0.000,0,0
benchmarks/satlib/uf75-325/ai/hoos/Shortcuts/UF75.325.100/uf75-071.cnf,SAT,0.000,1,0
benchmarks/satlib/uf75-325/ai/hoos/Shortcuts/UF75.325.100/uf75-072.cnf,SAT,0.000,0,0
benchmarks/satlib/uf75-325/ai/hoos/Shortcuts/UF75.325.100/uf75-073.cnf,SAT,0.001,1,0
benchmarks/satlib/uf75-325/ai/hoos/Shortcuts/UF75.325.100/uf75-074.cnf,SAT,0.000,0,0
benchmarks/satlib/uf75-325/ai/hoos/Shortcuts/UF75.325.100/uf75-075.cnf,SAT,0.000,1,0
benchmarks/satlib/uf75-325/ai/hoos/Shortcuts/UF75.325.100/uf75-076.cnf,SAT,0.001,2,0
benchmarks/satlib/uf75-325/ai/hoos/Shortcuts/UF75.325.100/uf75-077.cnf,SAT,0.000,0,0
benchmarks/satlib/uf75-325/ai/hoos/Shortcuts/UF75.325.100/uf75-078.cnf,SAT,0.000,0,0
benchmarks/satlib/uf75-325/ai/hoos/Shortcuts/UF75.325.100/uf75-079.cnf,SAT,0.001,2,0
benchmarks/satlib/uf75-325/ai/hoos/Shortcuts/UF75.325.100/uf75-08.cnf,SAT,0.001,2,0
benchmarks/satlib/uf75-325/ai/hoos/Shortcuts/UF75.325.100/uf75-080.cnf,SAT,0.000,0,0
benchmarks/satlib/uf75-325/ai/hoos/Shortcuts/UF75.325.100/uf75-081.cnf,SAT,0.000,1,0
benchmarks/satlib/uf75-325/ai/hoos/Shortcuts/UF75.325.100/uf75-082.cnf,SAT,0.000,1,0
benchmarks/satlib/uf75-325/ai/hoos/Shortcuts/UF75.325.100/uf75-083.cnf,SAT,0.000,0,0
benchmarks/satlib/uf75-325/ai/hoos/Shortcuts/UF75.325.100/uf75-084.cnf,SAT,0.000,0,0
benchmarks/satlib/uf75-325/ai/hoos/Shortcuts/UF75.325.100/uf75-085.cnf,SAT,0.000,0,0
benchmarks/satlib/uf75-325/ai/hoos/Shortcuts/UF75.325.100/uf75-086.cnf,SAT,0.000,1,0
benchmarks/satlib/uf75-325/ai/hoos/Shortcuts/UF75.325.100/uf75-087.cnf,SAT,0.000,0,0
benchmarks/satlib/uf75-325/ai/hoos/Shortcuts/UF75.325.100/uf75-088.cnf,SAT,0.000,1,0
benchmarks/satlib/uf75-325/ai/hoos/Shortcuts/UF75.325.100/uf75-089.cnf,SAT,0.001,2,0
benchmarks/satlib/uf75-325/ai/hoos/Shortcuts/UF75.325.100/uf75-09.cnf,SAT,0.000,0,0
benchmarks/satlib/uf75-325/ai/hoos/Shortcuts/UF75.325.100/uf75-090.cnf,SAT,0.001,2,0
benchmarks/satlib/uf75-325/ai/hoos/Shortcuts/UF75.325.100/uf75-091.cnf,SAT,0.000,0,0
benchmarks/satlib/uf75-325/ai/hoos/Shortcuts/UF75.325.100/uf75-092.cnf,SAT,0.000,0,0
benchmarks/satlib/uf75-325/ai/hoos/Shortcuts/UF75.325.100/uf75-093.cnf,SAT,0.000,1,0
benchmarks/satlib/uf75-325/ai/hoos/Shortcuts/UF75.325.100/uf75-094.cnf,SAT,0.000,0,0
benchmarks/satlib/uf75-325/ai/hoos/Shortcuts/UF75.325.100/uf75-095.cnf,SAT,0.001,2,0
benchmarks/satlib/uf75-325/ai/hoos/Shortcuts/UF75.325.100/uf75-096.cnf,SAT,0.001,2,0
benchmarks/satlib/uf75-325/ai/hoos/Shortcuts/UF75.325.100/uf75-097.cnf,SAT,0.001,2,0
benchmarks/satlib/uf75-325/ai/hoos/Shortcuts/UF75.325.100/uf75-098.cnf,SAT,0.000,0,0
benchmarks/satlib/uf75-325/ai/hoos/Shortcuts/UF75.325.100/uf75-099.cnf,SAT,0.000,0,0
benchmarks/satlib/uuf100-430/UUF100.430.1000/uuf100-01.cnf,UNSAT,0.001,4,0
benchmarks/satlib/uuf100-430/UUF100.430.1000/uuf100-010.cnf,UNSAT,0.002,5,0
benchmarks/satlib/uuf100-430/UUF100.430.1000/uuf100-0100.cnf,UNSAT,0.003,6,0
benchmarks/satlib/uuf100-430/UUF100.430.1000/uuf100-01000.cnf,UNSAT,0.002,5,0
benchmarks/satlib/uuf100-430/UUF100.430.1000/uuf100-0101.cnf,UNSAT,0.002,4,0
benchmarks/satlib/uuf100-430/UUF100.430.1000/uuf100-0102.cnf,UNSAT,0.002,5,0
benchmarks/satlib/uuf100-430/UUF100.430.1000/uuf100-0103.cnf,UNSAT,0.002,5,0
benchmarks/satlib/uuf100-430/UUF100.430.1000/uuf100-0104.cnf,UNSAT,0.002,5,0
benchmarks/satlib/uuf100-430/UUF100.430.1000/uuf100-0105.cnf,UNSAT,0.002,6,0
benchmarks/satlib/uuf100-430/UUF100.430.1000/uuf100-0106.cnf,UNSAT,0.002,5,0
benchmarks/satlib/uuf100-430/UUF100.430.1000/uuf100-0107.cnf,UNSAT,0.002,5,0
benchmarks/satlib/uuf100-430/UUF100.430.1000/uuf100-0108.cnf,UNSAT,0.003,6,0
benchmarks/satlib/uuf100-430/UUF100.430.1000/uuf100-0109.cnf,UNSAT,0.001,3,0
benchmarks/satlib/uuf100-430/UUF100.430.1000/uuf100-011.cnf,UNSAT,0.002,5,0
benchmarks/satlib/uuf100-430/UUF100.430.1000/uuf100-0110.cnf,UNSAT,0.002,5,0
benchmarks/satlib/uuf100-430/UUF100.430.1000/uuf100-0111.cnf,UNSAT,0.003,6,0
benchmarks/satlib/uuf100-430/UUF100.430.1000/uuf100-0112.cnf,UNSAT,0.002,4,0
benchmarks/satlib/uuf100-430/UUF100.430.1000/uuf100-0113.cnf,UNSAT,0.002,6,0
benchmarks/satlib/uuf100-430/UUF100.430.1000/uuf100-0114.cnf,UNSAT,0.002,5,0
benchmarks/satlib/uuf100-430/UUF100.430.1000/uuf100-0115.cnf,UNSAT,0.002,5,0
benchmarks/satlib/uuf100-430/UUF100.430.1000/uuf100-0116.cnf,UNSAT,0.003,6,0
benchmarks/satlib/uuf100-430/UUF100.430.1000/uuf100-0117.cnf,UNSAT,0.002,4,0
benchmarks/satlib/uuf100-430/UUF100.430.1000/uuf100-0118.cnf,UNSAT,0.001,4,0
benchmarks/satlib/uuf100-430/UUF100.430.1000/uuf100-0119.cnf,UNSAT,0.002,5,0
benchmarks/satlib/uuf100-430/UUF100.430.1000/uuf100-012.cnf,UNSAT,0.001,4,0
benchmarks/satlib/uuf100-430/UUF100.430.1000/uuf100-0120.cnf,UNSAT,0.002,5,0
benchmarks/satlib/uuf100-430/UUF100.430.1000/uuf100-0121.cnf,UNSAT,0.002,5,0
benchmarks/satlib/uuf100-430/UUF100.430.1000/uuf100-0122.cnf,UNSAT,0.001,3,0
benchmarks/satlib/uuf100-430/UUF100.430.1000/uuf100-0123.cnf,UNSAT,0.003,6,0
benchmarks/satlib/uuf100-430/UUF100.430.1000/uuf100-0124.cnf,UNSAT,0.002,4,0
benchmarks/satlib/uuf100-430/UUF100.430.1000/uuf100-0125.cnf,UNSAT,0.002,5,0
benchmarks/satlib/uuf100-430/UUF100.430.1000/uuf100-0126.cnf,UNSAT,0.003,6,0
benchmarks/satlib/uuf100-430/UUF100.430.1000/uuf100-0127.cnf,UNSAT,0.002,5,0
benchmarks/satlib/uuf100-430/UUF100.430.1000/uuf100-0128.cnf,UNSAT,0.003,6,0
benchmarks/satlib/uuf100-430/UUF100.430.1000/uuf100-0129.cnf,UNSAT,0.003,6,0
benchmarks/satlib/uuf100-430/UUF100.430.1000/uuf100-013.cnf,UNSAT,0.001,2,0
benchmarks/satlib/uuf100-430/UUF100.430.1000/uuf100-0130.cnf,UNSAT,0.002,4,0
benchmarks/satlib/uuf100-430/UUF100.430.1000/uuf100-0131.cnf,UNSAT,0.004,6,0
benchmarks/satlib/uuf100-430/UUF100.430.1000/uuf100-0132.cnf,UNSAT,0.001,4,0
benchmarks/satlib/uuf100-430/UUF100.430.1000/uuf100-0133.cnf,UNSAT,0.001,3,0
benchmarks/satlib/uuf100-430/UUF100.430.1000/uuf100-0134.cnf,UNSAT,0.003,6,0
benchmarks/satlib/uuf100-430/UUF100.430.1000/uuf100-0135.cnf,UNSAT,0.002,4,0
benchmarks/satlib/uuf100-430/UUF100.430.1000/uuf100-0136.cnf,UNSAT,0.002,5,0
benchmarks/satlib/uuf100-430/UUF100.430.1000/uuf100-0137.cnf,UNSAT,0.001,4,0
benchmarks/satlib/uuf100-430/UUF100.430.1000/uuf100-0138.cnf,UNSAT,0.002,4,0
benchmarks/satlib/uuf100-430/UUF100.430.1000/uuf100-0139.cnf,UNSAT,0.002,5,0
benchmarks/satlib/uuf100-430/UUF100.430.1000/uuf100-014.cnf,UNSAT,0.002,5,0
benchmarks/satlib/uuf100-430/UUF100.430.1000/uuf100-0140.cnf,UNSAT,0.002,5,0
benchmarks/satlib/uuf100-430/UUF100.430.1000/uuf100-0141.cnf,UNSAT,0.002,4,0
benchmarks/satlib/uuf100-430/UUF100.430.1000/uuf100-0142.cnf,UNSAT,0.003,6,0
benchmarks/satlib/uuf100-430/UUF100.430.1000/uuf100-0143.cnf,UNSAT,0.001,4,0
benchmarks/satlib/uuf100-430/UUF100.430.1000/uuf100-0144.cnf,UNSAT,0.002,5,0
benchmarks/satlib/uuf100-430/UUF100.430.1000/uuf100-0145.cnf,UNSAT,0.002,4,0
benchmarks/satlib/uuf100-430/UUF100.430.1000/uuf100-0146.cnf,UNSAT,0.002,4,0
benchmarks/satlib/uuf100-430/UUF100.430.1000/uuf100-0147.cnf,UNSAT,0.002,5,0
benchmarks/satlib/uuf100-430/UUF100.430.1000/uuf100-0148.cnf,UNSAT,0.002,4,0
benchmarks/satlib/uuf100-430/UUF100.430.1000/uuf100-0149.cnf,UNSAT,0.002,5,0
benchmarks/satlib/uuf100-430/UUF100.430.1000/uuf100-015.cnf,UNSAT,0.005,7,0
benchmarks/satlib/uuf100-430/UUF100.430.1000/uuf100-0150.cnf,UNSAT,0.002,5,0
benchmarks/satlib/uuf100-430/UUF100.430.1000/uuf100-0151.cnf,UNSAT,0.002,4,0
benchmarks/satlib/uuf100-430/UUF100.430.1000/uuf100-0152.cnf,UNSAT,0.002,4,0
benchmarks/satlib/uuf100-430/UUF100.430.1000/uuf100-0153.cnf,UNSAT,0.003,6,0
benchmarks/satlib/uuf100-430/UUF100.430.1000/uuf100-0154.cnf,UNSAT,0.002,5,0
benchmarks/satlib/uuf100-430/UUF100.430.1000/uuf100-0155.cnf,UNSAT,0.002,5,0
benchmarks/satlib/uuf100-430/UUF100.430.1000/uuf100-0156.cnf,UNSAT,0.002,5,0
benchmarks/satlib/uuf100-430/UUF100.430.1000/uuf100-0157.cnf,UNSAT,0.001,4,0
benchmarks/satlib/uuf100-430/UUF100.430.1000/uuf100-0158.cnf,UNSAT,0.002,5,0
benchmarks/satlib/uuf100-430/UUF100.430.1000/uuf100-0159.cnf,UNSAT,0.002,5,0
benchmarks/satlib/uuf100-430/UUF100.430.1000/uuf100-016.cnf,UNSAT,0.003,6,0
benchmarks/satlib/uuf100-430/UUF100.430.1000/uuf100-0160.cnf,UNSAT,0.003,6,0
benchmarks/satlib/uuf100-430/UUF100.430.1000/uuf100-0161.cnf,UNSAT,0.003,6,0
benchmarks/satlib/uuf100-430/UUF100.430.1000/uuf100-0162.cnf,UNSAT,0.002,5,0
benchmarks/satlib/uuf100-430/UUF100.430.1000/uuf100-0163.cnf,UNSAT,0.001,2,0
benchmarks/satlib/uuf100-430/UUF100.430.1000/uuf100-0164.cnf,UNSAT,0.002,6,0
benchmarks/satlib/uuf100-430/UUF100.430.1000/uuf100-0165.cnf,UNSAT,0.002,5,0
benchmarks/satlib/uuf100-430/UUF100.430.1000/uuf100-0166.cnf,UNSAT,0.002,4,0
benchmarks/satlib/uuf100-430/UUF100.430.1000/uuf100-0167.cnf,UNSAT,0.002,5,0
benchmarks/satlib/uuf100-430/UUF100.430.1000/uuf100-0168.cnf,UNSAT,0.003,6,0
benchmarks/satlib/uuf100-430/UUF100.430.1000/uuf100-0169.cnf,UNSAT,0.001,3,0
benchmarks/satlib/uuf100-430/UUF100.430.1000/uuf100-017.cnf,UNSAT,0.002,5,0
benchmarks/satlib/uuf100-430/UUF100.430.1000/uuf100-0170.cnf,UNSAT,0.002,4,0
benchmarks/satlib/uuf100-430/UUF100.430.1000/uuf100-0171.cnf,UNSAT,0.002,6,0
benchmarks/satlib/uuf100-430/UUF100.430.1000/uuf100-0172.cnf,UNSAT,0.001,2,0
benchmarks/satlib/uuf100-430/UUF100.430.1000/uuf100-0173.cnf,UNSAT,0.001,2,0
benchmarks/satlib/uuf100-430/UUF100.430.1000/uuf100-0174.cnf,UNSAT,0.002,4,0
benchmarks/satlib/uuf100-430/UUF100.430.1000/uuf100-0175.cnf,UNSAT,0.003,6,0
benchmarks/satlib/uuf100-430/UUF100.430.1000/uuf100-0176.cnf,UNSAT,0.003,6,0
benchmarks/satlib/uuf100-430/UUF100.430.1000/uuf100-0177.cnf,UNSAT,0.001,3,0
benchmarks/satlib/uuf100-430/UUF100.430.1000/uuf100-0178.cnf,UNSAT,0.003,5,0
benchmarks/satlib/uuf100-430/UUF100.430.1000/uuf100-0179.cnf,UNSAT,0.001,2,0
benchmarks/satlib/uuf100-430/UUF100.430.1000/uuf100-018.cnf,UNSAT,0.003,6,0
benchmarks/satlib/uuf100-430/UUF100.430.1000/uuf100-0180.cnf,UNSAT,0.003,6,0
benchmarks/satlib/uuf100-430/UUF100.430.1000/uuf100-0181.cnf,UNSAT,0.002,5,0
benchmarks/satlib/uuf100-430/UUF100.430.1000/uuf100-0182.cnf,UNSAT,0.002,5,0
benchmarks/satlib/uuf100-430/UUF100.430.1000/uuf100-0183.cnf,UNSAT,0.002,4,0
benchmarks/satlib/uuf100-430/UUF100.430.1000/uuf100-0184.cnf,UNSAT,0.001,3,0
benchmarks/satlib/uuf100-430/UUF100.430.1000/uuf100-0185.cnf,UNSAT,0.005,8,0
benchmarks/satlib/uuf100-430/UUF100.430.1000/uuf100-0186.cnf,UNSAT,0.001,3,0
benchmarks/satlib/uuf100-430/UUF100.430.1000/uuf100-0187.cnf,UNSAT,0.001,2,0
benchmarks/satlib/uuf100-430/UUF100.430.1000/uuf100-0188.cnf,UNSAT,0.002,4,0
benchmarks/satlib/uuf100-430/UUF100.430.1000/uuf100-0189.cnf,UNSAT,0.002,5,0
benchmarks/satlib/uuf100-430/UUF100.430.1000/uuf100-019.cnf,UNSAT,0.002,5,0
benchmarks/satlib/uuf100-430/UUF100.430.1000/uuf100-0190.cnf,UNSAT,0.002,4,0
benchmarks/satlib/uuf100-430/UUF100.430.1000/uuf100-0191.cnf,UNSAT,0.001,4,0
benchmarks/satlib/uuf100-430/UUF100.430.1000/uuf100-0192.cnf,UNSAT,0.002,4,0
benchmarks/satlib/uuf100-430/UUF100.430.1000/uuf100-0193.cnf,UNSAT,0.001,4,0
benchmarks/satlib/uuf100-430/UUF100.430.1000/uuf100-0194.cnf,UNSAT,0.002,5,0
benchmarks/satlib/uuf100-430/UUF100.430.1000/uuf100-0195.cnf,UNSAT,0.001,4,0
benchmarks/satlib/uuf100-430/UUF100.430.1000/uuf100-0196.cnf,UNSAT,0.002,5,0
benchmarks/satlib/uuf100-430/UUF100.430.1000/uuf100-0197.cnf,UNSAT,0.003,6,0
benchmarks/satlib/uuf100-430/UUF100.430.1000/uuf100-0198.cnf,UNSAT,0.002,5,0
benchmarks/satlib/uuf100-430/UUF100.430.1000/uuf100-0199.cnf,UNSAT,0.002,4,0
benchmarks/satlib/uuf100-430/UUF100.430.1000/uuf100-02.cnf,UNSAT,0.003,6,0
benchmarks/satlib/uuf100-430/UUF100.430.1000/uuf100-020.cnf,UNSAT,0.002,6,0
benchmarks/satlib/uuf100-430/UUF100.430.1000/uuf100-0200.cnf,UNSAT,0.004,7,0
benchmarks/satlib/uuf100-430/UUF100.430.1000/uuf100-0201.cnf,UNSAT,0.002,4,0
benchmarks/satlib/uuf100-430/UUF100.430.1000/uuf100-0202.cnf,UNSAT,0.002,5,0
benchmarks/satlib/uuf100-430/UUF100.430.1000/uuf100-0203.cnf,UNSAT,0.002,5,0
benchmarks/satlib/uuf100-430/UUF100.430.1000/uuf100-0204.cnf,UNSAT,0.002,5,0
benchmarks/satlib/uuf100-430/UUF100.430.1000/uuf100-0205.cnf,UNSAT,0.002,5,0
benchmarks/satlib/uuf100-430/UUF100.430.1000/uuf100-0206.cnf,UNSAT,0.003,6,0
benchmarks/satlib/uuf100-430/UUF100.430.1000/uuf100-0207.cnf,UNSAT,0.004,6,0
benchmarks/satlib/uuf100-430/UUF100.430.1000/uuf100-0208.cnf,UNSAT,0.003,6,0
benchmarks/satlib/uuf100-430/UUF100.430.1000/uuf100-0209.cnf,UNSAT,0.001,4,0
benchmarks/satlib/uuf100-430/UUF100.430.1000/uuf100-021.cnf,UNSAT,0.002,5,0
benchmarks/satlib/uuf100-430/UUF100.430.1000/uuf100-0210.cnf,UNSAT,0.003,5,0
benchmarks/satlib/uuf100-430/UUF100.430.1000/uuf100-0211.cnf,UNSAT,0.003,6,0
benchmarks/satlib/uuf100-430/UUF100.430.1000/uuf100-0212.cnf,UNSAT,0.002,5,0
benchmarks/satlib/uuf100-430/UUF100.430.1000/uuf100-0213.cnf,UNSAT,0.002,5,0
benchmarks/satlib/uuf100-430/UUF100.430.1000/uuf100-0214.cnf,UNSAT,0.004,6,0
benchmarks/satlib/uuf100-430/UUF100.430.1000/uuf100-0215.cnf,UNSAT,0.001,3,0
benchmarks/satlib/uuf100-430/UUF100.430.1000/uuf100-0216.cnf,UNSAT,0.002,5,0
benchmarks/satlib/uuf100-430/UUF100.430.1000/uuf100-0217.cnf,UNSAT,0.002,5,0
benchmarks/satlib/uuf100-430/UUF100.430.1000/uuf100-0218.cnf,UNSAT,0.002,5,0
benchmarks/satlib/uuf100-430/UUF100.430.1000/uuf100-0219.cnf,UNSAT,0.001,3,0
benchmarks/satlib/uuf100-430/UUF100.430.1000/uuf100-022.cnf,UNSAT,0.002,5,0
benchmarks/satlib/uuf100-430/UUF100.430.1000/uuf100-0220.cnf,UNSAT,0.003,5,0
benchmarks/satlib/uuf100-430/UUF100.430.1000/uuf100-0221.cnf,UNSAT,0.002,5,0
benchmarks/satlib/uuf100-430/UUF100.430.1000/uuf100-0222.cnf,UNSAT,0.002,5,0
benchmarks/satlib/uuf100-430/UUF100.430.1000/uuf100-0223.cnf,UNSAT,0.002,5,0
benchmarks/satlib/uuf100-430/UUF100.430.1000/uuf100-0224.cnf,UNSAT,0.001,4,0
benchmarks/satlib/uuf100-430/UUF100.430.1000/uuf100-0225.cnf,UNSAT,0.003,6,0
benchmarks/satlib/uuf100-430/UUF100.430.1000/uuf100-0226.cnf,UNSAT,0.003,6,0
benchmarks/satlib/uuf100-430/UUF100.430.1000/uuf100-0227.cnf,UNSAT,0.003,6,0
benchmarks/satlib/uuf100-430/UUF100.430.1000/uuf100-0228.cnf,UNSAT,0.003,6,0
benchmarks/satlib/uuf100-430/UUF100.430.1000/uuf100-0229.cnf,UNSAT,0.002,5,0
benchmarks/satlib/uuf100-430/UUF100.430.1000/uuf100-023.cnf,UNSAT,0.002,5,0
benchmarks/satlib/uuf100-430/UUF100.430.1000/uuf100-0230.cnf,UNSAT,0.001,3,0
benchmarks/satlib/uuf100-430/UUF100.430.1000/uuf100-0231.cnf,UNSAT,0.002,5,0
benchmarks/satlib/uuf100-430/UUF100.430.1000/uuf100-0232.cnf,UNSAT,0.002,4,0
benchmarks/satlib/uuf100-430/UUF100.430.1000/uuf100-0233.cnf,UNSAT,0.001,3,0
benchmarks/satlib/uuf100-430/UUF100.430.1000/uuf100-0234.cnf,UNSAT,0.001,4,0
benchmarks/satlib/uuf100-430/UUF100.430.1000/uuf100-0235.cnf,UNSAT,0.001,4,0
benchmarks/satlib/uuf100-430/UUF100.430.1000/uuf100-0236.cnf,UNSAT,0.004,7,0
benchmarks/satlib/uuf100-430/UUF100.430.1000/uuf100-0237.cnf,UNSAT,0.003,6,0
benchmarks/satlib/uuf100-430/UUF100.430.1000/uuf100-0238.cnf,UNSAT,0.003,6,0
benchmarks/satlib/uuf100-430/UUF100.430.1000/uuf100-0239.cnf,UNSAT,0.001,3,0
benchmarks/satlib/uuf100-430/UUF100.430.1000/uuf100-024.cnf,UNSAT,0.003,6,0
benchmarks/satlib/uuf100-430/UUF100.430.1000/uuf100-0240.cnf,UNSAT,0.002,5,0
benchmarks/satlib/uuf100-430/UUF100.430.1000/uuf100-0241.cnf,UNSAT,0.002,5,0
benchmarks/satlib/uuf100-430/UUF100.430.1000/uuf100-0242.cnf,UNSAT,0.002,5,0
benchmarks/satlib/uuf100-430/UUF100.430.1000/uuf100-0243.cnf,UNSAT,0.002,5,0
benchmarks/satlib/uuf100-430/UUF100.430.1000/uuf100-0244.cnf,UNSAT,0.004,7,0
benchmarks/satlib/uuf100-430/UUF100.430.1000/uuf100-0245.cnf,UNSAT,0.002,5,0
benchmarks/satlib/uuf100-430/UUF100.430.1000/uuf100-0246.cnf,UNSAT,0.003,6,0
benchmarks/satlib/uuf100-430/UUF100.430.1000/uuf100-0247.cnf,UNSAT,0.002,5,0
benchmarks/satlib/uuf100-430/UUF100.430.1000/uuf100-0248.cnf,UNSAT,0.001,4,0
benchmarks/satlib/uuf100-430/UUF100.430.1000/uuf100-0249.cnf,UNSAT,0.002,5,0
benchmarks/satlib/uuf100-430/UUF100.430.1000/uuf100-025.cnf,UNSAT,0.002,5,0
benchmarks/satlib/uuf100-430/UUF100.430.1000/uuf100-0250.cnf,UNSAT,0.001,3,0
benchmarks/satlib/uuf100-430/UUF100.430.1000/uuf100-0251.cnf,UNSAT,0.002,5,0
benchmarks/satlib/uuf100-430/UUF100.430.1000/uuf100-0252.cnf,UNSAT,0.001,3,0
benchmarks/satlib/uuf100-430/UUF100.430.1000/uuf100-0253.cnf,UNSAT,0.002,5,0
benchmarks/satlib/uuf100-430/UUF100.430.1000/uuf100-0254.cnf,UNSAT,0.002,5,0
benchmarks/satlib/uuf100-430/UUF100.430.1000/uuf100-0255.cnf,UNSAT,0.002,5,0
benchmarks/satlib/uuf100-430/UUF100.430.1000/uuf100-0256.cnf,UNSAT,0.002,5,0
benchmarks/satlib/uuf100-430/UUF100.430.1000/uuf100-0257.cnf,UNSAT,0.002,5,0
benchmarks/satlib/uuf100-430/UUF100.430.1000/uuf100-0258.cnf,UNSAT,0.003,6,0
benchmarks/satlib/uuf100-430/UUF100.430.1000/uuf100-0259.cnf,UNSAT,0.001,3,0
benchmarks/satlib/uuf100-430/UUF100.430.1000/uuf100-026.cnf,UNSAT,0.001,2,0
benchmarks/satlib/uuf100-430/UUF100.430.1000/uuf100-0260.cnf,UNSAT,0.001,4,0
benchmarks/satlib/uuf100-430/UUF100.430.1000/uuf100-0261.cnf,UNSAT,0.002,5,0
benchmarks/satlib/uuf100-430/UUF100.430.1000/uuf100-0262.cnf,UNSAT,0.002,5,0
benchmarks/satlib/uuf100-430/UUF100.430.1000/uuf100-0263.cnf,UNSAT,0.001,3,0
benchmarks/satlib/uuf100-430/UUF100.430.1000/uuf100-0264.cnf,UNSAT,0.004,6,0
benchmarks/satlib/uuf100-430/UUF100.430.1000/uuf100-0265.cnf,UNSAT,0.002,5,0
benchmarks/satlib/uuf100-430/UUF100.430.1000/uuf100-0266.cnf,UNSAT,0.002,3,0
benchmarks/satlib/uuf100-430/UUF100.430.1000/uuf100-0267.cnf,UNSAT,0.003,6,0
benchmarks/satlib/uuf100-430/UUF100.430.1000/uuf100-0268.cnf,UNSAT,0.003,6,0
benchmarks/satlib/uuf100-430/UUF100.430.1000/uuf100-0269.cnf,UNSAT,0.001,3,0
benchmarks/satlib/uuf100-430/UUF100.430.1000/uuf100-027.cnf,UNSAT,0.001,3,0
benchmarks/satlib/uuf100-430/UUF100.430.1000/uuf100-0270.cnf,UNSAT,0.004,6,0
benchmarks/satlib/uuf100-430/UUF100.430.1000/uuf100-0271.cnf,UNSAT,0.002,4,0
benchmarks/satlib/uuf100-430/UUF100.430.1000/uuf100-0272.cnf,UNSAT,0.002,5,0
benchmarks/satlib/uuf100-430/UUF100.430.1000/uuf100-0273.cnf,UNSAT,0.001,4,0
benchmarks/satlib/uuf100-430/UUF100.430.1000/uuf100-0274.cnf,UNSAT,0.002,5,0
benchmarks/satlib/uuf100-430/UUF100.430.1000/uuf100-0275.cnf,UNSAT,0.001,4,0
benchmarks/satlib/uuf100-430/UUF100.430.1000/uuf100-0276.cnf,UNSAT,0.002,5,0
benchmarks/satlib/uuf100-430/UUF100.430.1000/uuf100-0277.cnf,UNSAT,0.003,6,0
benchmarks/satlib/uuf100-430/UUF100.430.1000/uuf100-0278.cnf,UNSAT,0.002,5,0
benchmarks/satlib/uuf100-430/UUF100.430.1000/uuf100-0279.cnf,UNSAT,0.002,4,0
benchmarks/satlib/uuf100-430/UUF100.430.1000/uuf100-028.cnf,UNSAT,0.001,4,0
benchmarks/satlib/uuf100-430/UUF100.430.1000/uuf100-0280.cnf,UNSAT,0.003,6,0
benchmarks/satlib/uuf100-430/UUF100.430.1000/uuf100-0281.cnf,UNSAT,0.001,2,0
benchmarks/satlib/uuf100-430/UUF100.430.1000/uuf100-0282.cnf,UNSAT,0.002,5,0
benchmarks/satlib/uuf100-430/UUF100.430.1000/uuf100-0283.cnf,UNSAT,0.001,2,0
benchmarks/satlib/uuf100-430/UUF100.430.1000/uuf100-0284.cnf,UNSAT,0.002,5,0
benchmarks/satlib/uuf100-430/UUF100.430.1000/uuf100-0285.cnf,UNSAT,0.003,6,0
benchmarks/satlib/uuf100-430/UUF100.430.1000/uuf100-0286.cnf,UNSAT,0.001,4,0
benchmarks/satlib/uuf100-430/UUF100.430.1000/uuf100-0287.cnf,UNSAT,0.002,5,0
benchmarks/satlib/uuf100-430/UUF100.430.1000/uuf100-0288.cnf,UNSAT,0.002,5,0
benchmarks/satlib/uuf100-430/UUF100.430.1000/uuf100-0289.cnf,UNSAT,0.002,5,0
benchmarks/satlib/uuf100-430/UUF100.430.1000/uuf100-029.cnf,UNSAT,0.002,5,0
benchmarks/satlib/uuf100-430/UUF100.430.1000/uuf100-0290.cnf,UNSAT,0.004,6,0
benchmarks/satlib/uuf100-430/UUF100.430.1000/uuf100-0291.cnf,UNSAT,0.001,3,0
benchmarks/satlib/uuf100-430/UUF100.430.1000/uuf100-0292.cnf,UNSAT,0.003,6,0
benchmarks/satlib/uuf100-430/UUF100.430.1000/uuf100-0293.cnf,UNSAT,0.003,6,0
benchmarks/satlib/uuf100-430/UUF100.430.1000/uuf100-0294.cnf,UNSAT,0.002,5,0
benchmarks/satlib/uuf100-430/UUF100.430.1000/uuf100-0295.cnf,UNSAT,0.002,4,0
benchmarks/satlib/uuf100-430/UUF100.430.1000/uuf100-0296.cnf,UNSAT,0.003,6,0
benchmarks/satlib/uuf100-430/UUF100.430.1000/uuf100-0297.cnf,UNSAT,0.002,5,0
benchmarks/satlib/uuf100-430/UUF100.430.1000/uuf100-0298.cnf,UNSAT,0.001,3,0
benchmarks/satlib/uuf100-430/UUF100.430.1000/uuf100-0299.cnf,UNSAT,0.002,5,0
benchmarks/satlib/uuf100-430/UUF100.430.1000/uuf100-03.cnf,UNSAT,0.002,5,0
benchmarks/satlib/uuf100-430/UUF100.430.1000/uuf100-030.cnf,UNSAT,0.001,3,0
benchmarks/satlib/uuf100-430/UUF100.430.1000/uuf100-0300.cnf,UNSAT,0.001,3,0
benchmarks/satlib/uuf100-430/UUF100.430.1000/uuf100-0301.cnf,UNSAT,0.003,6,0
benchmarks/satlib/uuf100-430/UUF100.430.1000/uuf100-0302.cnf,UNSAT,0.003,5,0
benchmarks/satlib/uuf100-430/UUF100.430.1000/uuf100-0303.cnf,UNSAT,0.001,3,0
benchmarks/satlib/uuf100-430/UUF100.430.1000/uuf100-0304.cnf,UNSAT,0.002,5,0
benchmarks/satlib/uuf100-430/UUF100.430.1000/uuf100-0305.cnf,UNSAT,0.002,5,0
benchmarks/satlib/uuf100-430/UUF100.430.1000/uuf100-0306.cnf,UNSAT,0.003,6,0
benchmarks/satlib/uuf100-430/UUF100.430.1000/uuf100-0307.cnf,UNSAT,0.002,5,0
benchmarks/satlib/uuf100-430/UUF100.430.1000/uuf100-0308.cnf,UNSAT,0.001,4,0
benchmarks/satlib/uuf100-430/UUF100.430.1000/uuf100-0309.cnf,UNSAT,0.001,3,0
benchmarks/satlib/uuf100-430/UUF100.430.1000/uuf100-031.cnf,UNSAT,0.008,6,0
benchmarks/satlib/uuf100-430/UUF100.430.1000/uuf100-0310.cnf,UNSAT,0.002,4,0
benchmarks/satlib/uuf100-430/UUF100.430.1000/uuf100-0311.cnf,UNSAT,0.002,5,0
benchmarks/satlib/uuf100-430/UUF100.430.1000/uuf100-0312.cnf,UNSAT,0.002,5,0
benchmarks/satlib/uuf100-430/UUF100.430.1000/uuf100-0313.cnf,UNSAT,0.002,5,0
benchmarks/satlib/uuf100-430/UUF100.430.1000/uuf100-0314.cnf,UNSAT,0.002,5,0
benchmarks/satlib/uuf100-430/UUF100.430.1000/uuf100-0315.cnf,UNSAT,0.002,5,0
benchmarks/satlib/uuf100-430/UUF100.430.1000/uuf100-0316.cnf,UNSAT,0.002,5,0
benchmarks/satlib/uuf100-430/UUF100.430.1000/uuf100-0317.cnf,UNSAT,0.001,3,0
benchmarks/satlib/uuf100-430/UUF100.430.1000/uuf100-0318.cnf,UNSAT,0.004,6,0
benchmarks/satlib/uuf100-430/UUF100.430.1000/uuf100-0319.cnf,UNSAT,0.002,5,0
benchmarks/satlib/uuf100-430/UUF100.430.1000/uuf100-032.cnf,UNSAT,0.002,4,0
benchmarks/satlib/uuf100-430/UUF100.430.1000/uuf100-0320.cnf,UNSAT,0.001,3,0
benchmarks/satlib/uuf100-430/UUF100.430.1000/uuf100-0321.cnf,UNSAT,0.001,4,0
benchmarks/satlib/uuf100-430/UUF100.430.1000/uuf100-0322.cnf,UNSAT,0.002,5,0
benchmarks/satlib/uuf100-430/UUF100.430.1000/uuf100-0323.cnf,UNSAT,0.004,6,0
benchmarks/satlib/uuf100-430/UUF100.430.1000/uuf100-0324.cnf,UNSAT,0.002,5,0
benchmarks/satlib/uuf100-430/UUF100.430.1000/uuf100-0325.cnf,UNSAT,0.002,4,0
benchmarks/satlib/uuf100-430/UUF100.430.1000/uuf100-0326.cnf,UNSAT,0.003,6,0
benchmarks/satlib/uuf100-430/UUF100.430.1000/uuf100-0327.cnf,UNSAT,0.002,5,0
benchmarks/satlib/uuf100-430/UUF100.430.1000/uuf100-0328.cnf,UNSAT,0.001,3,0
benchmarks/satlib/uuf100-430/UUF100.430.1000/uuf100-0329.cnf,UNSAT,0.001,4,0
benchmarks/satlib/uuf100-430/UUF100.430.1000/uuf100-033.cnf,UNSAT,0.003,6,0
benchmarks/satlib/uuf100-430/UUF100.430.1000/uuf100-0330.cnf,UNSAT,0.002,5,0
benchmarks/satlib/uuf100-430/UUF100.430.1000/uuf100-0331.cnf,UNSAT,0.002,5,0
benchmarks/satlib/uuf100-430/UUF100.430.1000/uuf100-0332.cnf,UNSAT,0.001,3,0
benchmarks/satlib/uuf100-430/UUF100.430.1000/uuf100-0333.cnf,UNSAT,0.003,6,0
benchmarks/satlib/uuf100-430/UUF100.430.1000/uuf100-0334.cnf,UNSAT,0.001,3,0
benchmarks/satlib/uuf100-430/UUF100.430.1000/uuf100-0335.cnf,UNSAT,0.001,4,0
benchmarks/satlib/uuf100-430/UUF100.430.1000/uuf100-0336.cnf,UNSAT,0.002,5,0
benchmarks/satlib/uuf100-430/UUF100.430.1000/uuf100-0337.cnf,UNSAT,0.002,4,0
benchmarks/satlib/uuf100-430/UUF100.430.1000/uuf100-0338.cnf,UNSAT,0.003,6,0
benchmarks/satlib/uuf100-430/UUF100.430.1000/uuf100-0339.cnf,UNSAT,0.003,6,0
benchmarks/satlib/uuf100-430/UUF100.430.1000/uuf100-034.cnf,UNSAT,0.002,5,0
benchmarks/satlib/uuf100-430/UUF100.430.1000/uuf100-0340.cnf,UNSAT,0.002,5,0
benchmarks/satlib/uuf100-430/UUF100.430.1000/uuf100-0341.cnf,UNSAT,0.002,5,0
benchmarks/satlib/uuf100-430/UUF100.430.1000/uuf100-0342.cnf,UNSAT,0.003,6,0
benchmarks/satlib/uuf100-430/UUF100.430.1000/uuf100-0343.cnf,UNSAT,0.001,3,0
benchmarks/satlib/uuf100-430/UUF100.430.1000/uuf100-0344.cnf,UNSAT,0.002,5,0
benchmarks/satlib/uuf100-430/UUF100.430.1000/uuf100-0345.cnf,UNSAT,0.002,5,0
benchmarks/satlib/uuf100-430/UUF100.430.1000/uuf100-0346.cnf,UNSAT,0.003,6,0
benchmarks/satlib/uuf100-430/UUF100.430.1000/uuf100-0347.cnf,UNSAT,0.002,5,0
benchmarks/satlib/uuf100-430/UUF100.430.1000/uuf100-0348.cnf,UNSAT,0.002,6,0
benchmarks/satlib/uuf100-430/UUF100.430.1000/uuf100-0349.cnf,UNSAT,0.003,6,0
benchmarks/satlib/uuf100-430/UUF100.430.1000/uuf100-035.cnf,UNSAT,0.003,6,0
benchmarks/satlib/uuf100-430/UUF100.430.1000/uuf100-0350.cnf,UNSAT,0.001,3,0
benchmarks/satlib/uuf100-430/UUF100.430.1000/uuf100-0351.cnf,UNSAT,0.003,6,0
benchmarks/satlib/uuf100-430/UUF100.430.1000/uuf100-0352.cnf,UNSAT,0.002,5,0
benchmarks/satlib/uuf100-430/UUF100.430.1000/uuf100-0353.cnf,UNSAT,0.002,5,0
benchmarks/satlib/uuf100-430/UUF100.430.1000/uuf100-0354.cnf,UNSAT,0.001,3,0
benchmarks/satlib/uuf100-430/UUF100.430.1000/uuf100-0355.cnf,UNSAT,0.004,6,0
benchmarks/satlib/uuf100-430/UUF100.430.1000/uuf100-0356.cnf,UNSAT,0.002,5,0
benchmarks/satlib/uuf100-430/UUF100.430.1000/uuf100-0357.cnf,UNSAT,0.002,5,0
benchmarks/satlib/uuf100-430/UUF100.430.1000/uuf100-0358.cnf,UNSAT,0.002,4,0
benchmarks/satlib/uuf100-430/UUF100.430.1000/uuf100-0359.cnf,UNSAT,0.001,2,0
benchmarks/satlib/uuf100-430/UUF100.430.1000/uuf100-036.cnf,UNSAT,0.002,5,0
benchmarks/satlib/uuf100-430/UUF100.430.1000/uuf100-0360.cnf,UNSAT,0.002,5,0
benchmarks/satlib/uuf100-430/UUF100.430.1000/uuf100-0361.cnf,UNSAT,0.002,5,0
benchmarks/satlib/uuf100-430/UUF100.430.1000/uuf100-0362.cnf,UNSAT,0.003,6,0
benchmarks/satlib/uuf100-430/UUF100.430.1000/uuf100-0363.cnf,UNSAT,0.002,5,0
benchmarks/satlib/uuf100-430/UUF100.430.1000/uuf100-0364.cnf,UNSAT,0.004,6,0
benchmarks/satlib/uuf100-430/UUF100.430.1000/uuf100-0365.cnf,UNSAT,0.002,4,0
benchmarks/satlib/uuf100-430/UUF100.430.1000/uuf100-0366.cnf,UNSAT,0.001,3,0
benchmarks/satlib/uuf100-430/UUF100.430.1000/uuf100-0367.cnf,UNSAT,0.002,5,0
benchmarks/satlib/uuf100-430/UUF100.430.1000/uuf100-0368.cnf,UNSAT,0.003,6,0
benchmarks/satlib/uuf100-430/UUF100.430.1000/uuf100-0369.cnf,UNSAT,0.002,4,0
benchmarks/satlib/uuf100-430/UUF100.430.1000/uuf100-037.cnf,UNSAT,0.002,6,0
benchmarks/satlib/uuf100-430/UUF100.430.1000/uuf100-0370.cnf,UNSAT,0.002,4,0
benchmarks/satlib/uuf100-430/UUF100.430.1000/uuf100-0371.cnf,UNSAT,0.002,5,0
benchmarks/satlib/uuf100-430/UUF100.430.1000/uuf100-0372.cnf,UNSAT,0.002,5,0
benchmarks/satlib/uuf100-430/UUF100.430.1000/uuf100-0373.cnf,UNSAT,0.003,6,0
benchmarks/satlib/uuf100-430/UUF100.430.1000/uuf100-0374.cnf,UNSAT,0.002,5,0
benchmarks/satlib/uuf100-430/UUF100.430.1000/uuf100-0375.cnf,UNSAT,0.002,5,0
benchmarks/satlib/uuf100-430/UUF100.430.1000/uuf100-0376.cnf,UNSAT,0.004,6,0
benchmarks/satlib/uuf100-430/UUF100.430.1000/uuf100-0377.cnf,UNSAT,0.002,5,0
benchmarks/satlib/uuf100-430/UUF100.430.1000/uuf100-0378.cnf,UNSAT,0.002,4,0
benchmarks/satlib/uuf100-430/UUF100.430.1000/uuf100-0379.cnf,UNSAT,0.001,4,0
benchmarks/satlib/uuf100-430/UUF100.430.1000/uuf100-038.cnf,UNSAT,0.002,5,0
benchmarks/satlib/uuf100-430/UUF100.430.1000/uuf100-0380.cnf,UNSAT,0.002,5,0
benchmarks/satlib/uuf100-430/UUF100.430.1000/uuf100-0381.cnf,UNSAT,0.002,5,0
benchmarks/satlib/uuf100-430/UUF100.430.1000/uuf100-0382.cnf,UNSAT,0.002,5,0
benchmarks/satlib/uuf100-430/UUF100.430.1000/uuf100-0383.cnf,UNSAT,0.002,4,0
benchmarks/satlib/uuf100-430/UUF100.430.1000/uuf100-0384.cnf,UNSAT,0.003,6,0
benchmarks/satlib/uuf100-430/UUF100.430.1000/uuf100-0385.cnf,UNSAT,0.002,5,0
benchmarks/satlib/uuf100-430/UUF100.430.1000/uuf100-0386.cnf,UNSAT,0.002,5,0
benchmarks/satlib/uuf100-430/UUF100.430.1000/uuf100-0387.cnf,UNSAT,0.002,5,0
benchmarks/satlib/uuf100-430/UUF100.430.1000/uuf100-0388.cnf,UNSAT,0.001,4,0
benchmarks/satlib/uuf100-430/UUF100.430.1000/uuf100-0389.cnf,UNSAT,0.002,5,0
benchmarks/satlib/uuf100-430/UUF100.430.1000/uuf100-039.cnf,UNSAT,0.002,4,0
benchmarks/satlib/uuf100-430/UUF100.430.1000/uuf100-0390.cnf,UNSAT,0.002,4,0
benchmarks/satlib/uuf100-430/UUF100.430.1000/uuf100-0391.cnf,UNSAT,0.001,4,0
benchmarks/satlib/uuf100-430/UUF100.430.1000/uuf100-0392.cnf,UNSAT,0.001,3,0
benchmarks/satlib/uuf100-430/UUF100.430.1000/uuf100-0393.cnf,UNSAT,0.001,4,0
benchmarks/satlib/uuf100-430/UUF100.430.1000/uuf100-0394.cnf,UNSAT,0.002,4,0
benchmarks/satlib/uuf100-430/UUF100.430.1000/uuf100-0395.cnf,UNSAT,0.002,5,0
benchmarks/satlib/uuf100-430/UUF100.430.1000/uuf100-0396.cnf,UNSAT,0.003,6,0
benchmarks/satlib/uuf100-430/UUF100.430.1000/uuf100-0397.cnf,UNSAT,0.001,4,0
benchmarks/satlib/uuf100-430/UUF100.430.1000/uuf100-0398.cnf,UNSAT,0.003,6,0
benchmarks/satlib/uuf100-430/UUF100.430.1000/uuf100-0399.cnf,UNSAT,0.003,6,0
benchmarks/satlib/uuf100-430/UUF100.430.1000/uuf100-04.cnf,UNSAT,0.004,6,0
benchmarks/satlib/uuf100-430/UUF100.430.1000/uuf100-040.cnf,UNSAT,0.001,2,0
benchmarks/satlib/uuf100-430/UUF100.430.1000/uuf100-0400.cnf,UNSAT,0.003,6,0
benchmarks/satlib/uuf100-430/UUF100.430.1000/uuf100-0401.cnf,UNSAT,0.002,5,0
benchmarks/satlib/uuf100-430/UUF100.430.1000/uuf100-0402.cnf,UNSAT,0.001,4,0
benchmarks/satlib/uuf100-430/UUF100.430.1000/uuf100-0403.cnf,UNSAT,0.003,6,0
benchmarks/satlib/uuf100-430/UUF100.430.1000/uuf100-0404.cnf,UNSAT,0.003,6,0
benchmarks/satlib/uuf100-430/UUF100.430.1000/uuf100-0405.cnf,UNSAT,0.002,5,0
benchmarks/satlib/uuf100-430/UUF100.430.1000/uuf100-0406.cnf,UNSAT,0.001,3,0
benchmarks/satlib/uuf100-430/UUF100.430.1000/uuf100-0407.cnf,UNSAT,0.004,7,0
benchmarks/satlib/uuf100-430/UUF100.430.1000/uuf100-0408.cnf,UNSAT,0.002,4,0
benchmarks/satlib/uuf100-430/UUF100.430.1000/uuf100-0409.cnf,UNSAT,0.002,5,0
benchmarks/satlib/uuf100-430/UUF100.430.1000/uuf100-041.cnf,UNSAT,0.001,3,0
benchmarks/satlib/uuf100-430/UUF100.430.1000/uuf100-0410.cnf,UNSAT,0.003,6,0
benchmarks/satlib/uuf100-430/UUF100.430.1000/uuf100-0411.cnf,UNSAT,0.003,6,0
benchmarks/satlib/uuf100-430/UUF100.430.1000/uuf100-0412.cnf,UNSAT,0.001,4,0
benchmarks/satlib/uuf100-430/UUF100.430.1000/uuf100-0413.cnf,UNSAT,0.003,6,0
benchmarks/satlib/uuf100-430/UUF100.430.1000/uuf100-0414.cnf,UNSAT,0.002,5,0
benchmarks/satlib/uuf100-430/UUF100.430.1000/uuf100-0415.cnf,UNSAT,0.002,5,0
benchmarks/satlib/uuf100-430/UUF100.430.1000/uuf100-0416.cnf,UNSAT,0.002,5,0
benchmarks/satlib/uuf100-430/UUF100.430.1000/uuf100-0417.cnf,UNSAT,0.001,3,0
benchmarks/satlib/uuf100-430/UUF100.430.1000/uuf100-0418.cnf,UNSAT,0.004,7,0
benchmarks/satlib/uuf100-430/UUF100.430.1000/uuf100-0419.cnf,UNSAT,0.002,5,0
benchmarks/satlib/uuf100-430/UUF100.430.1000/uuf100-042.cnf,UNSAT,0.002,6,0
benchmarks/satlib/uuf100-430/UUF100.430.1000/uuf100-0420.cnf,UNSAT,0.003,6,0
benchmarks/satlib/uuf100-430/UUF100.430.1000/uuf100-0421.cnf,UNSAT,0.002,5,0
benchmarks/satlib/uuf100-430/UUF100.430.1000/uuf100-0422.cnf,UNSAT,0.002,6,0
benchmarks/satlib/uuf100-430/UUF100.430.1000/uuf100-0423.cnf,UNSAT,0.002,5,0
benchmarks/satlib/uuf100-430/UUF100.430.1000/uuf100-0424.cnf,UNSAT,0.002,6,0
benchmarks/satlib/uuf100-430/UUF100.430.1000/uuf100-0425.cnf,UNSAT,0.003,6,0
benchmarks/satlib/uuf100-430/UUF100.430.1000/uuf100-0426.cnf,UNSAT,0.003,6,0
benchmarks/satlib/uuf100-430/UUF100.430.1000/uuf100-0427.cnf,UNSAT,0.003,6,0
benchmarks/satlib/uuf100-430/UUF100.430.1000/uuf100-0428.cnf,UNSAT,0.003,6,0
benchmarks/satlib/uuf100-430/UUF100.430.1000/uuf100-0429.cnf,UNSAT,0.002,5,0
benchmarks/satlib/uuf100-430/UUF100.430.1000/uuf100-043.cnf,UNSAT,0.002,4,0
benchmarks/satlib/uuf100-430/UUF100.430.1000/uuf100-0430.cnf,UNSAT,0.002,5,0
benchmarks/satlib/uuf100-430/UUF100.430.1000/uuf100-0431.cnf,UNSAT,0.003,6,0
benchmarks/satlib/uuf100-430/UUF100.430.1000/uuf100-0432.cnf,UNSAT,0.002,6,0
benchmarks/satlib/uuf100-430/UUF100.430.1000/uuf100-0433.cnf,UNSAT,0.001,3,0
benchmarks/satlib/uuf100-430/UUF100.430.1000/uuf100-0434.cnf,UNSAT,0.003,6,0
benchmarks/satlib/uuf100-430/UUF100.430.1000/uuf100-0435.cnf,UNSAT,0.004,7,0
benchmarks/satlib/uuf100-430/UUF100.430.1000/uuf100-0436.cnf,UNSAT,0.002,5,0
benchmarks/satlib/uuf100-430/UUF100.430.1000/uuf100-0437.cnf,UNSAT,0.004,6,0
benchmarks/satlib/uuf100-430/UUF100.430.1000/uuf100-0438.cnf,UNSAT,0.002,5,0
benchmarks/satlib/uuf100-430/UUF100.430.1000/uuf100-0439.cnf,UNSAT,0.004,6,0
benchmarks/satlib/uuf100-430/UUF100.430.1000/uuf100-044.cnf,UNSAT,0.002,5,0
benchmarks/satlib/uuf100-430/UUF100.430.1000/uuf100-0440.cnf,UNSAT,0.002,5,0
benchmarks/satlib/uuf100-430/UUF100.430.1000/uuf100-0441.cnf,UNSAT,0.002,5,0
benchmarks/satlib/uuf100-430/UUF100.430.1000/uuf100-0442.cnf,UNSAT,0.002,4,0
benchmarks/satlib/uuf100-430/UUF100.430.1000/uuf100-0443.cnf,UNSAT,0.004,6,0
benchmarks/satlib/uuf100-430/UUF100.430.1000/uuf100-0444.cnf,UNSAT,0.003,6,0
benchmarks/satlib/uuf100-430/UUF100.430.1000/uuf100-0445.cnf,UNSAT,0.001,3,0
benchmarks/satlib/uuf100-430/UUF100.430.1000/uuf100-0446.cnf,UNSAT,0.002,5,0
benchmarks/satlib/uuf100-430/UUF100.430.1000/uuf100-0447.cnf,UNSAT,0.003,6,0
benchmarks/satlib/uuf100-430/UUF100.430.1000/uuf100-0448.cnf,UNSAT,0.002,4,0
benchmarks/satlib/uuf100-430/UUF100.430.1000/uuf100-0449.cnf,UNSAT,0.001,3,0
benchmarks/satlib/uuf100-430/UUF100.430.1000/uuf100-045.cnf,UNSAT,0.001,3,0
benchmarks/satlib/uuf100-430/UUF100.430.1000/uuf100-0450.cnf,UNSAT,0.001,3,0
benchmarks/satlib/uuf100-430/UUF100.430.1000/uuf100-0451.cnf,UNSAT,0.002,4,0
benchmarks/satlib/uuf100-430/UUF100.430.1000/uuf100-0452.cnf,UNSAT,0.001,3,0
benchmarks/satlib/uuf100-430/UUF100.430.1000/uuf100-0453.cnf,UNSAT,0.002,4,0
benchmarks/satlib/uuf100-430/UUF100.430.1000/uuf100-0454.cnf,UNSAT,0.002,5,0
benchmarks/satlib/uuf100-430/UUF100.430.1000/uuf100-0455.cnf,UNSAT,0.002,5,0
benchmarks/satlib/uuf100-430/UUF100.430.1000/uuf100-0456.cnf,UNSAT,0.002,4,0
benchmarks/satlib/uuf100-430/UUF100.430.1000/uuf100-0457.cnf,UNSAT,0.005,9,0
benchmarks/satlib/uuf100-430/UUF100.430.1000/uuf100-0458.cnf,UNSAT,0.002,4,0
benchmarks/satlib/uuf100-430/UUF100.430.1000/uuf100-0459.cnf,UNSAT,0.002,5,0
benchmarks/satlib/uuf100-430/UUF100.430.1000/uuf100-046.cnf,UNSAT,0.002,5,0
benchmarks/satlib/uuf100-430/UUF100.430.1000/uuf100-0460.cnf,UNSAT,0.001,4,0
benchmarks/satlib/uuf100-430/UUF100.430.1000/uuf100-0461.cnf,UNSAT,0.002,5,0
benchmarks/satlib/uuf100-430/UUF100.430.1000/uuf100-0462.cnf,UNSAT,0.003,6,0
benchmarks/satlib/uuf100-430/UUF100.430.1000/uuf100-0463.cnf,UNSAT,0.003,6,0
benchmarks/satlib/uuf100-430/UUF100.430.1000/uuf100-0464.cnf,UNSAT,0.002,4,0
benchmarks/satlib/uuf100-430/UUF100.430.1000/uuf100-0465.cnf,UNSAT,0.001,4,0
benchmarks/satlib/uuf100-430/UUF100.430.1000/uuf100-0466.cnf,UNSAT,0.002,4,0
benchmarks/satlib/uuf100-430/UUF100.430.1000/uuf100-0467.cnf,UNSAT,0.003,6,0
benchmarks/satlib/uuf100-430/UUF100.430.1000/uuf100-0468.cnf,UNSAT,0.002,5,0
benchmarks/satlib/uuf100-430/UUF100.430.1000/uuf100-0469.cnf,UNSAT,0.004,6,0
benchmarks/satlib/uuf100-430/UUF100.430.1000/uuf100-047.cnf,UNSAT,0.004,6,0
benchmarks/satlib/uuf100-430/UUF100.430.1000/uuf100-0470.cnf,UNSAT,0.002,5,0
benchmarks/satlib/uuf100-430/UUF100.430.1000/uuf100-0471.cnf,UNSAT,0.002,5,0
benchmarks/satlib/uuf100-430/UUF100.430.1000/uuf100-0472.cnf,UNSAT,0.001,3,0
benchmarks/satlib/uuf100-430/UUF100.430.1000/uuf100-0473.cnf,UNSAT,0.002,4,0
benchmarks/satlib/uuf100-430/UUF100.430.1000/uuf100-0474.cnf,UNSAT,0.002,5,0
benchmarks/satlib/uuf100-430/UUF100.430.1000/uuf100-0475.cnf,UNSAT,0.002,5,0
benchmarks/satlib/uuf100-430/UUF100.430.1000/uuf100-0476.cnf,UNSAT,0.002,4,0
benchmarks/satlib/uuf100-430/UUF100.430.1000/uuf100-0477.cnf,UNSAT,0.002,5,0
benchmarks/satlib/uuf100-430/UUF100.430.1000/uuf100-0478.cnf,UNSAT,0.002,5,0
benchmarks/satlib/uuf100-430/UUF100.430.1000/uuf100-0479.cnf,UNSAT,0.002,5,0
benchmarks/satlib/uuf100-430/UUF100.430.1000/uuf100-048.cnf,UNSAT,0.002,5,0
benchmarks/satlib/uuf100-430/UUF100.430.1000/uuf100-0480.cnf,UNSAT,0.002,4,0
benchmarks/satlib/uuf100-430/UUF100.430.1000/uuf100-0481.cnf,UNSAT,0.002,5,0
benchmarks/satlib/uuf100-430/UUF100.430.1000/uuf100-0482.cnf,UNSAT,0.002,5,0
benchmarks/satlib/uuf100-430/UUF100.430.1000/uuf100-0483.cnf,UNSAT,0.003,6,0
benchmarks/satlib/uuf100-430/UUF100.430.1000/uuf100-0484.cnf,UNSAT,0.004,6,0
benchmarks/satlib/uuf100-430/UUF100.430.1000/uuf100-0485.cnf,UNSAT,0.002,5,0
benchmarks/satlib/uuf100-430/UUF100.430.1000/uuf100-0486.cnf,UNSAT,0.003,6,0
benchmarks/satlib/uuf100-430/UUF100.430.1000/uuf100-0487.cnf,UNSAT,0.004,6,0
benchmarks/satlib/uuf100-430/UUF100.430.1000/uuf100-0488.cnf,UNSAT,0.003,6,0
benchmarks/satlib/uuf100-430/UUF100.430.1000/uuf100-0489.cnf,UNSAT,0.001,4,0
benchmarks/satlib/uuf100-430/UUF100.430.1000/uuf100-049.cnf,UNSAT,0.002,5,0
benchmarks/satlib/uuf100-430/UUF100.430.1000/uuf100-0490.cnf,UNSAT,0.002,5,0
benchmarks/satlib/uuf100-430/UUF100.430.1000/uuf100-0491.cnf,UNSAT,0.003,6,0
benchmarks/satlib/uuf100-430/UUF100.430.1000/uuf100-0492.cnf,UNSAT,0.003,6,0
benchmarks/satlib/uuf100-430/UUF100.430.1000/uuf100-0493.cnf,UNSAT,0.001,4,0
benchmarks/satlib/uuf100-430/UUF100.430.1000/uuf100-0494.cnf,UNSAT,0.003,6,0
benchmarks/satlib/uuf100-430/UUF100.430.1000/uuf100-0495.cnf,UNSAT,0.003,6,0
benchmarks/satlib/uuf100-430/UUF100.430.1000/uuf100-0496.cnf,UNSAT,0.003,6,0
benchmarks/satlib/uuf100-430/UUF100.430.1000/uuf100-0497.cnf,UNSAT,0.002,4,0
benchmarks/satlib/uuf100-430/UUF100.430.1000/uuf100-0498.cnf,UNSAT,0.005,8,0
benchmarks/satlib/uuf100-430/UUF100.430.1000/uuf100-0499.cnf,UNSAT,0.003,6,0
benchmarks/satlib/uuf100-430/UUF100.430.1000/uuf100-05.cnf,UNSAT,0.002,5,0
benchmarks/satlib/uuf100-430/UUF100.430.1000/uuf100-050.cnf,UNSAT,0.002,6,0
benchmarks/satlib/uuf100-430/UUF100.430.1000/uuf100-0500.cnf,UNSAT,0.001,3,0
benchmarks/satlib/uuf100-430/UUF100.430.1000/uuf100-0501.cnf,UNSAT,0.001,3,0
benchmarks/satlib/uuf100-430/UUF100.430.1000/uuf100-0502.cnf,UNSAT,0.002,5,0
benchmarks/satlib/uuf100-430/UUF100.430.1000/uuf100-0503.cnf,UNSAT,0.001,4,0
benchmarks/satlib/uuf100-430/UUF100.430.1000/uuf100-0504.cnf,UNSAT,0.001,3,0
benchmarks/satlib/uuf100-430/UUF100.430.1000/uuf100-0505.cnf,UNSAT,0.005,7,0
benchmarks/satlib/uuf100-430/UUF100.430.1000/uuf100-0506.cnf,UNSAT,0.003,6,0
benchmarks/satlib/uuf100-430/UUF100.430.1000/uuf100-0507.cnf,UNSAT,0.002,4,0
benchmarks/satlib/uuf100-430/UUF100.430.1000/uuf100-0508.cnf,UNSAT,0.002,4,0
benchmarks/satlib/uuf100-430/UUF100.430.1000/uuf100-0509.cnf,UNSAT,0.003,6,0
benchmarks/satlib/uuf100-430/UUF100.430.1000/uuf100-051.cnf,UNSAT,0.001,2,0
benchmarks/satlib/uuf100-430/UUF100.430.1000/uuf100-0510.cnf,UNSAT,0.001,3,0
benchmarks/satlib/uuf100-430/UUF100.430.1000/uuf100-0511.cnf,UNSAT,0.002,5,0
benchmarks/satlib/uuf100-430/UUF100.430.1000/uuf100-0512.cnf,UNSAT,0.002,5,0
benchmarks/satlib/uuf100-430/UUF100.430.1000/uuf100-0513.cnf,UNSAT,0.002,5,0
benchmarks/satlib/uuf100-430/UUF100.430.1000/uuf100-0514.cnf,UNSAT,0.003,6,0
benchmarks/satlib/uuf100-430/UUF100.430.1000/uuf100-0515.cnf,UNSAT,0.002,6,0
benchmarks/satlib/uuf100-430/UUF100.430.1000/uuf100-0516.cnf,UNSAT,0.002,5,0
benchmarks/satlib/uuf100-430/UUF100.430.1000/uuf100-0517.cnf,UNSAT,0.002,5,0
benchmarks/satlib/uuf100-430/UUF100.430.1000/uuf100-0518.cnf,UNSAT,0.003,6,0
benchmarks/satlib/uuf100-430/UUF100.430.1000/uuf100-0519.cnf,UNSAT,0.002,4,0
benchmarks/satlib/uuf100-430/UUF100.430.1000/uuf100-052.cnf,UNSAT,0.002,5,0
benchmarks/satlib/uuf100-430/UUF100.430.1000/uuf100-0520.cnf,UNSAT,0.001,2,0
benchmarks/satlib/uuf100-430/UUF100.430.1000/uuf100-0521.cnf,UNSAT,0.003,6,0
benchmarks/satlib/uuf100-430/UUF100.430.1000/uuf100-0522.cnf,UNSAT,0.002,5,0
benchmarks/satlib/uuf100-430/UUF100.430.1000/uuf100-0523.cnf,UNSAT,0.002,5,0
benchmarks/satlib/uuf100-430/UUF100.430.1000/uuf100-0524.cnf,UNSAT,0.003,6,0
benchmarks/satlib/uuf100-430/UUF100.430.1000/uuf100-0525.cnf,UNSAT,0.002,4,0
benchmarks/satlib/uuf100-430/UUF100.430.1000/uuf100-0526.cnf,UNSAT,0.002,5,0
benchmarks/satlib/uuf100-430/UUF100.430.1000/uuf100-0527.cnf,UNSAT,0.003,6,0
benchmarks/satlib/uuf100-430/UUF100.430.1000/uuf100-0528.cnf,UNSAT,0.002,6,0
benchmarks/satlib/uuf100-430/UUF100.430.1000/uuf100-0529.cnf,UNSAT,0.001,4,0
benchmarks/satlib/uuf100-430/UUF100.430.1000/uuf100-053.cnf,UNSAT,0.003,6,0
benchmarks/satlib/uuf100-430/UUF100.430.1000/uuf100-0530.cnf,UNSAT,0.003,6,0
benchmarks/satlib/uuf100-430/UUF100.430.1000/uuf100-0531.cnf,UNSAT,0.002,5,0
benchmarks/satlib/uuf100-430/UUF100.430.1000/uuf100-0532.cnf,UNSAT,0.002,4,0
benchmarks/satlib/uuf100-430/UUF100.430.1000/uuf100-0533.cnf,UNSAT,0.004,7,0
benchmarks/satlib/uuf100-430/UUF100.430.1000/uuf100-0534.cnf,UNSAT,0.002,5,0
benchmarks/satlib/uuf100-430/UUF100.430.1000/uuf100-0535.cnf,UNSAT,0.002,5,0
benchmarks/satlib/uuf100-430/UUF100.430.1000/uuf100-0536.cnf,UNSAT,0.002,6,0
benchmarks/satlib/uuf100-430/UUF100.430.1000/uuf100-0537.cnf,UNSAT,0.002,5,0
benchmarks/satlib/uuf100-430/UUF100.430.1000/uuf100-0538.cnf,UNSAT,0.002,5,0
benchmarks/satlib/uuf100-430/UUF100.430.1000/uuf100-0539.cnf,UNSAT,0.002,5,0
benchmarks/satlib/uuf100-430/UUF100.430.1000/uuf100-054.cnf,UNSAT,0.004,7,0
benchmarks/satlib/uuf100-430/UUF100.430.1000/uuf100-0540.cnf,UNSAT,0.005,8,0
benchmarks/satlib/uuf100-430/UUF100.430.1000/uuf100-0541.cnf,UNSAT,0.001,3,0
benchmarks/satlib/uuf100-430/UUF100.430.1000/uuf100-0542.cnf,UNSAT,0.002,4,0
benchmarks/satlib/uuf100-430/UUF100.430.1000/uuf100-0543.cnf,UNSAT,0.002,5,0
benchmarks/satlib/uuf100-430/UUF100.430.1000/uuf100-0544.cnf,UNSAT,0.002,4,0
benchmarks/satlib/uuf100-430/UUF100.430.1000/uuf100-0545.cnf,UNSAT,0.002,5,0
benchmarks/satlib/uuf100-430/UUF100.430.1000/uuf100-0546.cnf,UNSAT,0.003,6,0
benchmarks/satlib/uuf100-430/UUF100.430.1000/uuf100-0547.cnf,UNSAT,0.003,6,0
benchmarks/satlib/uuf100-430/UUF100.430.1000/uuf100-0548.cnf,UNSAT,0.002,6,0
benchmarks/satlib/uuf100-430/UUF100.430.1000/uuf100-0549.cnf,UNSAT,0.001,4,0
benchmarks/satlib/uuf100-430/UUF100.430.1000/uuf100-055.cnf,UNSAT,0.003,6,0
benchmarks/satlib/uuf100-430/UUF100.430.1000/uuf100-0550.cnf,UNSAT,0.002,5,0
benchmarks/satlib/uuf100-430/UUF100.430.1000/uuf100-0551.cnf,UNSAT,0.002,5,0
benchmarks/satlib/uuf100-430/UUF100.430.1000/uuf100-0552.cnf,UNSAT,0.001,4,0
benchmarks/satlib/uuf100-430/UUF100.430.1000/uuf100-0553.cnf,UNSAT,0.001,2,0
benchmarks/satlib/uuf100-430/UUF100.430.1000/uuf100-0554.cnf,UNSAT,0.002,5,0
benchmarks/satlib/uuf100-430/UUF100.430.1000/uuf100-0555.cnf,UNSAT,0.002,5,0
benchmarks/satlib/uuf100-430/UUF100.430.1000/uuf100-0556.cnf,UNSAT,0.003,5,0
benchmarks/satlib/uuf100-430/UUF100.430.1000/uuf100-0557.cnf,UNSAT,0.002,5,0
benchmarks/satlib/uuf100-430/UUF100.430.1000/uuf100-0558.cnf,UNSAT,0.004,6,0
benchmarks/satlib/uuf100-430/UUF100.430.1000/uuf100-0559.cnf,UNSAT,0.003,6,0
benchmarks/satlib/uuf100-430/UUF100.430.1000/uuf100-056.cnf,UNSAT,0.002,4,0
benchmarks/satlib/uuf100-430/UUF100.430.1000/uuf100-0560.cnf,UNSAT,0.004,7,0
benchmarks/satlib/uuf100-430/UUF100.430.1000/uuf100-0561.cnf,UNSAT,0.001,2,0
benchmarks/satlib/uuf100-430/UUF100.430.1000/uuf100-0562.cnf,UNSAT,0.003,6,0
benchmarks/satlib/uuf100-430/UUF100.430.1000/uuf100-0563.cnf,UNSAT,0.002,5,0
benchmarks/satlib/uuf100-430/UUF100.430.1000/uuf100-0564.cnf,UNSAT,0.002,4,0
benchmarks/satlib/uuf100-430/UUF100.430.1000/uuf100-0565.cnf,UNSAT,0.002,5,0
benchmarks/satlib/uuf100-430/UUF100.430.1000/uuf100-0566.cnf,UNSAT,0.003,6,0
benchmarks/satlib/uuf100-430/UUF100.430.1000/uuf100-0567.cnf,UNSAT,0.003,6,0
benchmarks/satlib/uuf100-430/UUF100.430.1000/uuf100-0568.cnf,UNSAT,0.001,3,0
benchmarks/satlib/uuf100-430/UUF100.430.1000/uuf100-0569.cnf,UNSAT,0.004,6,0
benchmarks/satlib/uuf100-430/UUF100.430.1000/uuf100-057.cnf,UNSAT,0.001,3,0
benchmarks/satlib/uuf100-430/UUF100.430.1000/uuf100-0570.cnf,UNSAT,0.002,5,0
benchmarks/satlib/uuf100-430/UUF100.430.1000/uuf100-0571.cnf,UNSAT,0.002,5,0
benchmarks/satlib/uuf100-430/UUF100.430.1000/uuf100-0572.cnf,UNSAT,0.002,4,0
benchmarks/satlib/uuf100-430/UUF100.430.1000/uuf100-0573.cnf,UNSAT,0.002,4,0
benchmarks/satlib/uuf100-430/UUF100.430.1000/uuf100-0574.cnf,UNSAT,0.004,6,0
benchmarks/satlib/uuf100-430/UUF100.430.1000/uuf100-0575.cnf,UNSAT,0.002,6,0
benchmarks/satlib/uuf100-430/UUF100.430.1000/uuf100-0576.cnf,UNSAT,0.001,4,0
benchmarks/satlib/uuf100-430/UUF100.430.1000/uuf100-0577.cnf,UNSAT,0.003,6,0
benchmarks/satlib/uuf100-430/UUF100.430.1000/uuf100-0578.cnf,UNSAT,0.004,6,0
benchmarks/satlib/uuf100-430/UUF100.430.1000/uuf100-0579.cnf,UNSAT,0.002,4,0
benchmarks/satlib/uuf100-430/UUF100.430.1000/uuf100-058.cnf,UNSAT,0.001,3,0
benchmarks/satlib/uuf100-430/UUF100.430.1000/uuf100-0580.cnf,UNSAT,0.001,3,0
benchmarks/satlib/uuf100-430/UUF100.430.1000/uuf100-0581.cnf,UNSAT,0.002,5,0
benchmarks/satlib/uuf100-430/UUF100.430.1000/uuf100-0582.cnf,UNSAT,0.002,4,0
benchmarks/satlib/uuf100-430/UUF100.430.1000/uuf100-0583.cnf,UNSAT,0.002,5,0
benchmarks/satlib/uuf100-430/UUF100.430.1000/uuf100-0584.cnf,UNSAT,0.003,6,0
benchmarks/satlib/uuf100-430/UUF100.430.1000/uuf100-0585.cnf,UNSAT,0.003,6,0
benchmarks/satlib/uuf100-430/UUF100.430.1000/uuf100-0586.cnf,UNSAT,0.002,5,0
benchmarks/satlib/uuf100-430/UUF100.430.1000/uuf100-0587.cnf,UNSAT,0.002,4,0
benchmarks/satlib/uuf100-430/UUF100.430.1000/uuf100-0588.cnf,UNSAT,0.002,4,0
benchmarks/satlib/uuf100-430/UUF100.430.1000/uuf100-0589.cnf,UNSAT,0.003,6,0
benchmarks/satlib/uuf100-430/UUF100.430.1000/uuf100-059.cnf,UNSAT,0.003,6,0
benchmarks/satlib/uuf100-430/UUF100.430.1000/uuf100-0590.cnf,UNSAT,0.002,5,0
benchmarks/satlib/uuf100-430/UUF100.430.1000/uuf100-0591.cnf,UNSAT,0.002,4,0
benchmarks/satlib/uuf100-430/UUF100.430.1000/uuf100-0592.cnf,UNSAT,0.002,4,0
benchmarks/satlib/uuf100-430/UUF100.430.1000/uuf100-0593.cnf,UNSAT,0.002,4,0
benchmarks/satlib/uuf100-430/UUF100.430.1000/uuf100-0594.cnf,UNSAT,0.003,6,0
benchmarks/satlib/uuf100-430/UUF100.430.1000/uuf100-0595.cnf,UNSAT,0.002,5,0
benchmarks/satlib/uuf100-430/UUF100.430.1000/uuf100-0596.cnf,UNSAT,0.002,6,0
benchmarks/satlib/uuf100-430/UUF100.430.1000/uuf100-0597.cnf,UNSAT,0.002,5,0
benchmarks/satlib/uuf100-430/UUF100.430.1000/uuf100-0598.cnf,UNSAT,0.002,4,0
benchmarks/satlib/uuf100-430/UUF100.430.1000/uuf100-0599.cnf,UNSAT,0.002,5,0
benchmarks/satlib/uuf100-430/UUF100.430.1000/uuf100-06.cnf,UNSAT,0.002,5,0
benchmarks/satlib/uuf100-430/UUF100.430.1000/uuf100-060.cnf,UNSAT,0.003,6,0
benchmarks/satlib/uuf100-430/UUF100.430.1000/uuf100-0600.cnf,UNSAT,0.002,5,0
benchmarks/satlib/uuf100-430/UUF100.430.1000/uuf100-0601.cnf,UNSAT,0.003,6,0
benchmarks/satlib/uuf100-430/UUF100.430.1000/uuf100-0602.cnf,UNSAT,0.002,4,0
benchmarks/satlib/uuf100-430/UUF100.430.1000/uuf100-0603.cnf,UNSAT,0.001,3,0
benchmarks/satlib/uuf100-430/UUF100.430.1000/uuf100-0604.cnf,UNSAT,0.002,6,0
benchmarks/satlib/uuf100-430/UUF100.430.1000/uuf100-0605.cnf,UNSAT,0.002,5,0
benchmarks/satlib/uuf100-430/UUF100.430.1000/uuf100-0606.cnf,UNSAT,0.002,4,0
benchmarks/satlib/uuf100-430/UUF100.430.1000/uuf100-0607.cnf,UNSAT,0.002,4,0
benchmarks/satlib/uuf100-430/UUF100.430.1000/uuf100-0608.cnf,UNSAT,0.003,5,0
benchmarks/satlib/uuf100-430/UUF100.430.1000/uuf100-0609.cnf,UNSAT,0.002,5,0
benchmarks/satlib/uuf100-430/UUF100.430.1000/uuf100-061.cnf,UNSAT,0.003,6,0
benchmarks/satlib/uuf100-430/UUF100.430.1000/uuf100-0610.cnf,UNSAT,0.002,5,0
benchmarks/satlib/uuf100-430/UUF100.430.1000/uuf100-0611.cnf,UNSAT,0.002,5,0
benchmarks/satlib/uuf100-430/UUF100.430.1000/uuf100-0612.cnf,UNSAT,0.002,5,0
benchmarks/satlib/uuf100-430/UUF100.430.1000/uuf100-0613.cnf,UNSAT,0.002,5,0
benchmarks/satlib/uuf100-430/UUF100.430.1000/uuf100-0614.cnf,UNSAT,0.001,4,0
benchmarks/satlib/uuf100-430/UUF100.430.1000/uuf100-0615.cnf,UNSAT,0.004,7,0
benchmarks/satlib/uuf100-430/UUF100.430.1000/uuf100-0616.cnf,UNSAT,0.003,6,0
benchmarks/satlib/uuf100-430/UUF100.430.1000/uuf100-0617.cnf,UNSAT,0.004,6,0
benchmarks/satlib/uuf100-430/UUF100.430.1000/uuf100-0618.cnf,UNSAT,0.001,3,0
benchmarks/satlib/uuf100-430/UUF100.430.1000/uuf100-0619.cnf,UNSAT,0.001,4,0
benchmarks/satlib/uuf100-430/UUF100.430.1000/uuf100-062.cnf,UNSAT,0.002,6,0
benchmarks/satlib/uuf100-430/UUF100.430.1000/uuf100-0620.cnf,UNSAT,0.002,5,0
benchmarks/satlib/uuf100-430/UUF100.430.1000/uuf100-0621.cnf,UNSAT,0.002,5,0
benchmarks/satlib/uuf100-430/UUF100.430.1000/uuf100-0622.cnf,UNSAT,0.002,6,0
benchmarks/satlib/uuf100-430/UUF100.430.1000/uuf100-0623.cnf,UNSAT,0.002,5,0
benchmarks/satlib/uuf100-430/UUF100.430.1000/uuf100-0624.cnf,UNSAT,0.006,10,0
benchmarks/satlib/uuf100-430/UUF100.430.1000/uuf100-0625.cnf,UNSAT,0.003,6,0
benchmarks/satlib/uuf100-430/UUF100.430.1000/uuf100-0626.cnf,UNSAT,0.002,5,0
benchmarks/satlib/uuf100-430/UUF100.430.1000/uuf100-0627.cnf,UNSAT,0.003,6,0
benchmarks/satlib/uuf100-430/UUF100.430.1000/uuf100-0628.cnf,UNSAT,0.003,6,0
benchmarks/satlib/uuf100-430/UUF100.430.1000/uuf100-0629.cnf,UNSAT,0.004,8,0
benchmarks/satlib/uuf100-430/UUF100.430.1000/uuf100-063.cnf,UNSAT,0.002,4,0
benchmarks/satlib/uuf100-430/UUF100.430.1000/uuf100-0630.cnf,UNSAT,0.001,2,0
benchmarks/satlib/uuf100-430/UUF100.430.1000/uuf100-0631.cnf,UNSAT,0.001,4,0
benchmarks/satlib/uuf100-430/UUF100.430.1000/uuf100-0632.cnf,UNSAT,0.002,6,0
benchmarks/satlib/uuf100-430/UUF100.430.1000/uuf100-0633.cnf,UNSAT,0.002,5,0
benchmarks/satlib/uuf100-430/UUF100.430.1000/uuf100-0634.cnf,UNSAT,0.001,2,0
benchmarks/satlib/uuf100-430/UUF100.430.1000/uuf100-0635.cnf,UNSAT,0.003,6,0
benchmarks/satlib/uuf100-430/UUF100.430.1000/uuf100-0636.cnf,UNSAT,0.001,4,0
benchmarks/satlib/uuf100-430/UUF100.430.1000/uuf100-0637.cnf,UNSAT,0.001,3,0
benchmarks/satlib/uuf100-430/UUF100.430.1000/uuf100-0638.cnf,UNSAT,0.002,4,0
benchmarks/satlib/uuf100-430/UUF100.430.1000/uuf100-0639.cnf,UNSAT,0.004,6,0
benchmarks/satlib/uuf100-430/UUF100.430.1000/uuf100-064.cnf,UNSAT,0.001,3,0
benchmarks/satlib/uuf100-430/UUF100.430.1000/uuf100-0640.cnf,UNSAT,0.002,5,0
benchmarks/satlib/uuf100-430/UUF100.430.1000/uuf100-0641.cnf,UNSAT,0.002,5,0
benchmarks/satlib/uuf100-430/UUF100.430.1000/uuf100-0642.cnf,UNSAT,0.001,4,0
benchmarks/satlib/uuf100-430/UUF100.430.1000/uuf100-0643.cnf,UNSAT,0.005,9,0
benchmarks/satlib/uuf100-430/UUF100.430.1000/uuf100-0644.cnf,UNSAT,0.004,6,0
benchmarks/satlib/uuf100-430/UUF100.430.1000/uuf100-0645.cnf,UNSAT,0.001,4,0
benchmarks/satlib/uuf100-430/UUF100.430.1000/uuf100-0646.cnf,UNSAT,0.002,5,0
benchmarks/satlib/uuf100-430/UUF100.430.1000/uuf100-0647.cnf,UNSAT,0.002,4,0
benchmarks/satlib/uuf100-430/UUF100.430.1000/uuf100-0648.cnf,UNSAT,0.003,5,0
benchmarks/satlib/uuf100-430/UUF100.430.1000/uuf100-0649.cnf,UNSAT,0.003,6,0
benchmarks/satlib/uuf100-430/UUF100.430.1000/uuf100-065.cnf,UNSAT,0.002,4,0
benchmarks/satlib/uuf100-430/UUF100.430.1000/uuf100-0650.cnf,UNSAT,0.003,6,0
benchmarks/satlib/uuf100-430/UUF100.430.1000/uuf100-0651.cnf,UNSAT,0.004,6,0
benchmarks/satlib/uuf100-430/UUF100.430.1000/uuf100-0652.cnf,UNSAT,0.002,5,0
benchmarks/satlib/uuf100-430/UUF100.430.1000/uuf100-0653.cnf,UNSAT,0.002,4,0
benchmarks/satlib/uuf100-430/UUF100.430.1000/uuf100-0654.cnf,UNSAT,0.002,5,0
benchmarks/satlib/uuf100-430/UUF100.430.1000/uuf100-0655.cnf,UNSAT,0.002,6,0
benchmarks/satlib/uuf100-430/UUF100.430.1000/uuf100-0656.cnf,UNSAT,0.002,5,0
benchmarks/satlib/uuf100-430/UUF100.430.1000/uuf100-0657.cnf,UNSAT,0.002,5,0
benchmarks/satlib/uuf100-430/UUF100.430.1000/uuf100-0658.cnf,UNSAT,0.001,2,0
benchmarks/satlib/uuf100-430/UUF100.430.1000/uuf100-0659.cnf,UNSAT,0.003,6,0
benchmarks/satlib/uuf100-430/UUF100.430.1000/uuf100-066.cnf,UNSAT,0.003,6,0
benchmarks/satlib/uuf100-430/UUF100.430.1000/uuf100-0660.cnf,UNSAT,0.001,2,0
benchmarks/satlib/uuf100-430/UUF100.430.1000/uuf100-0661.cnf,UNSAT,0.005,9,0
benchmarks/satlib/uuf100-430/UUF100.430.1000/uuf100-0662.cnf,UNSAT,0.001,2,0
benchmarks/satlib/uuf100-430/UUF100.430.1000/uuf100-0663.cnf,UNSAT,0.002,5,0
benchmarks/satlib/uuf100-430/UUF100.430.1000/uuf100-0664.cnf,UNSAT,0.003,6,0
benchmarks/satlib/uuf100-430/UUF100.430.1000/uuf100-0665.cnf,UNSAT,0.003,6,0
benchmarks/satlib/uuf100-430/UUF100.430.1000/uuf100-0666.cnf,UNSAT,0.001,2,0
benchmarks/satlib/uuf100-430/UUF100.430.1000/uuf100-0667.cnf,UNSAT,0.003,6,0
benchmarks/satlib/uuf100-430/UUF100.430.1000/uuf100-0668.cnf,UNSAT,0.001,3,0
benchmarks/satlib/uuf100-430/UUF100.430.1000/uuf100-0669.cnf,UNSAT,0.001,4,0
benchmarks/satlib/uuf100-430/UUF100.430.1000/uuf100-067.cnf,UNSAT,0.002,5,0
benchmarks/satlib/uuf100-430/UUF100.430.1000/uuf100-0670.cnf,UNSAT,0.002,5,0
benchmarks/satlib/uuf100-430/UUF100.430.1000/uuf100-0671.cnf,UNSAT,0.002,5,0
benchmarks/satlib/uuf100-430/UUF100.430.1000/uuf100-0672.cnf,UNSAT,0.002,5,0
benchmarks/satlib/uuf100-430/UUF100.430.1000/uuf100-0673.cnf,UNSAT,0.002,4,0
benchmarks/satlib/uuf100-430/UUF100.430.1000/uuf100-0674.cnf,UNSAT,0.001,3,0
benchmarks/satlib/uuf100-430/UUF100.430.1000/uuf100-0675.cnf,UNSAT,0.001,3,0
benchmarks/satlib/uuf100-430/UUF100.430.1000/uuf100-0676.cnf,UNSAT,0.001,4,0
benchmarks/satlib/uuf100-430/UUF100.430.1000/uuf100-0677.cnf,UNSAT,0.002,5,0
benchmarks/satlib/uuf100-430/UUF100.430.1000/uuf100-0678.cnf,UNSAT,0.002,5,0
benchmarks/satlib/uuf100-430/UUF100.430.1000/uuf100-0679.cnf,UNSAT,0.002,5,0
benchmarks/satlib/uuf100-430/UUF100.430.1000/uuf100-068.cnf,UNSAT,0.002,4,0
benchmarks/satlib/uuf100-430/UUF100.430.1000/uuf100-0680.cnf,UNSAT,0.002,5,0
benchmarks/satlib/uuf100-430/UUF100.430.1000/uuf100-0681.cnf,UNSAT,0.002,5,0
benchmarks/satlib/uuf100-430/UUF100.430.1000/uuf100-0682.cnf,UNSAT,0.002,5,0
benchmarks/satlib/uuf100-430/UUF100.430.1000/uuf100-0683.cnf,UNSAT,0.003,6,0
benchmarks/satlib/uuf100-430/UUF100.430.1000/uuf100-0684.cnf,UNSAT,0.002,5,0
benchmarks/satlib/uuf100-430/UUF100.430.1000/uuf100-0685.cnf,UNSAT,0.003,6,0
benchmarks/satlib/uuf100-430/UUF100.430.1000/uuf100-0686.cnf,UNSAT,0.002,5,0
benchmarks/satlib/uuf100-430/UUF100.430.1000/uuf100-0687.cnf,UNSAT,0.003,6,0
benchmarks/satlib/uuf100-430/UUF100.430.1000/uuf100-0688.cnf,UNSAT,0.002,5,0
benchmarks/satlib/uuf100-430/UUF100.430.1000/uuf100-0689.cnf,UNSAT,0.003,6,0
benchmarks/satlib/uuf100-430/UUF100.430.1000/uuf100-069.cnf,UNSAT,0.002,5,0
benchmarks/satlib/uuf100-430/UUF100.430.1000/uuf100-0690.cnf,UNSAT,0.002,5,0
benchmarks/satlib/uuf100-430/UUF100.430.1000/uuf100-0691.cnf,UNSAT,0.001,4,0
benchmarks/satlib/uuf100-430/UUF100.430.1000/uuf100-0692.cnf,UNSAT,0.002,4,0
benchmarks/satlib/uuf100-430/UUF100.430.1000/uuf100-0693.cnf,UNSAT,0.003,6,0
benchmarks/satlib/uuf100-430/UUF100.430.1000/uuf100-0694.cnf,UNSAT,0.001,3,0
benchmarks/satlib/uuf100-430/UUF100.430.1000/uuf100-0695.cnf,UNSAT,0.001,2,0
benchmarks/satlib/uuf100-430/UUF100.430.1000/uuf100-0696.cnf,UNSAT,0.001,2,0
benchmarks/satlib/uuf100-430/UUF100.430.1000/uuf100-0697.cnf,UNSAT,0.001,3,0
benchmarks/satlib/uuf100-430/UUF100.430.1000/uuf100-0698.cnf,UNSAT,0.001,3,0
benchmarks/satlib/uuf100-430/UUF100.430.1000/uuf100-0699.cnf,UNSAT,0.002,4,0
benchmarks/satlib/uuf100-430/UUF100.430.1000/uuf100-07.cnf,UNSAT,0.002,5,0
benchmarks/satlib/uuf100-430/UUF100.430.1000/uuf100-070.cnf,UNSAT,0.002,5,0
benchmarks/satlib/uuf100-430/UUF100.430.1000/uuf100-0700.cnf,UNSAT,0.002,5,0
benchmarks/satlib/uuf100-430/UUF100.430.1000/uuf100-0701.cnf,UNSAT,0.002,5,0
benchmarks/satlib/uuf100-430/UUF100.430.1000/uuf100-0702.cnf,UNSAT,0.003,6,0
benchmarks/satlib/uuf100-430/UUF100.430.1000/uuf100-0703.cnf,UNSAT,0.001,4,0
benchmarks/satlib/uuf100-430/UUF100.430.1000/uuf100-0704.cnf,UNSAT,0.002,5,0
benchmarks/satlib/uuf100-430/UUF100.430.1000/uuf100-0705.cnf,UNSAT,0.002,4,0
benchmarks/satlib/uuf100-430/UUF100.430.1000/uuf100-0706.cnf,UNSAT,0.004,6,0
benchmarks/satlib/uuf100-430/UUF100.430.1000/uuf100-0707.cnf,UNSAT,0.002,5,0
benchmarks/satlib/uuf100-430/UUF100.430.1000/uuf100-0708.cnf,UNSAT,0.003,6,0
benchmarks/satlib/uuf100-430/UUF100.430.1000/uuf100-0709.cnf,UNSAT,0.001,4,0
benchmarks/satlib/uuf100-430/UUF100.430.1000/uuf100-071.cnf,UNSAT,0.002,5,0
benchmarks/satlib/uuf100-430/UUF100.430.1000/uuf100-0710.cnf,UNSAT,0.001,3,0
benchmarks/satlib/uuf100-430/UUF100.430.1000/uuf100-0711.cnf,UNSAT,0.002,5,0
benchmarks/satlib/uuf100-430/UUF100.430.1000/uuf100-0712.cnf,UNSAT,0.004,7,0
benchmarks/satlib/uuf100-430/UUF100.430.1000/uuf100-0713.cnf,UNSAT,0.002,5,0
benchmarks/satlib/uuf100-430/UUF100.430.1000/uuf100-0714.cnf,UNSAT,0.002,5,0
benchmarks/satlib/uuf100-430/UUF100.430.1000/uuf100-0715.cnf,UNSAT,0.004,6,0
benchmarks/satlib/uuf100-430/UUF100.430.1000/uuf100-0716.cnf,UNSAT,0.003,6,0
benchmarks/satlib/uuf100-430/UUF100.430.1000/uuf100-0717.cnf,UNSAT,0.002,4,0
benchmarks/satlib/uuf100-430/UUF100.430.1000/uuf100-0718.cnf,UNSAT,0.002,5,0
benchmarks/satlib/uuf100-430/UUF100.430.1000/uuf100-0719.cnf,UNSAT,0.002,4,0
benchmarks/satlib/uuf100-430/UUF100.430.1000/uuf100-072.cnf,UNSAT,0.002,5,0
benchmarks/satlib/uuf100-430/UUF100.430.1000/uuf100-0720.cnf,UNSAT,0.002,4,0
benchmarks/satlib/uuf100-430/UUF100.430.1000/uuf100-0721.cnf,UNSAT,0.001,3,0
benchmarks/satlib/uuf100-430/UUF100.430.1000/uuf100-0722.cnf,UNSAT,0.003,6,0
benchmarks/satlib/uuf100-430/UUF100.430.1000/uuf100-0723.cnf,UNSAT,0.001,3,0
benchmarks/satlib/uuf100-430/UUF100.430.1000/uuf100-0724.cnf,UNSAT,0.001,2,0
benchmarks/satlib/uuf100-430/UUF100.430.1000/uuf100-0725.cnf,UNSAT,0.002,6,0
benchmarks/satlib/uuf100-430/UUF100.430.1000/uuf100-0726.cnf,UNSAT,0.002,5,0
benchmarks/satlib/uuf100-430/UUF100.430.1000/uuf100-0727.cnf,UNSAT,0.002,5,0
benchmarks/satlib/uuf100-430/UUF100.430.1000/uuf100-0728.cnf,UNSAT,0.002,6,0
benchmarks/satlib/uuf100-430/UUF100.430.1000/uuf100-0729.cnf,UNSAT,0.002,6,0
benchmarks/satlib/uuf100-430/UUF100.430.1000/uuf100-073.cnf,UNSAT,0.003,6,0
benchmarks/satlib/uuf100-430/UUF100.430.1000/uuf100-0730.cnf,UNSAT,0.003,6,0
benchmarks/satlib/uuf100-430/UUF100.430.1000/uuf100-0731.cnf,UNSAT,0.001,3,0
benchmarks/satlib/uuf100-430/UUF100.430.1000/uuf100-0732.cnf,UNSAT,0.002,5,0
benchmarks/satlib/uuf100-430/UUF100.430.1000/uuf100-0733.cnf,UNSAT,0.002,5,0
benchmarks/satlib/uuf100-430/UUF100.430.1000/uuf100-0734.cnf,UNSAT,0.003,6,0
benchmarks/satlib/uuf100-430/UUF100.430.1000/uuf100-0735.cnf,UNSAT,0.003,6,0
benchmarks/satlib/uuf100-430/UUF100.430.1000/uuf100-0736.cnf,UNSAT,0.002,5,0
benchmarks/satlib/uuf100-430/UUF100.430.1000/uuf100-0737.cnf,UNSAT,0.001,3,0
benchmarks/satlib/uuf100-430/UUF100.430.1000/uuf100-0738.cnf,UNSAT,0.002,4,0
benchmarks/satlib/uuf100-430/UUF100.430.1000/uuf100-0739.cnf,UNSAT,0.002,4,0
benchmarks/satlib/uuf100-430/UUF100.430.1000/uuf100-074.cnf,UNSAT,0.002,4,0
benchmarks/satlib/uuf100-430/UUF100.430.1000/uuf100-0740.cnf,UNSAT,0.003,6,0
benchmarks/satlib/uuf100-430/UUF100.430.1000/uuf100-0741.cnf,UNSAT,0.002,5,0
benchmarks/satlib/uuf100-430/UUF100.430.1000/uuf100-0742.cnf,UNSAT,0.002,5,0
benchmarks/satlib/uuf100-430/UUF100.430.1000/uuf100-0743.cnf,UNSAT,0.002,5,0
benchmarks/satlib/uuf100-430/UUF100.430.1000/uuf100-0744.cnf,UNSAT,0.002,5,0
benchmarks/satlib/uuf100-430/UUF100.430.1000/uuf100-0745.cnf,UNSAT,0.004,6,0
benchmarks/satlib/uuf100-430/UUF100.430.1000/uuf100-0746.cnf,UNSAT,0.002,5,0
benchmarks/satlib/uuf100-430/UUF100.430.1000/uuf100-0747.cnf,UNSAT,0.002,5,0
benchmarks/satlib/uuf100-430/UUF100.430.1000/uuf100-0748.cnf,UNSAT,0.003,6,0
benchmarks/satlib/uuf100-430/UUF100.430.1000/uuf100-0749.cnf,UNSAT,0.002,3,0
benchmarks/satlib/uuf100-430/UUF100.430.1000/uuf100-075.cnf,UNSAT,0.002,4,0
benchmarks/satlib/uuf100-430/UUF100.430.1000/uuf100-0750.cnf,UNSAT,0.003,6,0
benchmarks/satlib/uuf100-430/UUF100.430.1000/uuf100-0751.cnf,UNSAT,0.002,4,0
benchmarks/satlib/uuf100-430/UUF100.430.1000/uuf100-0752.cnf,UNSAT,0.002,6,0
benchmarks/satlib/uuf100-430/UUF100.430.1000/uuf100-0753.cnf,UNSAT,0.004,6,0
benchmarks/satlib/uuf100-430/UUF100.430.1000/uuf100-0754.cnf,UNSAT,0.002,5,0
benchmarks/satlib/uuf100-430/UUF100.430.1000/uuf100-0755.cnf,UNSAT,0.004,6,0
benchmarks/satlib/uuf100-430/UUF100.430.1000/uuf100-0756.cnf,UNSAT,0.004,6,0
benchmarks/satlib/uuf100-430/UUF100.430.1000/uuf100-0757.cnf,UNSAT,0.003,6,0
benchmarks/satlib/uuf100-430/UUF100.430.1000/uuf100-0758.cnf,UNSAT,0.004,7,0
benchmarks/satlib/uuf100-430/UUF100.430.1000/uuf100-0759.cnf,UNSAT,0.002,4,0
benchmarks/satlib/uuf100-430/UUF100.430.1000/uuf100-076.cnf,UNSAT,0.003,6,0
benchmarks/satlib/uuf100-430/UUF100.430.1000/uuf100-0760.cnf,UNSAT,0.002,5,0
benchmarks/satlib/uuf100-430/UUF100.430.1000/uuf100-0761.cnf,UNSAT,0.002,5,0
benchmarks/satlib/uuf100-430/UUF100.430.1000/uuf100-0762.cnf,UNSAT,0.003,6,0
benchmarks/satlib/uuf100-430/UUF100.430.1000/uuf100-0763.cnf,UNSAT,0.003,6,0
benchmarks/satlib/uuf100-430/UUF100.430.1000/uuf100-0764.cnf,UNSAT,0.002,5,0
benchmarks/satlib/uuf100-430/UUF100.430.1000/uuf100-0765.cnf,UNSAT,0.001,2,0
benchmarks/satlib/uuf100-430/UUF100.430.1000/uuf100-0766.cnf,UNSAT,0.004,7,0
benchmarks/satlib/uuf100-430/UUF100.430.1000/uuf100-0767.cnf,UNSAT,0.001,3,0
benchmarks/satlib/uuf100-430/UUF100.430.1000/uuf100-0768.cnf,UNSAT,0.001,3,0
benchmarks/satlib/uuf100-430/UUF100.430.1000/uuf100-0769.cnf,UNSAT,0.002,5,0
benchmarks/satlib/uuf100-430/UUF100.430.1000/uuf100-077.cnf,UNSAT,0.003,6,0
benchmarks/satlib/uuf100-430/UUF100.430.1000/uuf100-0770.cnf,UNSAT,0.002,4,0
benchmarks/satlib/uuf100-430/UUF100.430.1000/uuf100-0771.cnf,UNSAT,0.003,6,0
benchmarks/satlib/uuf100-430/UUF100.430.1000/uuf100-0772.cnf,UNSAT,0.002,4,0
benchmarks/satlib/uuf100-430/UUF100.430.1000/uuf100-0773.cnf,UNSAT,0.002,5,0
benchmarks/satlib/uuf100-430/UUF100.430.1000/uuf100-0774.cnf,UNSAT,0.002,5,0
benchmarks/satlib/uuf100-430/UUF100.430.1000/uuf100-0775.cnf,UNSAT,0.001,2,0
benchmarks/satlib/uuf100-430/UUF100.430.1000/uuf100-0776.cnf,UNSAT,0.002,4,0
benchmarks/satlib/uuf100-430/UUF100.430.1000/uuf100-0777.cnf,UNSAT,0.001,3,0
benchmarks/satlib/uuf100-430/UUF100.430.1000/uuf100-0778.cnf,UNSAT,0.002,5,0
benchmarks/satlib/uuf100-430/UUF100.430.1000/uuf100-0779.cnf,UNSAT,0.001,3,0
benchmarks/satlib/uuf100-430/UUF100.430.1000/uuf100-078.cnf,UNSAT,0.003,6,0
benchmarks/satlib/uuf100-430/UUF100.430.1000/uuf100-0780.cnf,UNSAT,0.002,5,0
benchmarks/satlib/uuf100-430/UUF100.430.1000/uuf100-0781.cnf,UNSAT,0.002,4,0
benchmarks/satlib/uuf100-430/UUF100.430.1000/uuf100-0782.cnf,UNSAT,0.002,5,0
benchmarks/satlib/uuf100-430/UUF100.430.1000/uuf100-0783.cnf,UNSAT,0.002,5,0
benchmarks/satlib/uuf100-430/UUF100.430.1000/uuf100-0784.cnf,UNSAT,0.002,5,0
benchmarks/satlib/uuf100-430/UUF100.430.1000/uuf100-0785.cnf,UNSAT,0.002,5,0
benchmarks/satlib/uuf100-430/UUF100.430.1000/uuf100-0786.cnf,UNSAT,0.002,6,0
benchmarks/satlib/uuf100-430/UUF100.430.1000/uuf100-0787.cnf,UNSAT,0.001,4,0
benchmarks/satlib/uuf100-430/UUF100.430.1000/uuf100-0788.cnf,UNSAT,0.003,6,0
benchmarks/satlib/uuf100-430/UUF100.430.1000/uuf100-0789.cnf,UNSAT,0.002,4,0
benchmarks/satlib/uuf100-430/UUF100.430.1000/uuf100-079.cnf,UNSAT,0.003,6,0
benchmarks/satlib/uuf100-430/UUF100.430.1000/uuf100-0790.cnf,UNSAT,0.003,6,0
benchmarks/satlib/uuf100-430/UUF100.430.1000/uuf100-0791.cnf,UNSAT,0.002,6,0
benchmarks/satlib/uuf100-430/UUF100.430.1000/uuf100-0792.cnf,UNSAT,0.001,3,0
benchmarks/satlib/uuf100-430/UUF100.430.1000/uuf100-0793.cnf,UNSAT,0.001,3,0
benchmarks/satlib/uuf100-430/UUF100.430.1000/uuf100-0794.cnf,UNSAT,0.002,4,0
benchmarks/satlib/uuf100-430/UUF100.430.1000/uuf100-0795.cnf,UNSAT,0.003,6,0
benchmarks/satlib/uuf100-430/UUF100.430.1000/uuf100-0796.cnf,UNSAT,0.004,6,0
benchmarks/satlib/uuf100-430/UUF100.430.1000/uuf100-0797.cnf,UNSAT,0.003,6,0
benchmarks/satlib/uuf100-430/UUF100.430.1000/uuf100-0798.cnf,UNSAT,0.003,6,0
benchmarks/satlib/uuf100-430/UUF100.430.1000/uuf100-0799.cnf,UNSAT,0.004,7,0
benchmarks/satlib/uuf100-430/UUF100.430.1000/uuf100-08.cnf,UNSAT,0.002,5,0
benchmarks/satlib/uuf100-430/UUF100.430.1000/uuf100-080.cnf,UNSAT,0.003,6,0
benchmarks/satlib/uuf100-430/UUF100.430.1000/uuf100-0800.cnf,UNSAT,0.003,6,0
benchmarks/satlib/uuf100-430/UUF100.430.1000/uuf100-0801.cnf,UNSAT,0.002,5,0
benchmarks/satlib/uuf100-430/UUF100.430.1000/uuf100-0802.cnf,UNSAT,0.002,5,0
benchmarks/satlib/uuf100-430/UUF100.430.1000/uuf100-0803.cnf,UNSAT,0.001,3,0
benchmarks/satlib/uuf100-430/UUF100.430.1000/uuf100-0804.cnf,UNSAT,0.002,4,0
benchmarks/satlib/uuf100-430/UUF100.430.1000/uuf100-0805.cnf,UNSAT,0.002,5,0
benchmarks/satlib/uuf100-430/UUF100.430.1000/uuf100-0806.cnf,UNSAT,0.001,2,0
benchmarks/satlib/uuf100-430/UUF100.430.1000/uuf100-0807.cnf,UNSAT,0.003,6,0
benchmarks/satlib/uuf100-430/UUF100.430.1000/uuf100-0808.cnf,UNSAT,0.003,6,0
benchmarks/satlib/uuf100-430/UUF100.430.1000/uuf100-0809.cnf,UNSAT,0.002,4,0
benchmarks/satlib/uuf100-430/UUF100.430.1000/uuf100-081.cnf,UNSAT,0.002,5,0
benchmarks/satlib/uuf100-430/UUF100.430.1000/uuf100-0810.cnf,UNSAT,0.003,4,0
benchmarks/satlib/uuf100-430/UUF100.430.1000/uuf100-0811.cnf,UNSAT,0.003,5,0
benchmarks/satlib/uuf100-430/UUF100.430.1000/uuf100-0812.cnf,UNSAT,0.001,4,0
benchmarks/satlib/uuf100-430/UUF100.430.1000/uuf100-0813.cnf,UNSAT,0.002,5,0
benchmarks/satlib/uuf100-430/UUF100.430.1000/uuf100-0814.cnf,UNSAT,0.001,4,0
benchmarks/satlib/uuf100-430/UUF100.430.1000/uuf100-0815.cnf,UNSAT,0.002,5,0
benchmarks/satlib/uuf100-430/UUF100.430.1000/uuf100-0816.cnf,UNSAT,0.003,6,0
benchmarks/satlib/uuf100-430/UUF100.430.1000/uuf100-0817.cnf,UNSAT,0.002,5,0
benchmarks/satlib/uuf100-430/UUF100.430.1000/uuf100-0818.cnf,UNSAT,0.001,2,0
benchmarks/satlib/uuf100-430/UUF100.430.1000/uuf100-0819.cnf,UNSAT,0.002,5,0
benchmarks/satlib/uuf100-430/UUF100.430.1000/uuf100-082.cnf,UNSAT,0.002,5,0
benchmarks/satlib/uuf100-430/UUF100.430.1000/uuf100-0820.cnf,UNSAT,0.002,5,0
benchmarks/satlib/uuf100-430/UUF100.430.1000/uuf100-0821.cnf,UNSAT,0.002,5,0
benchmarks/satlib/uuf100-430/UUF100.430.1000/uuf100-0822.cnf,UNSAT,0.003,6,0
benchmarks/satlib/uuf100-430/UUF100.430.1000/uuf100-0823.cnf,UNSAT,0.002,5,0
benchmarks/satlib/uuf100-430/UUF100.430.1000/uuf100-0824.cnf,UNSAT,0.002,5,0
benchmarks/satlib/uuf100-430/UUF100.430.1000/uuf100-0825.cnf,UNSAT,0.002,6,0
benchmarks/satlib/uuf100-430/UUF100.430.1000/uuf100-0826.cnf,UNSAT,0.002,4,0
benchmarks/satlib/uuf100-430/UUF100.430.1000/uuf100-0827.cnf,UNSAT,0.001,4,0
benchmarks/satlib/uuf100-430/UUF100.430.1000/uuf100-0828.cnf,UNSAT,0.001,3,0
benchmarks/satlib/uuf100-430/UUF100.430.1000/uuf100-0829.cnf,UNSAT,0.001,4,0
benchmarks/satlib/uuf100-430/UUF100.430.1000/uuf100-083.cnf,UNSAT,0.002,5,0
benchmarks/satlib/uuf100-430/UUF100.430.1000/uuf100-0830.cnf,UNSAT,0.002,5,0
benchmarks/satlib/uuf100-430/UUF100.430.1000/uuf100-0831.cnf,UNSAT,0.002,5,0
benchmarks/satlib/uuf100-430/UUF100.430.1000/uuf100-0832.cnf,UNSAT,0.002,5,0
benchmarks/satlib/uuf100-430/UUF100.430.1000/uuf100-0833.cnf,UNSAT,0.002,5,0
benchmarks/satlib/uuf100-430/UUF100.430.1000/uuf100-0834.cnf,UNSAT,0.002,5,0
benchmarks/satlib/uuf100-430/UUF100.430.1000/uuf100-0835.cnf,UNSAT,0.003,6,0
benchmarks/satlib/uuf100-430/UUF100.430.1000/uuf100-0836.cnf,UNSAT,0.002,5,0
benchmarks/satlib/uuf100-430/UUF100.430.1000/uuf100-0837.cnf,UNSAT,0.002,5,0
benchmarks/satlib/uuf100-430/UUF100.430.1000/uuf100-0838.cnf,UNSAT,0.002,5,0
benchmarks/satlib/uuf100-430/UUF100.430.1000/uuf100-0839.cnf,UNSAT,0.003,6,0
benchmarks/satlib/uuf100-430/UUF100.430.1000/uuf100-084.cnf,UNSAT,0.003,6,0
benchmarks/satlib/uuf100-430/UUF100.430.1000/uuf100-0840.cnf,UNSAT,0.002,6,0
benchmarks/satlib/uuf100-430/UUF100.430.1000/uuf100-0841.cnf,UNSAT,0.004,6,0
benchmarks/satlib/uuf100-430/UUF100.430.1000/uuf100-0842.cnf,UNSAT,0.002,4,0
benchmarks/satlib/uuf100-430/UUF100.430.1000/uuf100-0843.cnf,UNSAT,0.002,5,0
benchmarks/satlib/uuf100-430/UUF100.430.1000/uuf100-0844.cnf,UNSAT,0.002,5,0
benchmarks/satlib/uuf100-430/UUF100.430.1000/uuf100-0845.cnf,UNSAT,0.002,5,0
benchmarks/satlib/uuf100-430/UUF100.430.1000/uuf100-0846.cnf,UNSAT,0.003,6,0
benchmarks/satlib/uuf100-430/UUF100.430.1000/uuf100-0847.cnf,UNSAT,0.002,5,0
benchmarks/satlib/uuf100-430/UUF100.430.1000/uuf100-0848.cnf,UNSAT,0.003,5,0
benchmarks/satlib/uuf100-430/UUF100.430.1000/uuf100-0849.cnf,UNSAT,0.003,6,0
benchmarks/satlib/uuf100-430/UUF100.430.1000/uuf100-085.cnf,UNSAT,0.002,5,0
benchmarks/satlib/uuf100-430/UUF100.430.1000/uuf100-0850.cnf,UNSAT,0.003,6,0
benchmarks/satlib/uuf100-430/UUF100.430.1000/uuf100-0851.cnf,UNSAT,0.002,6,0
benchmarks/satlib/uuf100-430/UUF100.430.1000/uuf100-0852.cnf,UNSAT,0.002,5,0
benchmarks/satlib/uuf100-430/UUF100.430.1000/uuf100-0853.cnf,UNSAT,0.003,6,0
benchmarks/satlib/uuf100-430/UUF100.430.1000/uuf100-0854.cnf,UNSAT,0.001,3,0
benchmarks/satlib/uuf100-430/UUF100.430.1000/uuf100-0855.cnf,UNSAT,0.002,5,0
benchmarks/satlib/uuf100-430/UUF100.430.1000/uuf100-0856.cnf,UNSAT,0.002,5,0
benchmarks/satlib/uuf100-430/UUF100.430.1000/uuf100-0857.cnf,UNSAT,0.002,5,0
benchmarks/satlib/uuf100-430/UUF100.430.1000/uuf100-0858.cnf,UNSAT,0.001,2,0
benchmarks/satlib/uuf100-430/UUF100.430.1000/uuf100-0859.cnf,UNSAT,0.002,5,0
benchmarks/satlib/uuf100-430/UUF100.430.1000/uuf100-086.cnf,UNSAT,0.003,6,0
benchmarks/satlib/uuf100-430/UUF100.430.1000/uuf100-0860.cnf,UNSAT,0.002,5,0
benchmarks/satlib/uuf100-430/UUF100.430.1000/uuf100-0861.cnf,UNSAT,0.004,6,0
benchmarks/satlib/uuf100-430/UUF100.430.1000/uuf100-0862.cnf,UNSAT,0.003,6,0
benchmarks/satlib/uuf100-430/UUF100.430.1000/uuf100-0863.cnf,UNSAT,0.002,5,0
benchmarks/satlib/uuf100-430/UUF100.430.1000/uuf100-0864.cnf,UNSAT,0.002,5,0
benchmarks/satlib/uuf100-430/UUF100.430.1000/uuf100-0865.cnf,UNSAT,0.002,5,0
benchmarks/satlib/uuf100-430/UUF100.430.1000/uuf100-0866.cnf,UNSAT,0.002,5,0
benchmarks/satlib/uuf100-430/UUF100.430.1000/uuf100-0867.cnf,UNSAT,0.003,6,0
benchmarks/satlib/uuf100-430/UUF100.430.1000/uuf100-0868.cnf,UNSAT,0.004,6,0
benchmarks/satlib/uuf100-430/UUF100.430.1000/uuf100-0869.cnf,UNSAT,0.002,4,0
benchmarks/satlib/uuf100-430/UUF100.430.1000/uuf100-087.cnf,UNSAT,0.002,4,0
benchmarks/satlib/uuf100-430/UUF100.430.1000/uuf100-0870.cnf,UNSAT,0.004,6,0
benchmarks/satlib/uuf100-430/UUF100.430.1000/uuf100-0871.cnf,UNSAT,0.002,4,0
benchmarks/satlib/uuf100-430/UUF100.430.1000/uuf100-0872.cnf,UNSAT,0.002,5,0
benchmarks/satlib/uuf100-430/UUF100.430.1000/uuf100-0873.cnf,UNSAT,0.002,5,0
benchmarks/satlib/uuf100-430/UUF100.430.1000/uuf100-0874.cnf,UNSAT,0.002,5,0
benchmarks/satlib/uuf100-430/UUF100.430.1000/uuf100-0875.cnf,UNSAT,0.004,6,0
benchmarks/satlib/uuf100-430/UUF100.430.1000/uuf100-0876.cnf,UNSAT,0.003,6,0
benchmarks/satlib/uuf100-430/UUF100.430.1000/uuf100-0877.cnf,UNSAT,0.002,4,0
benchmarks/satlib/uuf100-430/UUF100.430.1000/uuf100-0878.cnf,UNSAT,0.003,6,0
benchmarks/satlib/uuf100-430/UUF100.430.1000/uuf100-0879.cnf,UNSAT,0.003,6,0
benchmarks/satlib/uuf100-430/UUF100.430.1000/uuf100-088.cnf,UNSAT,0.002,5,0
benchmarks/satlib/uuf100-430/UUF100.430.1000/uuf100-0880.cnf,UNSAT,0.003,6,0
benchmarks/satlib/uuf100-430/UUF100.430.1000/uuf100-0881.cnf,UNSAT,0.003,6,0
benchmarks/satlib/uuf100-430/UUF100.430.1000/uuf100-0882.cnf,UNSAT,0.002,5,0
benchmarks/satlib/uuf100-430/UUF100.430.1000/uuf100-0883.cnf,UNSAT,0.002,5,0
benchmarks/satlib/uuf100-430/UUF100.430.1000/uuf100-0884.cnf,UNSAT,0.002,5,0
benchmarks/satlib/uuf100-430/UUF100.430.1000/uuf100-0885.cnf,UNSAT,0.001,3,0
benchmarks/satlib/uuf100-430/UUF100.430.1000/uuf100-0886.cnf,UNSAT,0.002,5,0
benchmarks/satlib/uuf100-430/UUF100.430.1000/uuf100-0887.cnf,UNSAT,0.001,3,0
benchmarks/satlib/uuf100-430/UUF100.430.1000/uuf100-0888.cnf,UNSAT,0.002,5,0
benchmarks/satlib/uuf100-430/UUF100.430.1000/uuf100-0889.cnf,UNSAT,0.002,4,0
benchmarks/satlib/uuf100-430/UUF100.430.1000/uuf100-089.cnf,UNSAT,0.001,4,0
benchmarks/satlib/uuf100-430/UUF100.430.1000/uuf100-0890.cnf,UNSAT,0.002,5,0
benchmarks/satlib/uuf100-430/UUF100.430.1000/uuf100-0891.cnf,UNSAT,0.001,3,0
benchmarks/satlib/uuf100-430/UUF100.430.1000/uuf100-0892.cnf,UNSAT,0.002,5,0
benchmarks/satlib/uuf100-430/UUF100.430.1000/uuf100-0893.cnf,UNSAT,0.003,6,0
benchmarks/satlib/uuf100-430/UUF100.430.1000/uuf100-0894.cnf,UNSAT,0.001,4,0
benchmarks/satlib/uuf100-430/UUF100.430.1000/uuf100-0895.cnf,UNSAT,0.002,4,0
benchmarks/satlib/uuf100-430/UUF100.430.1000/uuf100-0896.cnf,UNSAT,0.002,5,0
benchmarks/satlib/uuf100-430/UUF100.430.1000/uuf100-0897.cnf,UNSAT,0.002,6,0
benchmarks/satlib/uuf100-430/UUF100.430.1000/uuf100-0898.cnf,UNSAT,0.003,6,0
benchmarks/satlib/uuf100-430/UUF100.430.1000/uuf100-0899.cnf,UNSAT,0.002,4,0
benchmarks/satlib/uuf100-430/UUF100.430.1000/uuf100-09.cnf,UNSAT,0.002,5,0
benchmarks/satlib/uuf100-430/UUF100.430.1000/uuf100-090.cnf,UNSAT,0.001,3,0
benchmarks/satlib/uuf100-430/UUF100.430.1000/uuf100-0900.cnf,UNSAT,0.004,7,0
benchmarks/satlib/uuf100-430/UUF100.430.1000/uuf100-0901.cnf,UNSAT,0.002,5,0
benchmarks/satlib/uuf100-430/UUF100.430.1000/uuf100-0902.cnf,UNSAT,0.002,6,0
benchmarks/satlib/uuf100-430/UUF100.430.1000/uuf100-0903.cnf,UNSAT,0.002,5,0
benchmarks/satlib/uuf100-430/UUF100.430.1000/uuf100-0904.cnf,UNSAT,0.002,5,0
benchmarks/satlib/uuf100-430/UUF100.430.1000/uuf100-0905.cnf,UNSAT,0.001,3,0
benchmarks/satlib/uuf100-430/UUF100.430.1000/uuf100-0906.cnf,UNSAT,0.004,7,0
benchmarks/satlib/uuf100-430/UUF100.430.1000/uuf100-0907.cnf,UNSAT,0.002,5,0
benchmarks/satlib/uuf100-430/UUF100.430.1000/uuf100-0908.cnf,UNSAT,0.001,4,0
benchmarks/satlib/uuf100-430/UUF100.430.1000/uuf100-0909.cnf,UNSAT,0.002,5,0
benchmarks/satlib/uuf100-430/UUF100.430.1000/uuf100-091.cnf,UNSAT,0.005,6,0
benchmarks/satlib/uuf100-430/UUF100.430.1000/uuf100-0910.cnf,UNSAT,0.003,5,0
benchmarks/satlib/uuf100-430/UUF100.430.1000/uuf100-0911.cnf,UNSAT,0.002,5,0
benchmarks/satlib/uuf100-430/UUF100.430.1000/uuf100-0912.cnf,UNSAT,0.002,5,0
benchmarks/satlib/uuf100-430/UUF100.430.1000/uuf100-0913.cnf,UNSAT,0.001,2,0
benchmarks/satlib/uuf100-430/UUF100.430.1000/uuf100-0914.cnf,UNSAT,0.002,4,0
benchmarks/satlib/uuf100-430/UUF100.430.1000/uuf100-0915.cnf,UNSAT,0.001,3,0
benchmarks/satlib/uuf100-430/UUF100.430.1000/uuf100-0916.cnf,UNSAT,0.003,6,0
benchmarks/satlib/uuf100-430/UUF100.430.1000/uuf100-0917.cnf,UNSAT,0.002,5,0
benchmarks/satlib/uuf100-430/UUF100.430.1000/uuf100-0918.cnf,UNSAT,0.002,5,0
benchmarks/satlib/uuf100-430/UUF100.430.1000/uuf100-0919.cnf,UNSAT,0.002,6,0
benchmarks/satlib/uuf100-430/UUF100.430.1000/uuf100-092.cnf,UNSAT,0.002,5,0
benchmarks/satlib/uuf100-430/UUF100.430.1000/uuf100-0920.cnf,UNSAT,0.003,6,0
benchmarks/satlib/uuf100-430/UUF100.430.1000/uuf100-0921.cnf,UNSAT,0.002,5,0
benchmarks/satlib/uuf100-430/UUF100.430.1000/uuf100-0922.cnf,UNSAT,0.002,5,0
benchmarks/satlib/uuf100-430/UUF100.430.1000/uuf100-0923.cnf,UNSAT,0.002,6,0
benchmarks/satlib/uuf100-430/UUF100.430.1000/uuf100-0924.cnf,UNSAT,0.002,5,0
benchmarks/satlib/uuf100-430/UUF100.430.1000/uuf100-0925.cnf,UNSAT,0.003,6,0
benchmarks/satlib/uuf100-430/UUF100.430.1000/uuf100-0926.cnf,UNSAT,0.005,8,0
benchmarks/satlib/uuf100-430/UUF100.430.1000/uuf100-0927.cnf,UNSAT,0.004,6,0
benchmarks/satlib/uuf100-430/UUF100.430.1000/uuf100-0928.cnf,UNSAT,0.002,5,0
benchmarks/satlib/uuf100-430/UUF100.430.1000/uuf100-0929.cnf,UNSAT,0.001,3,0
benchmarks/satlib/uuf100-430/UUF100.430.1000/uuf100-093.cnf,UNSAT,0.003,6,0
benchmarks/satlib/uuf100-430/UUF100.430.1000/uuf100-0930.cnf,UNSAT,0.002,5,0
benchmarks/satlib/uuf100-430/UUF100.430.1000/uuf100-0931.cnf,UNSAT,0.002,5,0
benchmarks/satlib/uuf100-430/UUF100.430.1000/uuf100-0932.cnf,UNSAT,0.001,4,0
benchmarks/satlib/uuf100-430/UUF100.430.1000/uuf100-0933.cnf,UNSAT,0.003,6,0
benchmarks/satlib/uuf100-430/UUF100.430.1000/uuf100-0934.cnf,UNSAT,0.002,5,0
benchmarks/satlib/uuf100-430/UUF100.430.1000/uuf100-0935.cnf,UNSAT,0.002,4,0
benchmarks/satlib/uuf100-430/UUF100.430.1000/uuf100-0936.cnf,UNSAT,0.003,6,0
benchmarks/satlib/uuf100-430/UUF100.430.1000/uuf100-0937.cnf,UNSAT,0.003,5,0
benchmarks/satlib/uuf100-430/UUF100.430.1000/uuf100-0938.cnf,UNSAT,0.002,5,0
benchmarks/satlib/uuf100-430/UUF100.430.1000/uuf100-0939.cnf,UNSAT,0.003,6,0
benchmarks/satlib/uuf100-430/UUF100.430.1000/uuf100-094.cnf,UNSAT,0.001,3,0
benchmarks/satlib/uuf100-430/UUF100.430.1000/uuf100-0940.cnf,UNSAT,0.001,4,0
benchmarks/satlib/uuf100-430/UUF100.430.1000/uuf100-0941.cnf,UNSAT,0.002,6,0
benchmarks/satlib/uuf100-430/UUF100.430.1000/uuf100-0942.cnf,UNSAT,0.003,6,0
benchmarks/satlib/uuf100-430/UUF100.430.1000/uuf100-0943.cnf,UNSAT,0.001,3,0
benchmarks/satlib/uuf100-430/UUF100.430.1000/uuf100-0944.cnf,UNSAT,0.002,5,0
benchmarks/satlib/uuf100-430/UUF100.430.1000/uuf100-0945.cnf,UNSAT,0.002,5,0
benchmarks/satlib/uuf100-430/UUF100.430.1000/uuf100-0946.cnf,UNSAT,0.003,6,0
benchmarks/satlib/uuf100-430/UUF100.430.1000/uuf100-0947.cnf,UNSAT,0.002,5,0
benchmarks/satlib/uuf100-430/UUF100.430.1000/uuf100-0948.cnf,UNSAT,0.001,3,0
benchmarks/satlib/uuf100-430/UUF100.430.1000/uuf100-0949.cnf,UNSAT,0.003,6,0
benchmarks/satlib/uuf100-430/UUF100.430.1000/uuf100-095.cnf,UNSAT,0.002,4,0
benchmarks/satlib/uuf100-430/UUF100.430.1000/uuf100-0950.cnf,UNSAT,0.006,9,0
benchmarks/satlib/uuf100-430/UUF100.430.1000/uuf100-0951.cnf,UNSAT,0.002,4,0
benchmarks/satlib/uuf100-430/UUF100.430.1000/uuf100-0952.cnf,UNSAT,0.002,4,0
benchmarks/satlib/uuf100-430/UUF100.430.1000/uuf100-0953.cnf,UNSAT,0.002,5,0
benchmarks/satlib/uuf100-430/UUF100.430.1000/uuf100-0954.cnf,UNSAT,0.002,4,0
benchmarks/satlib/uuf100-430/UUF100.430.1000/uuf100-0955.cnf,UNSAT,0.003,6,0
benchmarks/satlib/uuf100-430/UUF100.430.1000/uuf100-0956.cnf,UNSAT,0.002,5,0
benchmarks/satlib/uuf100-430/UUF100.430.1000/uuf100-0957.cnf,UNSAT,0.002,4,0
benchmarks/satlib/uuf100-430/UUF100.430.1000/uuf100-0958.cnf,UNSAT,0.002,5,0
benchmarks/satlib/uuf100-430/UUF100.430.1000/uuf100-0959.cnf,UNSAT,0.003,6,0
benchmarks/satlib/uuf100-430/UUF100.430.1000/uuf100-096.cnf,UNSAT,0.003,6,0
benchmarks/satlib/uuf100-430/UUF100.430.1000/uuf100-0960.cnf,UNSAT,0.002,5,0
benchmarks/satlib/uuf100-430/UUF100.430.1000/uuf100-0961.cnf,UNSAT,0.002,5,0
benchmarks/satlib/uuf100-430/UUF100.430.1000/uuf100-0962.cnf,UNSAT,0.001,3,0
benchmarks/satlib/uuf100-430/UUF100.430.1000/uuf100-0963.cnf,UNSAT,0.002,5,0
benchmarks/satlib/uuf100-430/UUF100.430.1000/uuf100-0964.cnf,UNSAT,0.002,5,0
benchmarks/satlib/uuf100-430/UUF100.430.1000/uuf100-0965.cnf,UNSAT,0.002,5,0
benchmarks/satlib/uuf100-430/UUF100.430.1000/uuf100-0966.cnf,UNSAT,0.002,6,0
benchmarks/satlib/uuf100-430/UUF100.430.1000/uuf100-0967.cnf,UNSAT,0.006,10,0
benchmarks/satlib/uuf100-430/UUF100.430.1000/uuf100-0968.cnf,UNSAT,0.004,6,0
benchmarks/satlib/uuf100-430/UUF100.430.1000/uuf100-0969.cnf,UNSAT,0.002,5,0
benchmarks/satlib/uuf100-430/UUF100.430.1000/uuf100-097.cnf,UNSAT,0.004,6,0
benchmarks/satlib/uuf100-430/UUF100.430.1000/uuf100-0970.cnf,UNSAT,0.001,3,0
benchmarks/satlib/uuf100-430/UUF100.430.1000/uuf100-0971.cnf,UNSAT,0.002,5,0
benchmarks/satlib/uuf100-430/UUF100.430.1000/uuf100-0972.cnf,UNSAT,0.003,6,0
benchmarks/satlib/uuf100-430/UUF100.430.1000/uuf100-0973.cnf,UNSAT,0.001,3,0
benchmarks/satlib/uuf100-430/UUF100.430.1000/uuf100-0974.cnf,UNSAT,0.003,6,0
benchmarks/satlib/uuf100-430/UUF100.430.1000/uuf100-0975.cnf,UNSAT,0.005,7,0
benchmarks/satlib/uuf100-430/UUF100.430.1000/uuf100-0976.cnf,UNSAT,0.002,5,0
benchmarks/satlib/uuf100-430/UUF100.430.1000/uuf100-0977.cnf,UNSAT,0.002,5,0
benchmarks/satlib/uuf100-430/UUF100.430.1000/uuf100-0978.cnf,UNSAT,0.002,5,0
benchmarks/satlib/uuf100-430/UUF100.430.1000/uuf100-0979.cnf,UNSAT,0.002,5,0
benchmarks/satlib/uuf100-430/UUF100.430.1000/uuf100-098.cnf,UNSAT,0.001,3,0
benchmarks/satlib/uuf100-430/UUF100.430.1000/uuf100-0980.cnf,UNSAT,0.003,6,0
benchmarks/satlib/uuf100-430/UUF100.430.1000/uuf100-0981.cnf,UNSAT,0.002,6,0
benchmarks/satlib/uuf100-430/UUF100.430.1000/uuf100-0982.cnf,UNSAT,0.003,6,0
benchmarks/satlib/uuf100-430/UUF100.430.1000/uuf100-0983.cnf,UNSAT,0.002,5,0
benchmarks/satlib/uuf100-430/UUF100.430.1000/uuf100-0984.cnf,UNSAT,0.002,4,0
benchmarks/satlib/uuf100-430/UUF100.430.1000/uuf100-0985.cnf,UNSAT,0.002,5,0
benchmarks/satlib/uuf100-430/UUF100.430.1000/uuf100-0986.cnf,UNSAT,0.002,4,0
benchmarks/satlib/uuf100-430/UUF100.430.1000/uuf100-0987.cnf,UNSAT,0.002,5,0
benchmarks/satlib/uuf100-430/UUF100.430.1000/uuf100-0988.cnf,UNSAT,0.003,5,0
benchmarks/satlib/uuf100-430/UUF100.430.1000/uuf100-0989.cnf,UNSAT,0.002,5,0
benchmarks/satlib/uuf100-430/UUF100.430.1000/uuf100-099.cnf,UNSAT,0.001,3,0
benchmarks/satlib/uuf100-430/UUF100.430.1000/uuf100-0990.cnf,UNSAT,0.002,5,0
benchmarks/satlib/uuf100-430/UUF100.430.1000/uuf100-0991.cnf,UNSAT,0.003,5,0
benchmarks/satlib/uuf100-430/UUF100.430.1000/uuf100-0992.cnf,UNSAT,0.003,6,0
benchmarks/satlib/uuf100-430/UUF100.430.1000/uuf100-0993.cnf,UNSAT,0.003,6,0
benchmarks/satlib/uuf100-430/UUF100.430.1000/uuf100-0994.cnf,UNSAT,0.002,5,0
benchmarks/satlib/uuf100-430/UUF100.430.1000/uuf100-0995.cnf,UNSAT,0.001,4,0
benchmarks/satlib/uuf100-430/UUF100.430.1000/uuf100-0996.cnf,UNSAT,0.002,4,0
benchmarks/satlib/uuf100-430/UUF100.430.1000/uuf100-0997.cnf,UNSAT,0.002,4,0
benchmarks/satlib/uuf100-430/UUF100.430.1000/uuf100-0998.cnf,UNSAT,0.003,6,0
benchmarks/satlib/uuf100-430/UUF100.430.1000/uuf100-0999.cnf,UNSAT,0.001,4,0
benchmarks/satlib/uuf125-538/UUF125.538.100/uuf125-01.cnf,UNSAT,0.004,7,0
benchmarks/satlib/uuf125-538/UUF125.538.100/uuf125-010.cnf,UNSAT,0.009,13,0
benchmarks/satlib/uuf125-538/UUF125.538.100/uuf125-0100.cnf,UNSAT,0.006,10,0
benchmarks/satlib/uuf125-538/UUF125.538.100/uuf125-011.cnf,UNSAT,0.006,9,0
benchmarks/satlib/uuf125-538/UUF125.538.100/uuf125-012.cnf,UNSAT,0.008,12,0
benchmarks/satlib/uuf125-538/UUF125.538.100/uuf125-013.cnf,UNSAT,0.006,10,0
benchmarks/satlib/uuf125-538/UUF125.538.100/uuf125-014.cnf,UNSAT,0.005,8,0
benchmarks/satlib/uuf125-538/UUF125.538.100/uuf125-015.cnf,UNSAT,0.008,12,0
benchmarks/satlib/uuf125-538/UUF125.538.100/uuf125-016.cnf,UNSAT,0.004,6,0
benchmarks/satlib/uuf125-538/UUF125.538.100/uuf125-017.cnf,UNSAT,0.004,6,0
benchmarks/satlib/uuf125-538/UUF125.538.100/uuf125-018.cnf,UNSAT,0.003,6,0
benchmarks/satlib/uuf125-538/UUF125.538.100/uuf125-019.cnf,UNSAT,0.010,13,0
benchmarks/satlib/uuf125-538/UUF125.538.100/uuf125-02.cnf,UNSAT,0.011,14,0
benchmarks/satlib/uuf125-538/UUF125.538.100/uuf125-020.cnf,UNSAT,0.003,6,0
benchmarks/satlib/uuf125-538/UUF125.538.100/uuf125-021.cnf,UNSAT,0.004,7,0
benchmarks/satlib/uuf125-538/UUF125.538.100/uuf125-022.cnf,UNSAT,0.009,13,0
benchmarks/satlib/uuf125-538/UUF125.538.100/uuf125-023.cnf,UNSAT,0.006,9,0
benchmarks/satlib/uuf125-538/UUF125.538.100/uuf125-024.cnf,UNSAT,0.006,9,0
benchmarks/satlib/uuf125-538/UUF125.538.100/uuf125-025.cnf,UNSAT,0.009,12,0
benchmarks/satlib/uuf125-538/UUF125.538.100/uuf125-026.cnf,UNSAT,0.003,6,0
benchmarks/satlib/uuf125-538/UUF125.538.100/uuf125-027.cnf,UNSAT,0.007,12,0
benchmarks/satlib/uuf125-538/UUF125.538.100/uuf125-028.cnf,UNSAT,0.007,10,0
benchmarks/satlib/uuf125-538/UUF125.538.100/uuf125-029.cnf,UNSAT,0.011,14,0
benchmarks/satlib/uuf125-538/UUF125.538.100/uuf125-03.cnf,UNSAT,0.005,9,0
benchmarks/satlib/uuf125-538/UUF125.538.100/uuf125-030.cnf,UNSAT,0.005,8,0
benchmarks/satlib/uuf125-538/UUF125.538.100/uuf125-031.cnf,UNSAT,0.013,14,0
benchmarks/satlib/uuf125-538/UUF125.538.100/uuf125-032.cnf,UNSAT,0.003,6,0
benchmarks/satlib/uuf125-538/UUF125.538.100/uuf125-033.cnf,UNSAT,0.006,9,0
benchmarks/satlib/uuf125-538/UUF125.538.100/uuf125-034.cnf,UNSAT,0.008,13,0
benchmarks/satlib/uuf125-538/UUF125.538.100/uuf125-035.cnf,UNSAT,0.009,13,0
benchmarks/satlib/uuf125-538/UUF125.538.100/uuf125-036.cnf,UNSAT,0.007,12,0
benchmarks/satlib/uuf125-538/UUF125.538.100/uuf125-037.cnf,UNSAT,0.010,13,0
benchmarks/satlib/uuf125-538/UUF125.538.100/uuf125-038.cnf,UNSAT,0.003,6,0
benchmarks/satlib/uuf125-538/UUF125.538.100/uuf125-039.cnf,UNSAT,0.008,12,0
benchmarks/satlib/uuf125-538/UUF125.538.100/uuf125-04.cnf,UNSAT,0.007,11,0
benchmarks/satlib/uuf125-538/UUF125.538.100/uuf125-040.cnf,UNSAT,0.005,9,0
benchmarks/satlib/uuf125-538/UUF125.538.100/uuf125-041.cnf,UNSAT,0.006,10,0
benchmarks/satlib/uuf125-538/UUF125.538.100/uuf125-042.cnf,UNSAT,0.004,6,0
benchmarks/satlib/uuf125-538/UUF125.538.100/uuf125-043.cnf,UNSAT,0.008,12,0
benchmarks/satlib/uuf125-538/UUF125.538.100/uuf125-044.cnf,UNSAT,0.008,12,0
benchmarks/satlib/uuf125-538/UUF125.538.100/uuf125-045.cnf,UNSAT,0.019,19,982
benchmarks/satlib/uuf125-538/UUF125.538.100/uuf125-046.cnf,UNSAT,0.008,12,0
benchmarks/satlib/uuf125-538/UUF125.538.100/uuf125-047.cnf,UNSAT,0.003,6,0
benchmarks/satlib/uuf125-538/UUF125.538.100/uuf125-048.cnf,UNSAT,0.012,14,0
benchmarks/satlib/uuf125-538/UUF125.538.100/uuf125-049.cnf,UNSAT,0.006,9,0
benchmarks/satlib/uuf125-538/UUF125.538.100/uuf125-05.cnf,UNSAT,0.004,7,0
benchmarks/satlib/uuf125-538/UUF125.538.100/uuf125-050.cnf,UNSAT,0.013,14,0
benchmarks/satlib/uuf125-538/UUF125.538.100/uuf125-051.cnf,UNSAT,0.009,13,0
benchmarks/satlib/uuf125-538/UUF125.538.100/uuf125-052.cnf,UNSAT,0.004,6,0
benchmarks/satlib/uuf125-538/UUF125.538.100/uuf125-053.cnf,UNSAT,0.009,13,0
benchmarks/satlib/uuf125-538/UUF125.538.100/uuf125-054.cnf,UNSAT,0.004,6,0
benchmarks/satlib/uuf125-538/UUF125.538.100/uuf125-055.cnf,UNSAT,0.012,14,0
benchmarks/satlib/uuf125-538/UUF125.538.100/uuf125-056.cnf,UNSAT,0.007,11,0
benchmarks/satlib/uuf125-538/UUF125.538.100/uuf125-057.cnf,UNSAT,0.003,6,0
benchmarks/satlib/uuf125-538/UUF125.538.100/uuf125-058.cnf,UNSAT,0.006,10,0
benchmarks/satlib/uuf125-538/UUF125.538.100/uuf125-059.cnf,UNSAT,0.006,9,0
benchmarks/satlib/uuf125-538/UUF125.538.100/uuf125-06.cnf,UNSAT,0.009,13,0
benchmarks/satlib/uuf125-538/UUF125.538.100/uuf125-060.cnf,UNSAT,0.006,9,0
benchmarks/satlib/uuf125-538/UUF125.538.100/uuf125-061.cnf,UNSAT,0.010,14,0
benchmarks/satlib/uuf125-538/UUF125.538.100/uuf125-062.cnf,UNSAT,0.018,19,980
benchmarks/satlib/uuf125-538/UUF125.538.100/uuf125-063.cnf,UNSAT,0.004,6,0
benchmarks/satlib/uuf125-538/UUF125.538.100/uuf125-064.cnf,UNSAT,0.004,6,0
benchmarks/satlib/uuf125-538/UUF125.538.100/uuf125-065.cnf,UNSAT,0.014,14,0
benchmarks/satlib/uuf125-538/UUF125.538.100/uuf125-066.cnf,UNSAT,0.005,7,0
benchmarks/satlib/uuf125-538/UUF125.538.100/uuf125-067.cnf,UNSAT,0.010,13,0
benchmarks/satlib/uuf125-538/UUF125.538.100/uuf125-068.cnf,UNSAT,0.005,9,0
benchmarks/satlib/uuf125-538/UUF125.538.100/uuf125-069.cnf,UNSAT,0.007,11,0
benchmarks/satlib/uuf125-538/UUF125.538.100/uuf125-07.cnf,UNSAT,0.014,14,0
benchmarks/satlib/uuf125-538/UUF125.538.100/uuf125-070.cnf,UNSAT,0.004,6,0
benchmarks/satlib/uuf125-538/UUF125.538.100/uuf125-071.cnf,UNSAT,0.007,10,0
benchmarks/satlib/uuf125-538/UUF125.538.100/uuf125-072.cnf,UNSAT,0.005,7,0
benchmarks/satlib/uuf125-538/UUF125.538.100/uuf125-073.cnf,UNSAT,0.005,7,0
benchmarks/satlib/uuf125-538/UUF125.538.100/uuf125-074.cnf,UNSAT,0.007,11,0
benchmarks/satlib/uuf125-538/UUF125.538.100/uuf125-075.cnf,UNSAT,0.007,10,0
benchmarks/satlib/uuf125-538/UUF125.538.100/uuf125-076.cnf,UNSAT,0.007,11,0
benchmarks/satlib/uuf125-538/UUF125.538.100/uuf125-077.cnf,UNSAT,0.008,13,0
benchmarks/satlib/uuf125-538/UUF125.538.100/uuf125-078.cnf,UNSAT,0.013,14,0
benchmarks/satlib/uuf125-538/UUF125.538.100/uuf125-079.cnf,UNSAT,0.006,10,0
benchmarks/satlib/uuf125-538/UUF125.538.100/uuf125-08.cnf,UNSAT,0.006,9,0
benchmarks/satlib/uuf125-538/UUF125.538.100/uuf125-080.cnf,UNSAT,0.004,6,0
benchmarks/satlib/uuf125-538/UUF125.538.100/uuf125-081.cnf,UNSAT,0.006,9,0
benchmarks/satlib/uuf125-538/UUF125.538.100/uuf125-082.cnf,UNSAT,0.010,13,0
benchmarks/satlib/uuf125-538/UUF125.538.100/uuf125-083.cnf,UNSAT,0.005,9,0
benchmarks/satlib/uuf125-538/UUF125.538.100/uuf125-084.cnf,UNSAT,0.004,6,0
benchmarks/satlib/uuf125-538/UUF125.538.100/uuf125-085.cnf,UNSAT,0.017,17,983
benchmarks/satlib/uuf125-538/UUF125.538.100/uuf125-086.cnf,UNSAT,0.007,10,0
benchmarks/satlib/uuf125-538/UUF125.538.100/uuf125-087.cnf,UNSAT,0.005,9,0
benchmarks/satlib/uuf125-538/UUF125.538.100/uuf125-088.cnf,UNSAT,0.004,6,0
benchmarks/satlib/uuf125-538/UUF125.538.100/uuf125-089.cnf,UNSAT,0.009,13,0
benchmarks/satlib/uuf125-538/UUF125.538.100/uuf125-09.cnf,UNSAT,0.005,7,0
benchmarks/satlib/uuf125-538/UUF125.538.100/uuf125-090.cnf,UNSAT,0.009,13,0
benchmarks/satlib/uuf125-538/UUF125.538.100/uuf125-091.cnf,UNSAT,0.008,12,0
benchmarks/satlib/uuf125-538/UUF125.538.100/uuf125-092.cnf,UNSAT,0.005,8,0
benchmarks/satlib/uuf125-538/UUF125.538.100/uuf125-093.cnf,UNSAT,0.004,7,0
benchmarks/satlib/uuf125-538/UUF125.538.100/uuf125-094.cnf,UNSAT,0.014,14,0
benchmarks/satlib/uuf125-538/UUF125.538.100/uuf125-095.cnf,UNSAT,0.007,11,0
benchmarks/satlib/uuf125-538/UUF125.538.100/uuf125-096.cnf,UNSAT,0.006,10,0
benchmarks/satlib/uuf125-538/UUF125.538.100/uuf125-097.cnf,UNSAT,0.003,6,0
benchmarks/satlib/uuf125-538/UUF125.538.100/uuf125-098.cnf,UNSAT,0.009,13,0
benchmarks/satlib/uuf125-538/UUF125.538.100/uuf125-099.cnf,UNSAT,0.009,13,0
benchmarks/satlib/uuf150-645/UUF150.645.100/uuf150-01.cnf,UNSAT,0.029,28,2117
benchmarks/satlib/uuf150-645/UUF150.645.100/uuf150-010.cnf,UNSAT,0.014,14,0
benchmarks/satlib/uuf150-645/UUF150.645.100/uuf150-0100.cnf,UNSAT,0.038,29,2132
benchmarks/satlib/uuf150-645/UUF150.645.100/uuf150-011.cnf,UNSAT,0.018,18,978
benchmarks/satlib/uuf150-645/UUF150.645.100/uuf150-012.cnf,UNSAT,0.025,24,980
benchmarks/satlib/uuf150-645/UUF150.645.100/uuf150-013.cnf,UNSAT,0.017,17,979
benchmarks/satlib/uuf150-645/UUF150.645.100/uuf150-014.cnf,UNSAT,0.036,29,2118
benchmarks/satlib/uuf150-645/UUF150.645.100/uuf150-015.cnf,UNSAT,0.042,30,2115
benchmarks/satlib/uuf150-645/UUF150.645.100/uuf150-016.cnf,UNSAT,0.012,14,0
benchmarks/satlib/uuf150-645/UUF150.645.100/uuf150-017.cnf,UNSAT,0.036,29,2114
benchmarks/satlib/uuf150-645/UUF150.645.100/uuf150-018.cnf,UNSAT,0.035,29,2107
benchmarks/satlib/uuf150-645/UUF150.645.100/uuf150-019.cnf,UNSAT,0.010,13,0
benchmarks/satlib/uuf150-645/UUF150.645.100/uuf150-02.cnf,UNSAT,0.030,28,2111
benchmarks/satlib/uuf150-645/UUF150.645.100/uuf150-020.cnf,UNSAT,0.028,27,2110
benchmarks/satlib/uuf150-645/UUF150.645.100/uuf150-021.cnf,UNSAT,0.029,28,2105
benchmarks/satlib/uuf150-645/UUF150.645.100/uuf150-022.cnf,UNSAT,0.021,20,981
benchmarks/satlib/uuf150-645/UUF150.645.100/uuf150-023.cnf,UNSAT,0.023,21,984
benchmarks/satlib/uuf150-645/UUF150.645.100/uuf150-024.cnf,UNSAT,0.021,21,972
benchmarks/satlib/uuf150-645/UUF150.645.100/uuf150-025.cnf,UNSAT,0.033,29,2114
benchmarks/satlib/uuf150-645/UUF150.645.100/uuf150-026.cnf,UNSAT,0.019,19,988
benchmarks/satlib/uuf150-645/UUF150.645.100/uuf150-027.cnf,UNSAT,0.017,17,980
benchmarks/satlib/uuf150-645/UUF150.645.100/uuf150-028.cnf,UNSAT,0.039,30,2114
benchmarks/satlib/uuf150-645/UUF150.645.100/uuf150-029.cnf,UNSAT,0.014,14,0
benchmarks/satlib/uuf150-645/UUF150.645.100/uuf150-03.cnf,UNSAT,0.029,28,2107
benchmarks/satlib/uuf150-645/UUF150.645.100/uuf150-030.cnf,UNSAT,0.031,28,2114
benchmarks/satlib/uuf150-645/UUF150.645.100/uuf150-031.cnf,UNSAT,0.010,13,0
benchmarks/satlib/uuf150-645/UUF150.645.100/uuf150-032.cnf,UNSAT,0.028,26,988
benchmarks/satlib/uuf150-645/UUF150.645.100/uuf150-033.cnf,UNSAT,0.016,15,981
benchmarks/satlib/uuf150-645/UUF150.645.100/uuf150-034.cnf,UNSAT,0.010,13,0
benchmarks/satlib/uuf150-645/UUF150.645.100/uuf150-035.cnf,UNSAT,0.031,28,2112
benchmarks/satlib/uuf150-645/UUF150.645.100/uuf150-036.cnf,UNSAT,0.017,17,980
benchmarks/satlib/uuf150-645/UUF150.645.100/uuf150-037.cnf,UNSAT,0.027,26,985
benchmarks/satlib/uuf150-645/UUF150.645.100/uuf150-038.cnf,UNSAT,0.033,29,2107
benchmarks/satlib/uuf150-645/UUF150.645.100/uuf150-039.cnf,UNSAT,0.018,17,980
benchmarks/satlib/uuf150-645/UUF150.645.100/uuf150-04.cnf,UNSAT,0.017,17,982
benchmarks/satlib/uuf150-645/UUF150.645.100/uuf150-040.cnf,UNSAT,0.043,30,2127
benchmarks/satlib/uuf150-645/UUF150.645.100/uuf150-041.cnf,UNSAT,0.020,21,982
benchmarks/satlib/uuf150-645/UUF150.645.100/uuf150-042.cnf,UNSAT,0.026,24,981
benchmarks/satlib/uuf150-645/UUF150.645.100/uuf150-043.cnf,UNSAT,0.013,14,0
benchmarks/satlib/uuf150-645/UUF150.645.100/uuf150-044.cnf,UNSAT,0.036,29,2114
benchmarks/satlib/uuf150-645/UUF150.645.100/uuf150-045.cnf,UNSAT,0.027,24,985
benchmarks/satlib/uuf150-645/UUF150.645.100/uuf150-046.cnf,UNSAT,0.023,23,982
benchmarks/satlib/uuf150-645/UUF150.645.100/uuf150-047.cnf,UNSAT,0.017,15,971
benchmarks/satlib/uuf150-645/UUF150.645.100/uuf150-048.cnf,UNSAT,0.024,23,985
benchmarks/satlib/uuf150-645/UUF150.645.100/uuf150-049.cnf,UNSAT,0.012,14,0
benchmarks/satlib/uuf150-645/UUF150.645.100/uuf150-05.cnf,UNSAT,0.017,16,978
benchmarks/satlib/uuf150-645/UUF150.645.100/uuf150-050.cnf,UNSAT,0.041,30,2128
benchmarks/satlib/uuf150-645/UUF150.645.100/uuf150-051.cnf,UNSAT,0.022,21,987
benchmarks/satlib/uuf150-645/UUF150.645.100/uuf150-052.cnf,UNSAT,0.014,14,0
benchmarks/satlib/uuf150-645/UUF150.645.100/uuf150-053.cnf,UNSAT,0.012,14,0
benchmarks/satlib/uuf150-645/UUF150.645.100/uuf150-054.cnf,UNSAT,0.018,17,973
benchmarks/satlib/uuf150-645/UUF150.645.100/uuf150-055.cnf,UNSAT,0.071,45,4825
benchmarks/satlib/uuf150-645/UUF150.645.100/uuf150-056.cnf,UNSAT,0.011,13,0
benchmarks/satlib/uuf150-645/UUF150.645.100/uuf150-057.cnf,UNSAT,0.033,29,2104
benchmarks/satlib/uuf150-645/UUF150.645.100/uuf150-058.cnf,UNSAT,0.016,15,976
benchmarks/satlib/uuf150-645/UUF150.645.100/uuf150-059.cnf,UNSAT,0.012,14,0
benchmarks/satlib/uuf150-645/UUF150.645.100/uuf150-06.cnf,UNSAT,0.014,14,0
benchmarks/satlib/uuf150-645/UUF150.645.100/uuf150-060.cnf,UNSAT,0.022,21,984
benchmarks/satlib/uuf150-645/UUF150.645.100/uuf150-061.cnf,UNSAT,0.020,21,987
benchmarks/satlib/uuf150-645/UUF150.645.100/uuf150-062.cnf,UNSAT,0.013,14,0
benchmarks/satlib/uuf150-645/UUF150.645.100/uuf150-063.cnf,UNSAT,0.039,30,2120
benchmarks/satlib/uuf150-645/UUF150.645.100/uuf150-064.cnf,UNSAT,0.029,28,2115
benchmarks/satlib/uuf150-645/UUF150.645.100/uuf150-065.cnf,UNSAT,0.040,30,2127
benchmarks/satlib/uuf150-645/UUF150.645.100/uuf150-066.cnf,UNSAT,0.018,18,971
benchmarks/satlib/uuf150-645/UUF150.645.100/uuf150-067.cnf,UNSAT,0.020,21,981
benchmarks/satlib/uuf150-645/UUF150.645.100/uuf150-068.cnf,UNSAT,0.022,21,979
benchmarks/satlib/uuf150-645/UUF150.645.100/uuf150-069.cnf,UNSAT,0.021,21,987
benchmarks/satlib/uuf150-645/UUF150.645.100/uuf150-07.cnf,UNSAT,0.025,24,987
benchmarks/satlib/uuf150-645/UUF150.645.100/uuf150-070.cnf,UNSAT,0.020,19,982
benchmarks/satlib/uuf150-645/UUF150.645.100/uuf150-071.cnf,UNSAT,0.028,27,980
benchmarks/satlib/uuf150-645/UUF150.645.100/uuf150-072.cnf,UNSAT,0.034,29,2118
benchmarks/satlib/uuf150-645/UUF150.645.100/uuf150-073.cnf,UNSAT,0.019,19,987
benchmarks/satlib/uuf150-645/UUF150.645.100/uuf150-074.cnf,UNSAT,0.010,13,0
benchmarks/satlib/uuf150-645/UUF150.645.100/uuf150-075.cnf,UNSAT,0.030,28,2117
benchmarks/satlib/uuf150-645/UUF150.645.100/uuf150-076.cnf,UNSAT,0.027,25,985
benchmarks/satlib/uuf150-645/UUF150.645.100/uuf150-077.cnf,UNSAT,0.018,19,972
benchmarks/satlib/uuf150-645/UUF150.645.100/uuf150-078.cnf,UNSAT,0.012,14,0
benchmarks/satlib/uuf150-645/UUF150.645.100/uuf150-079.cnf,UNSAT,0.017,17,982
benchmarks/satlib/uuf150-645/UUF150.645.100/uuf150-08.cnf,UNSAT,0.012,14,0
benchmarks/satlib/uuf150-645/UUF150.645.100/uuf150-080.cnf,UNSAT,0.034,29,2107
benchmarks/satlib/uuf150-645/UUF150.645.100/uuf150-081.cnf,UNSAT,0.014,14,0
benchmarks/satlib/uuf150-645/UUF150.645.100/uuf150-082.cnf,UNSAT,0.055,37,3396
benchmarks/satlib/uuf150-645/UUF150.645.100/uuf150-083.cnf,UNSAT,0.026,24,982
benchmarks/satlib/uuf150-645/UUF150.645.100/uuf150-084.cnf,UNSAT,0.052,36,3408
benchmarks/satlib/uuf150-645/UUF150.645.100/uuf150-085.cnf,UNSAT,0.026,24,987
benchmarks/satlib/uuf150-645/UUF150.645.100/uuf150-086.cnf,UNSAT,0.015,14,979
benchmarks/satlib/uuf150-645/UUF150.645.100/uuf150-087.cnf,UNSAT,0.039,30,2114
benchmarks/satlib/uuf150-645/UUF150.645.100/uuf150-088.cnf,UNSAT,0.043,30,3394
benchmarks/satlib/uuf150-645/UUF150.645.100/uuf150-089.cnf,UNSAT,0.010,13,0
benchmarks/satlib/uuf150-645/UUF150.645.100/uuf150-09.cnf,UNSAT,0.015,14,0
benchmarks/satlib/uuf150-645/UUF150.645.100/uuf150-090.cnf,UNSAT,0.019,18,986
benchmarks/satlib/uuf150-645/UUF150.645.100/uuf150-091.cnf,UNSAT,0.021,21,982
benchmarks/satlib/uuf150-645/UUF150.645.100/uuf150-092.cnf,UNSAT,0.035,29,2119
benchmarks/satlib/uuf150-645/UUF150.645.100/uuf150-093.cnf,UNSAT,0.041,30,2120
benchmarks/satlib/uuf150-645/UUF150.645.100/uuf150-094.cnf,UNSAT,0.016,14,0
benchmarks/satlib/uuf150-645/UUF150.645.100/uuf150-095.cnf,UNSAT,0.013,14,0
benchmarks/satlib/uuf150-645/UUF150.645.100/uuf150-096.cnf,UNSAT,0.019,20,978
benchmarks/satlib/uuf150-645/UUF150.645.100/uuf150-097.cnf,UNSAT,0.034,29,2110
benchmarks/satlib/uuf150-645/UUF150.645.100/uuf150-098.cnf,UNSAT,0.024,23,984
benchmarks/satlib/uuf150-645/UUF150.645.100/uuf150-099.cnf,UNSAT,0.025,24,987
benchmarks/satlib/uuf175-753/UUF175.753.100/uuf175-01.cnf,UNSAT,0.061,38,3406
benchmarks/satlib/uuf175-753/UUF175.753.100/uuf175-010.cnf,UNSAT,0.090,59,6356
benchmarks/satlib/uuf175-753/UUF175.753.100/uuf175-0100.cnf,UNSAT,0.044,30,2115
benchmarks/satlib/uuf175-753/UUF175.753.100/uuf175-011.cnf,UNSAT,0.034,28,2119
benchmarks/satlib/uuf175-753/UUF175.753.100/uuf175-012.cnf,UNSAT,0.053,36,3397
benchmarks/satlib/uuf175-753/UUF175.753.100/uuf175-013.cnf,UNSAT,0.067,45,4822
benchmarks/satlib/uuf175-753/UUF175.753.100/uuf175-014.cnf,UNSAT,0.177,87,12022
benchmarks/satlib/uuf175-753/UUF175.753.100/uuf175-015.cnf,UNSAT,0.039,30,2115
benchmarks/satlib/uuf175-753/UUF175.753.100/uuf175-016.cnf,UNSAT,0.071,45,4821
benchmarks/satlib/uuf175-753/UUF175.753.100/uuf175-017.cnf,UNSAT,0.050,33,3393
benchmarks/satlib/uuf175-753/UUF175.753.100/uuf175-018.cnf,UNSAT,0.069,45,4843
benchmarks/satlib/uuf175-753/UUF175.753.100/uuf175-019.cnf,UNSAT,0.087,59,6404
benchmarks/satlib/uuf175-753/UUF175.753.100/uuf175-02.cnf,UNSAT,0.211,93,14177
benchmarks/satlib/uuf175-753/UUF175.753.100/uuf175-020.cnf,UNSAT,0.104,61,6384
benchmarks/satlib/uuf175-753/UUF175.753.100/uuf175-021.cnf,UNSAT,0.057,39,3403
benchmarks/satlib/uuf175-753/UUF175.753.100/uuf175-022.cnf,UNSAT,0.070,44,4816
benchmarks/satlib/uuf175-753/UUF175.753.100/uuf175-023.cnf,UNSAT,0.060,41,3408
benchmarks/satlib/uuf175-753/UUF175.753.100/uuf175-024.cnf,UNSAT,0.076,51,4845
benchmarks/satlib/uuf175-753/UUF175.753.100/uuf175-025.cnf,UNSAT,0.026,24,988
benchmarks/satlib/uuf175-753/UUF175.753.100/uuf175-026.cnf,UNSAT,0.051,33,3400
benchmarks/satlib/uuf175-753/UUF175.753.100/uuf175-027.cnf,UNSAT,0.063,44,4820
benchmarks/satlib/uuf175-753/UUF175.753.100/uuf175-028.cnf,UNSAT,0.055,35,3392
benchmarks/satlib/uuf175-753/UUF175.753.100/uuf175-029.cnf,UNSAT,0.065,43,4801
benchmarks/satlib/uuf175-753/UUF175.753.100/uuf175-03.cnf,UNSAT,0.065,45,4832
benchmarks/satlib/uuf175-753/UUF175.753.100/uuf175-030.cnf,UNSAT,0.032,29,2115
benchmarks/satlib/uuf175-753/UUF175.753.100/uuf175-031.cnf,UNSAT,0.052,35,3403
benchmarks/satlib/uuf175-753/UUF175.753.100/uuf175-032.cnf,UNSAT,0.137,65,9979
benchmarks/satlib/uuf175-753/UUF175.753.100/uuf175-033.cnf,UNSAT,0.115,62,8121
benchmarks/satlib/uuf175-753/UUF175.753.100/uuf175-034.cnf,UNSAT,0.057,40,3401
benchmarks/satlib/uuf175-753/UUF175.753.100/uuf175-035.cnf,UNSAT,0.070,45,4822
benchmarks/satlib/uuf175-753/UUF175.753.100/uuf175-036.cnf,UNSAT,0.057,37,3400
benchmarks/satlib/uuf175-753/UUF175.753.100/uuf175-037.cnf,UNSAT,0.046,30,3407
benchmarks/satlib/uuf175-753/UUF175.753.100/uuf175-038.cnf,UNSAT,0.038,30,2116
benchmarks/satlib/uuf175-753/UUF175.753.100/uuf175-039.cnf,UNSAT,0.118,62,8125
benchmarks/satlib/uuf175-753/UUF175.753.100/uuf175-04.cnf,UNSAT,0.060,37,3391
benchmarks/satlib/uuf175-753/UUF175.753.100/uuf175-040.cnf,UNSAT,0.084,54,6383
benchmarks/satlib/uuf175-753/UUF175.753.100/uuf175-041.cnf,UNSAT,0.023,21,978
benchmarks/satlib/uuf175-753/UUF175.753.100/uuf175-042.cnf,UNSAT,0.299,125,18868
benchmarks/satlib/uuf175-753/UUF175.753.100/uuf175-043.cnf,UNSAT,0.068,45,4820
benchmarks/satlib/uuf175-753/UUF175.753.100/uuf175-044.cnf,UNSAT,0.037,30,2123
benchmarks/satlib/uuf175-753/UUF175.753.100/uuf175-045.cnf,UNSAT,0.052,33,3392
benchmarks/satlib/uuf175-753/UUF175.753.100/uuf175-046.cnf,UNSAT,0.089,59,6400
benchmarks/satlib/uuf175-753/UUF175.753.100/uuf175-047.cnf,UNSAT,0.125,62,8133
benchmarks/satlib/uuf175-753/UUF175.753.100/uuf175-048.cnf,UNSAT,0.116,62,8141
benchmarks/satlib/uuf175-753/UUF175.753.100/uuf175-049.cnf,UNSAT,0.089,57,6424
benchmarks/satlib/uuf175-753/UUF175.753.100/uuf175-05.cnf,UNSAT,0.089,59,6378
benchmarks/satlib/uuf175-753/UUF175.753.100/uuf175-050.cnf,UNSAT,0.263,122,16488
benchmarks/satlib/uuf175-753/UUF175.753.100/uuf175-051.cnf,UNSAT,0.042,30,2114
benchmarks/satlib/uuf175-753/UUF175.753.100/uuf175-052.cnf,UNSAT,0.070,45,4814
benchmarks/satlib/uuf175-753/UUF175.753.100/uuf175-053.cnf,UNSAT,0.095,60,6381
benchmarks/satlib/uuf175-753/UUF175.753.100/uuf175-054.cnf,UNSAT,0.106,61,6421
benchmarks/satlib/uuf175-753/UUF175.753.100/uuf175-055.cnf,UNSAT,0.127,62,8142
benchmarks/satlib/uuf175-753/UUF175.753.100/uuf175-056.cnf,UNSAT,0.127,62,8133
benchmarks/satlib/uuf175-753/UUF175.753.100/uuf175-057.cnf,UNSAT,0.098,61,6410
benchmarks/satlib/uuf175-753/UUF175.753.100/uuf175-058.cnf,UNSAT,0.050,32,3393
benchmarks/satlib/uuf175-753/UUF175.753.100/uuf175-059.cnf,UNSAT,0.082,53,4833
benchmarks/satlib/uuf175-753/UUF175.753.100/uuf175-06.cnf,UNSAT,0.069,49,4818
benchmarks/satlib/uuf175-753/UUF175.753.100/uuf175-060.cnf,UNSAT,0.152,72,10008
benchmarks/satlib/uuf175-753/UUF175.753.100/uuf175-061.cnf,UNSAT,0.044,30,2119
benchmarks/satlib/uuf175-753/UUF175.753.100/uuf175-062.cnf,UNSAT,0.097,60,6414
benchmarks/satlib/uuf175-753/UUF175.753.100/uuf175-063.cnf,UNSAT,0.048,30,3400
benchmarks/satlib/uuf175-753/UUF175.753.100/uuf175-064.cnf,UNSAT,0.068,40,3403
benchmarks/satlib/uuf175-753/UUF175.753.100/uuf175-065.cnf,UNSAT,0.058,39,3383
benchmarks/satlib/uuf175-753/UUF175.753.100/uuf175-066.cnf,UNSAT,0.080,52,4819
benchmarks/satlib/uuf175-753/UUF175.753.100/uuf175-067.cnf,UNSAT,0.046,30,3379
benchmarks/satlib/uuf175-753/UUF175.753.100/uuf175-068.cnf,UNSAT,0.083,52,4832
benchmarks/satlib/uuf175-753/UUF175.753.100/uuf175-069.cnf,UNSAT,0.058,40,3386
benchmarks/satlib/uuf175-753/UUF175.753.100/uuf175-07.cnf,UNSAT,0.069,45,4815
benchmarks/satlib/uuf175-753/UUF175.753.100/uuf175-070.cnf,UNSAT,0.068,45,4826
benchmarks/satlib/uuf175-753/UUF175.753.100/uuf175-071.cnf,UNSAT,0.098,60,6417
benchmarks/satlib/uuf175-753/UUF175.753.100/uuf175-072.cnf,UNSAT,0.067,44,4816
benchmarks/satlib/uuf175-753/UUF175.753.100/uuf175-073.cnf,UNSAT,0.107,61,8084
benchmarks/satlib/uuf175-753/UUF175.753.100/uuf175-074.cnf,UNSAT,0.091,56,6409
benchmarks/satlib/uuf175-753/UUF175.753.100/uuf175-075.cnf,UNSAT,0.084,55,6416
benchmarks/satlib/uuf175-753/UUF175.753.100/uuf175-076.cnf,UNSAT,0.075,45,4819
benchmarks/satlib/uuf175-753/UUF175.753.100/uuf175-077.cnf,UNSAT,0.040,30,2117
benchmarks/satlib/uuf175-753/UUF175.753.100/uuf175-078.cnf,UNSAT,0.110,61,6391
benchmarks/satlib/uuf175-753/UUF175.753.100/uuf175-079.cnf,UNSAT,0.075,46,4819
benchmarks/satlib/uuf175-753/UUF175.753.100/uuf175-08.cnf,UNSAT,0.101,61,6372
benchmarks/satlib/uuf175-753/UUF175.753.100/uuf175-080.cnf,UNSAT,0.044,30,2115
benchmarks/satlib/uuf175-753/UUF175.753.100/uuf175-081.cnf,UNSAT,0.091,59,6385
benchmarks/satlib/uuf175-753/UUF175.753.100/uuf175-082.cnf,UNSAT,0.132,62,8093
benchmarks/satlib/uuf175-753/UUF175.753.100/uuf175-083.cnf,UNSAT,0.144,64,9976
benchmarks/satlib/uuf175-753/UUF175.753.100/uuf175-084.cnf,UNSAT,0.079,51,4826
benchmarks/satlib/uuf175-753/UUF175.753.100/uuf175-085.cnf,UNSAT,0.087,55,6394
benchmarks/satlib/uuf175-753/UUF175.753.100/uuf175-086.cnf,UNSAT,0.031,27,985
benchmarks/satlib/uuf175-753/UUF175.753.100/uuf175-087.cnf,UNSAT,0.054,34,3414
benchmarks/satlib/uuf175-753/UUF175.753.100/uuf175-088.cnf,UNSAT,0.079,54,4822
benchmarks/satlib/uuf175-753/UUF175.753.100/uuf175-089.cnf,UNSAT,0.050,30,3403
benchmarks/satlib/uuf175-753/UUF175.753.100/uuf175-09.cnf,UNSAT,0.087,53,4829
benchmarks/satlib/uuf175-753/UUF175.753.100/uuf175-090.cnf,UNSAT,0.054,36,3391
benchmarks/satlib/uuf175-753/UUF175.753.100/uuf175-091.cnf,UNSAT,0.044,30,3383
benchmarks/satlib/uuf175-753/UUF175.753.100/uuf175-092.cnf,UNSAT,0.068,45,4842
benchmarks/satlib/uuf175-753/UUF175.753.100/uuf175-093.cnf,UNSAT,0.122,62,8113
benchmarks/satlib/uuf175-753/UUF175.753.100/uuf175-094.cnf,UNSAT,0.068,45,4820
benchmarks/satlib/uuf175-753/UUF175.753.100/uuf175-095.cnf,UNSAT,0.067,44,4831
benchmarks/satlib/uuf175-753/UUF175.753.100/uuf175-096.cnf,UNSAT,0.068,45,4824
benchmarks/satlib/uuf175-753/UUF175.753.100/uuf175-097.cnf,UNSAT,0.023,22,984
benchmarks/satlib/uuf175-753/UUF175.753.100/uuf175-098.cnf,UNSAT,0.047,30,2117
benchmarks/satlib/uuf175-753/UUF175.753.100/uuf175-099.cnf,UNSAT,0.033,29,2106
benchmarks/satlib/uuf200-860/UUF200.860.1000/uuf200-01.cnf,UNSAT,0.223,99,14174
benchmarks/satlib/uuf200-860/UUF200.860.1000/uuf200-010.cnf,UNSAT,0.392,126,24278
benchmarks/satlib/uuf200-860/UUF200.860.1000/uuf200-011.cnf,UNSAT,0.399,126,24367
benchmarks/satlib/uuf200-860/UUF200.860.1000/uuf200-012.cnf,UNSAT,0.414,137,24274
benchmarks/satlib/uuf200-860/UUF200.860.1000/uuf200-013.cnf,UNSAT,0.269,115,16540
benchmarks/satlib/uuf200-860/UUF200.860.1000/uuf200-014.cnf,UNSAT,0.406,130,24381
benchmarks/satlib/uuf200-860/UUF200.860.1000/uuf200-015.cnf,UNSAT,0.288,124,18894
benchmarks/satlib/uuf200-860/UUF200.860.1000/uuf200-016.cnf,UNSAT,0.262,115,16431
benchmarks/satlib/uuf200-860/UUF200.860.1000/uuf200-017.cnf,UNSAT,0.188,89,12003
benchmarks/satlib/uuf200-860/UUF200.860.1000/uuf200-018.cnf,UNSAT,0.337,126,21581
benchmarks/satlib/uuf200-860/UUF200.860.1000/uuf200-019.cnf,UNSAT,0.186,83,12000
benchmarks/satlib/uuf200-860/UUF200.860.1000/uuf200-02.cnf,UNSAT,0.339,126,21522
benchmarks/satlib/uuf200-860/UUF200.860.1000/uuf200-020.cnf,UNSAT,0.123,62,8098
benchmarks/satlib/uuf200-860/UUF200.860.1000/uuf200-021.cnf,UNSAT,0.300,124,18960
benchmarks/satlib/uuf200-860/UUF200.860.1000/uuf200-022.cnf,UNSAT,0.296,124,18974
benchmarks/satlib/uuf200-860/UUF200.860.1000/uuf200-023.cnf,UNSAT,0.131,62,8103
benchmarks/satlib/uuf200-860/UUF200.860.1000/uuf200-024.cnf,UNSAT,0.470,156,27194
benchmarks/satlib/uuf200-860/UUF200.860.1000/uuf200-025.cnf,UNSAT,0.509,163,30187
benchmarks/satlib/uuf200-860/UUF200.860.1000/uuf200-026.cnf,UNSAT,0.494,157,27227
benchmarks/satlib/uuf200-860/UUF200.860.1000/uuf200-027.cnf,UNSAT,0.197,92,11986
benchmarks/satlib/uuf200-860/UUF200.860.1000/uuf200-028.cnf,UNSAT,0.308,125,18925
benchmarks/satlib/uuf200-860/UUF200.860.1000/uuf200-029.cnf,UNSAT,0.367,126,21555
benchmarks/satlib/uuf200-860/UUF200.860.1000/uuf200-03.cnf,UNSAT,0.154,65,10029
benchmarks/satlib/uuf200-860/UUF200.860.1000/uuf200-030.cnf,UNSAT,0.104,61,6395
benchmarks/satlib/uuf200-860/UUF200.860.1000/uuf200-031.cnf,UNSAT,0.220,95,14180
benchmarks/satlib/uuf200-860/UUF200.860.1000/uuf200-032.cnf,UNSAT,0.386,126,21604
benchmarks/satlib/uuf200-860/UUF200.860.1000/uuf200-033.cnf,UNSAT,0.124,62,8123
benchmarks/satlib/uuf200-860/UUF200.860.1000/uuf200-034.cnf,UNSAT,0.186,90,12009
benchmarks/satlib/uuf200-860/UUF200.860.1000/uuf200-035.cnf,UNSAT,0.248,107,14204
benchmarks/satlib/uuf200-860/UUF200.860.1000/uuf200-036.cnf,UNSAT,0.654,199,36822
benchmarks/satlib/uuf200-860/UUF200.860.1000/uuf200-037.cnf,UNSAT,0.492,156,27160
benchmarks/satlib/uuf200-860/UUF200.860.1000/uuf200-038.cnf,UNSAT,0.266,117,16520
benchmarks/satlib/uuf200-860/UUF200.860.1000/uuf200-039.cnf,UNSAT,0.198,92,11945
benchmarks/satlib/uuf200-860/UUF200.860.1000/uuf200-04.cnf,UNSAT,1.257,278,60028
benchmarks/satlib/uuf200-860/UUF200.860.1000/uuf200-040.cnf,UNSAT,0.224,99,14214
benchmarks/satlib/uuf200-860/UUF200.860.1000/uuf200-041.cnf,UNSAT,0.223,94,14165
benchmarks/satlib/uuf200-860/UUF200.860.1000/uuf200-042.cnf,UNSAT,0.291,124,18935
benchmarks/satlib/uuf200-860/UUF200.860.1000/uuf200-043.cnf,UNSAT,0.170,78,11994
benchmarks/satlib/uuf200-860/UUF200.860.1000/uuf200-044.cnf,UNSAT,0.236,106,14184
benchmarks/satlib/uuf200-860/UUF200.860.1000/uuf200-045.cnf,UNSAT,0.546,181,30256
benchmarks/satlib/uuf200-860/UUF200.860.1000/uuf200-046.cnf,UNSAT,0.513,164,30179
benchmarks/satlib/uuf200-860/UUF200.860.1000/uuf200-047.cnf,UNSAT,0.180,83,12026
benchmarks/satlib/uuf200-860/UUF200.860.1000/uuf200-048.cnf,UNSAT,0.267,118,16508
benchmarks/satlib/uuf200-860/UUF200.860.1000/uuf200-049.cnf,UNSAT,0.301,125,18930
benchmarks/satlib/uuf200-860/UUF200.860.1000/uuf200-05.cnf,UNSAT,0.396,126,24334
benchmarks/satlib/uuf200-860/UUF200.860.1000/uuf200-050.cnf,UNSAT,0.223,100,14186
benchmarks/satlib/uuf200-860/UUF200.860.1000/uuf200-051.cnf,UNSAT,0.392,126,24328
benchmarks/satlib/uuf200-860/UUF200.860.1000/uuf200-052.cnf,UNSAT,0.403,126,24360
benchmarks/satlib/uuf200-860/UUF200.860.1000/uuf200-053.cnf,UNSAT,0.282,122,16472
benchmarks/satlib/uuf200-860/UUF200.860.1000/uuf200-054.cnf,UNSAT,0.369,126,21589
benchmarks/satlib/uuf200-860/UUF200.860.1000/uuf200-055.cnf,UNSAT,0.212,96,14144
benchmarks/satlib/uuf200-860/UUF200.860.1000/uuf200-056.cnf,UNSAT,0.527,169,30270
benchmarks/satlib/uuf200-860/UUF200.860.1000/uuf200-057.cnf,UNSAT,0.208,93,14173
benchmarks/satlib/uuf200-860/UUF200.860.1000/uuf200-058.cnf,UNSAT,0.457,148,27205
benchmarks/satlib/uuf200-860/UUF200.860.1000/uuf200-059.cnf,UNSAT,0.204,92,12030
benchmarks/satlib/uuf200-860/UUF200.860.1000/uuf200-06.cnf,UNSAT,0.261,118,16472
benchmarks/satlib/uuf200-860/UUF200.860.1000/uuf200-060.cnf,UNSAT,0.154,73,9950
benchmarks/satlib/uuf200-860/UUF200.860.1000/uuf200-061.cnf,UNSAT,0.139,62,9972
benchmarks/satlib/uuf200-860/UUF200.860.1000/uuf200-062.cnf,UNSAT,0.092,60,6408
benchmarks/satlib/uuf200-860/UUF200.860.1000/uuf200-063.cnf,UNSAT,0.334,126,21514
benchmarks/satlib/uuf200-860/UUF200.860.1000/uuf200-064.cnf,UNSAT,0.617,189,36826
benchmarks/satlib/uuf200-860/UUF200.860.1000/uuf200-065.cnf,UNSAT,0.252,115,16443
benchmarks/satlib/uuf200-860/UUF200.860.1000/uuf200-066.cnf,UNSAT,0.912,253,47625
benchmarks/satlib/uuf200-860/UUF200.860.1000/uuf200-067.cnf,UNSAT,0.338,125,21537
benchmarks/satlib/uuf200-860/UUF200.860.1000/uuf200-068.cnf,UNSAT,0.250,109,16473
benchmarks/satlib/uuf200-860/UUF200.860.1000/uuf200-069.cnf,UNSAT,0.088,52,4825
benchmarks/satlib/uuf200-860/UUF200.860.1000/uuf200-07.cnf,UNSAT,0.425,136,24265
benchmarks/satlib/uuf200-860/UUF200.860.1000/uuf200-070.cnf,UNSAT,0.209,93,14140
benchmarks/satlib/uuf200-860/UUF200.860.1000/uuf200-071.cnf,UNSAT,0.306,125,18921
benchmarks/satlib/uuf200-860/UUF200.860.1000/uuf200-072.cnf,UNSAT,0.343,126,21559
benchmarks/satlib/uuf200-860/UUF200.860.1000/uuf200-073.cnf,UNSAT,0.186,83,12011
benchmarks/satlib/uuf200-860/UUF200.860.1000/uuf200-074.cnf,UNSAT,0.352,126,21570
benchmarks/satlib/uuf200-860/UUF200.860.1000/uuf200-075.cnf,UNSAT,0.354,126,21590
benchmarks/satlib/uuf200-860/UUF200.860.1000/uuf200-076.cnf,UNSAT,0.111,61,6396
benchmarks/satlib/uuf200-860/UUF200.860.1000/uuf200-077.cnf,UNSAT,0.137,62,9941
benchmarks/satlib/uuf200-860/UUF200.860.1000/uuf200-078.cnf,UNSAT,0.273,123,16496
benchmarks/satlib/uuf200-860/UUF200.860.1000/uuf200-079.cnf,UNSAT,0.243,108,16482
benchmarks/satlib/uuf200-860/UUF200.860.1000/uuf200-08.cnf,UNSAT,0.335,125,21512
benchmarks/satlib/uuf200-860/UUF200.860.1000/uuf200-080.cnf,UNSAT,0.421,140,24273
benchmarks/satlib/uuf200-860/UUF200.860.1000/uuf200-081.cnf,UNSAT,0.456,156,27169
benchmarks/satlib/uuf200-860/UUF200.860.1000/uuf200-082.cnf,UNSAT,0.210,94,14095
benchmarks/satlib/uuf200-860/UUF200.860.1000/uuf200-083.cnf,UNSAT,0.370,126,21509
benchmarks/satlib/uuf200-860/UUF200.860.1000/uuf200-084.cnf,UNSAT,0.104,61,6411
benchmarks/satlib/uuf200-860/UUF200.860.1000/uuf200-085.cnf,UNSAT,0.365,126,21617
benchmarks/satlib/uuf200-860/UUF200.860.1000/uuf200-086.cnf,UNSAT,0.280,123,16514
benchmarks/satlib/uuf200-860/UUF200.860.1000/uuf200-087.cnf,UNSAT,0.279,122,16543
benchmarks/satlib/uuf200-860/UUF200.860.1000/uuf200-088.cnf,UNSAT,0.121,62,8105
benchmarks/satlib/uuf200-860/UUF200.860.1000/uuf200-089.cnf,UNSAT,0.264,115,16442
benchmarks/satlib/uuf200-860/UUF200.860.1000/uuf200-09.cnf,UNSAT,0.237,108,16518
benchmarks/satlib/uuf200-860/UUF200.860.1000/uuf200-090.cnf,UNSAT,0.312,125,18970
benchmarks/satlib/uuf200-860/UUF200.860.1000/uuf200-091.cnf,UNSAT,0.343,126,21499
benchmarks/satlib/uuf200-860/UUF200.860.1000/uuf200-092.cnf,UNSAT,0.193,90,11989
benchmarks/satlib/uuf200-860/UUF200.860.1000/uuf200-093.cnf,UNSAT,0.289,124,19025
benchmarks/satlib/uuf200-860/UUF200.860.1000/uuf200-094.cnf,UNSAT,0.410,132,24273
benchmarks/satlib/uuf200-860/UUF200.860.1000/uuf200-095.cnf,UNSAT,0.564,181,30287
benchmarks/satlib/uuf200-860/UUF200.860.1000/uuf200-096.cnf,UNSAT,0.092,60,6375
benchmarks/satlib/uuf200-860/UUF200.860.1000/uuf200-097.cnf,UNSAT,0.192,87,12026
benchmarks/satlib/uuf200-860/UUF200.860.1000/uuf200-098.cnf,UNSAT,0.418,136,24372
benchmarks/satlib/uuf200-860/UUF200.860.1000/uuf200-099.cnf,UNSAT,0.764,233,40285
benchmarks/satlib/uuf225-960/UUF225.960.100/uuf225-01.cnf,UNSAT,1.741,379,78394
benchmarks/satlib/uuf225-960/UUF225.960.100/uuf225-010.cnf,UNSAT,1.124,254,55897
benchmarks/satlib/uuf225-960/UUF225.960.100/uuf225-0100.cnf,UNSAT,1.279,285,64351
benchmarks/satlib/uuf225-960/UUF225.960.100/uuf225-011.cnf,UNSAT,0.940,253,51748
benchmarks/satlib/uuf225-960/UUF225.960.100/uuf225-012.cnf,UNSAT,0.543,175,30379
benchmarks/satlib/uuf225-960/UUF225.960.100/uuf225-013.cnf,UNSAT,1.108,254,55909
benchmarks/satlib/uuf225-960/UUF225.960.100/uuf225-014.cnf,UNSAT,0.276,122,16465
benchmarks/satlib/uuf225-960/UUF225.960.100/uuf225-015.cnf,UNSAT,1.217,282,59993
benchmarks/satlib/uuf225-960/UUF225.960.100/uuf225-016.cnf,UNSAT,1.054,253,51509
benchmarks/satlib/uuf225-960/UUF225.960.100/uuf225-017.cnf,UNSAT,1.660,370,78372
benchmarks/satlib/uuf225-960/UUF225.960.100/uuf225-018.cnf,UNSAT,1.033,254,51691
benchmarks/satlib/uuf225-960/UUF225.960.100/uuf225-019.cnf,UNSAT,1.274,285,64569
benchmarks/satlib/uuf225-960/UUF225.960.100/uuf225-02.cnf,UNSAT,0.516,168,30298
benchmarks/satlib/uuf225-960/UUF225.960.100/uuf225-020.cnf,UNSAT,1.130,254,55796
benchmarks/satlib/uuf225-960/UUF225.960.100/uuf225-021.cnf,UNSAT,1.487,317,68922
benchmarks/satlib/uuf225-960/UUF225.960.100/uuf225-022.cnf,UNSAT,1.151,259,60036
benchmarks/satlib/uuf225-960/UUF225.960.100/uuf225-023.cnf,UNSAT,0.972,253,51611
benchmarks/satlib/uuf225-960/UUF225.960.100/uuf225-024.cnf,UNSAT,0.851,252,44045
benchmarks/satlib/uuf225-960/UUF225.960.100/uuf225-025.cnf,UNSAT,1.162,266,60114
benchmarks/satlib/uuf225-960/UUF225.960.100/uuf225-026.cnf,UNSAT,1.113,254,55886
benchmarks/satlib/uuf225-960/UUF225.960.100/uuf225-027.cnf,UNSAT,1.274,284,64399
benchmarks/satlib/uuf225-960/UUF225.960.100/uuf225-028.cnf,UNSAT,0.949,253,47790
benchmarks/satlib/uuf225-960/UUF225.960.100/uuf225-029.cnf,UNSAT,0.464,156,27209
benchmarks/satlib/uuf225-960/UUF225.960.100/uuf225-03.cnf,UNSAT,1.329,290,64321
benchmarks/satlib/uuf225-960/UUF225.960.100/uuf225-030.cnf,UNSAT,0.747,227,40248
benchmarks/satlib/uuf225-960/UUF225.960.100/uuf225-031.cnf,UNSAT,1.347,300,64368
benchmarks/satlib/uuf225-960/UUF225.960.100/uuf225-032.cnf,UNSAT,1.087,254,55955
benchmarks/satlib/uuf225-960/UUF225.960.100/uuf225-033.cnf,UNSAT,2.045,411,88372
benchmarks/satlib/uuf225-960/UUF225.960.100/uuf225-034.cnf,UNSAT,1.205,261,60159
benchmarks/satlib/uuf225-960/UUF225.960.100/uuf225-035.cnf,UNSAT,1.576,348,73777
benchmarks/satlib/uuf225-960/UUF225.960.100/uuf225-036.cnf,UNSAT,0.645,194,36779
benchmarks/satlib/uuf225-960/UUF225.960.100/uuf225-037.cnf,UNSAT,0.989,254,51879
benchmarks/satlib/uuf225-960/UUF225.960.100/uuf225-038.cnf,UNSAT,0.524,171,30339
benchmarks/satlib/uuf225-960/UUF225.960.100/uuf225-039.cnf,UNSAT,1.499,328,73713
benchmarks/satlib/uuf225-960/UUF225.960.100/uuf225-04.cnf,UNSAT,0.536,172,30211
benchmarks/satlib/uuf225-960/UUF225.960.100/uuf225-040.cnf,UNSAT,0.781,238,43959
benchmarks/satlib/uuf225-960/UUF225.960.100/uuf225-041.cnf,UNSAT,0.970,253,47519
benchmarks/satlib/uuf225-960/UUF225.960.100/uuf225-042.cnf,UNSAT,0.528,164,30190
benchmarks/satlib/uuf225-960/UUF225.960.100/uuf225-043.cnf,UNSAT,1.256,290,64298
benchmarks/satlib/uuf225-960/UUF225.960.100/uuf225-044.cnf,UNSAT,0.785,233,40278
benchmarks/satlib/uuf225-960/UUF225.960.100/uuf225-045.cnf,UNSAT,0.412,133,24332
benchmarks/satlib/uuf225-960/UUF225.960.100/uuf225-046.cnf,UNSAT,0.553,185,33488
benchmarks/satlib/uuf225-960/UUF225.960.100/uuf225-047.cnf,UNSAT,1.878,387,88500
benchmarks/satlib/uuf225-960/UUF225.960.100/uuf225-048.cnf,UNSAT,0.979,253,51663
benchmarks/satlib/uuf225-960/UUF225.960.100/uuf225-049.cnf,UNSAT,0.414,132,24225
benchmarks/satlib/uuf225-960/UUF225.960.100/uuf225-05.cnf,UNSAT,3.834,556,141204
benchmarks/satlib/uuf225-960/UUF225.960.100/uuf225-050.cnf,UNSAT,1.134,254,59691
benchmarks/satlib/uuf225-960/UUF225.960.100/uuf225-051.cnf,UNSAT,0.321,125,18959
benchmarks/satlib/uuf225-960/UUF225.960.100/uuf225-052.cnf,UNSAT,0.951,253,51508
benchmarks/satlib/uuf225-960/UUF225.960.100/uuf225-053.cnf,UNSAT,1.721,380,83402
benchmarks/satlib/uuf225-960/UUF225.960.100/uuf225-054.cnf,UNSAT,1.997,411,88650
benchmarks/satlib/uuf225-960/UUF225.960.100/uuf225-055.cnf,UNSAT,1.984,403,88464
benchmarks/satlib/uuf225-960/UUF225.960.100/uuf225-056.cnf,UNSAT,1.141,254,59961
benchmarks/satlib/uuf225-960/UUF225.960.100/uuf225-057.cnf,UNSAT,2.839,509,116379
benchmarks/satlib/uuf225-960/UUF225.960.100/uuf225-058.cnf,UNSAT,1.335,314,68976
benchmarks/satlib/uuf225-960/UUF225.960.100/uuf225-059.cnf,UNSAT,0.677,211,36840
benchmarks/satlib/uuf225-960/UUF225.960.100/uuf225-06.cnf,UNSAT,1.040,254,51781
benchmarks/satlib/uuf225-960/UUF225.960.100/uuf225-060.cnf,UNSAT,0.516,157,27267
benchmarks/satlib/uuf225-960/UUF225.960.100/uuf225-061.cnf,UNSAT,0.348,126,21558
benchmarks/satlib/uuf225-960/UUF225.960.100/uuf225-062.cnf,UNSAT,1.563,348,73603
benchmarks/satlib/uuf225-960/UUF225.960.100/uuf225-063.cnf,UNSAT,2.729,509,116425
benchmarks/satlib/uuf225-960/UUF225.960.100/uuf225-064.cnf,UNSAT,0.615,189,33487
benchmarks/satlib/uuf225-960/UUF225.960.100/uuf225-065.cnf,UNSAT,1.722,379,78333
benchmarks/satlib/uuf225-960/UUF225.960.100/uuf225-066.cnf,UNSAT,1.307,298,64448
benchmarks/satlib/uuf225-960/UUF225.960.100/uuf225-067.cnf,UNSAT,1.540,340,73888
benchmarks/satlib/uuf225-960/UUF225.960.100/uuf225-068.cnf,UNSAT,1.021,254,51757
benchmarks/satlib/uuf225-960/UUF225.960.100/uuf225-069.cnf,UNSAT,1.738,369,78552
benchmarks/satlib/uuf225-960/UUF225.960.100/uuf225-07.cnf,UNSAT,0.634,189,36840
benchmarks/satlib/uuf225-960/UUF225.960.100/uuf225-070.cnf,UNSAT,2.860,509,116494
benchmarks/satlib/uuf225-960/UUF225.960.100/uuf225-071.cnf,UNSAT,1.079,254,55771
benchmarks/satlib/uuf225-960/UUF225.960.100/uuf225-072.cnf,UNSAT,0.861,251,44067
benchmarks/satlib/uuf225-960/UUF225.960.100/uuf225-073.cnf,UNSAT,0.669,202,36861
benchmarks/satlib/uuf225-960/UUF225.960.100/uuf225-074.cnf,UNSAT,3.151,510,122415
benchmarks/satlib/uuf225-960/UUF225.960.100/uuf225-075.cnf,UNSAT,0.406,126,24351
benchmarks/satlib/uuf225-960/UUF225.960.100/uuf225-076.cnf,UNSAT,0.711,216,40399
benchmarks/satlib/uuf225-960/UUF225.960.100/uuf225-077.cnf,UNSAT,0.397,126,24317
benchmarks/satlib/uuf225-960/UUF225.960.100/uuf225-078.cnf,UNSAT,2.085,434,93792
benchmarks/satlib/uuf225-960/UUF225.960.100/uuf225-079.cnf,UNSAT,0.903,252,43981
benchmarks/satlib/uuf225-960/UUF225.960.100/uuf225-08.cnf,UNSAT,0.369,126,21588
benchmarks/satlib/uuf225-960/UUF225.960.100/uuf225-080.cnf,UNSAT,2.210,443,93750
benchmarks/satlib/uuf225-960/UUF225.960.100/uuf225-081.cnf,UNSAT,2.270,457,99084
benchmarks/satlib/uuf225-960/UUF225.960.100/uuf225-082.cnf,UNSAT,0.634,189,33469
benchmarks/satlib/uuf225-960/UUF225.960.100/uuf225-083.cnf,UNSAT,7.111,892,229655
benchmarks/satlib/uuf225-960/UUF225.960.100/uuf225-084.cnf,UNSAT,0.402,126,24292
benchmarks/satlib/uuf225-960/UUF225.960.100/uuf225-085.cnf,UNSAT,2.508,501,104561
benchmarks/satlib/uuf225-960/UUF225.960.100/uuf225-086.cnf,UNSAT,1.332,299,64503
benchmarks/satlib/uuf225-960/UUF225.960.100/uuf225-087.cnf,UNSAT,0.867,234,40303
benchmarks/satlib/uuf225-960/UUF225.960.100/uuf225-088.cnf,UNSAT,0.832,251,43901
benchmarks/satlib/uuf225-960/UUF225.960.100/uuf225-089.cnf,UNSAT,1.523,355,73699
benchmarks/satlib/uuf225-960/UUF225.960.100/uuf225-09.cnf,UNSAT,1.977,444,98908
benchmarks/satlib/uuf225-960/UUF225.960.100/uuf225-090.cnf,UNSAT,0.929,254,51706
benchmarks/satlib/uuf225-960/UUF225.960.100/uuf225-091.cnf,UNSAT,1.073,254,59983
benchmarks/satlib/uuf225-960/UUF225.960.100/uuf225-092.cnf,UNSAT,1.490,351,73528
benchmarks/satlib/uuf225-960/UUF225.960.100/uuf225-093.cnf,UNSAT,1.876,424,93772
benchmarks/satlib/uuf225-960/UUF225.960.100/uuf225-094.cnf,UNSAT,3.267,541,141289
benchmarks/satlib/uuf225-960/UUF225.960.100/uuf225-095.cnf,UNSAT,1.350,286,64204
benchmarks/satlib/uuf225-960/UUF225.960.100/uuf225-096.cnf,UNSAT,1.952,415,93697
benchmarks/satlib/uuf225-960/UUF225.960.100/uuf225-097.cnf,UNSAT,0.953,254,55763
benchmarks/satlib/uuf225-960/UUF225.960.100/uuf225-098.cnf,UNSAT,4.238,668,168411
benchmarks/satlib/uuf225-960/UUF225.960.100/uuf225-099.cnf,UNSAT,0.376,126,24337
benchmarks/satlib/uuf250-1065/UUF250.1065.100/uuf250-01.cnf,UNSAT,5.054,765,198387
benchmarks/satlib/uuf250-1065/UUF250.1065.100/uuf250-010.cnf,UNSAT,4.241,666,168647
benchmarks/satlib/uuf250-1065/UUF250.1065.100/uuf250-0100.cnf,UNKNOWN,10.052,1085,320290
benchmarks/satlib/uuf250-1065/UUF250.1065.100/uuf250-011.cnf,UNKNOWN,10.019,1063,321032
benchmarks/satlib/uuf250-1065/UUF250.1065.100/uuf250-012.cnf,UNSAT,5.467,828,214100
benchmarks/satlib/uuf250-1065/UUF250.1065.100/uuf250-013.cnf,UNSAT,6.488,953,238399
benchmarks/satlib/uuf250-1065/UUF250.1065.100/uuf250-014.cnf,UNSAT,6.876,986,247080
benchmarks/satlib/uuf250-1065/UUF250.1065.100/uuf250-015.cnf,UNSAT,8.238,1022,282918
benchmarks/satlib/uuf250-1065/UUF250.1065.100/uuf250-016.cnf,UNSAT,2.513,509,116454
benchmarks/satlib/uuf250-1065/UUF250.1065.100/uuf250-017.cnf,UNSAT,8.287,1022,282269
benchmarks/satlib/uuf250-1065/UUF250.1065.100/uuf250-018.cnf,UNSAT,6.412,969,238780
benchmarks/satlib/uuf250-1065/UUF250.1065.100/uuf250-019.cnf,UNSAT,5.636,826,206439
benchmarks/satlib/uuf250-1065/UUF250.1065.100/uuf250-02.cnf,UNSAT,6.166,923,230477
benchmarks/satlib/uuf250-1065/UUF250.1065.100/uuf250-020.cnf,UNSAT,9.044,1022,311459
benchmarks/satlib/uuf250-1065/UUF250.1065.100/uuf250-021.cnf,UNSAT,9.434,1079,320421
benchmarks/satlib/uuf250-1065/UUF250.1065.100/uuf250-022.cnf,UNSAT,8.553,1022,292713
benchmarks/satlib/uuf250-1065/UUF250.1065.100/uuf250-023.cnf,UNSAT,2.899,510,128766
benchmarks/satlib/uuf250-1065/UUF250.1065.100/uuf250-024.cnf,UNSAT,2.539,509,121915
benchmarks/satlib/uuf250-1065/UUF250.1065.100/uuf250-025.cnf,UNSAT,5.566,845,213401
benchmarks/satlib/uuf250-1065/UUF250.1065.100/uuf250-026.cnf,UNSAT,2.170,475,104854
benchmarks/satlib/uuf250-1065/UUF250.1065.100/uuf250-027.cnf,UNSAT,8.896,1022,291833
benchmarks/satlib/uuf250-1065/UUF250.1065.100/uuf250-028.cnf,UNSAT,7.978,1021,273702
benchmarks/satlib/uuf250-1065/UUF250.1065.100/uuf250-029.cnf,UNSAT,3.165,510,134821
benchmarks/satlib/uuf250-1065/UUF250.1065.100/uuf250-03.cnf,UNSAT,5.619,827,213658
benchmarks/satlib/uuf250-1065/UUF250.1065.100/uuf250-030.cnf,UNSAT,2.363,509,116105
benchmarks/satlib/uuf250-1065/UUF250.1065.100/uuf250-031.cnf,UNSAT,7.690,1021,273746
benchmarks/satlib/uuf250-1065/UUF250.1065.100/uuf250-032.cnf,UNSAT,5.557,838,213548
benchmarks/satlib/uuf250-1065/UUF250.1065.100/uuf250-033.cnf,UNSAT,9.871,1084,319932
benchmarks/satlib/uuf250-1065/UUF250.1065.100/uuf250-034.cnf,UNSAT,9.364,1022,310853
benchmarks/satlib/uuf250-1065/UUF250.1065.100/uuf250-035.cnf,UNSAT,9.897,1085,320096
benchmarks/satlib/uuf250-1065/UUF250.1065.100/uuf250-036.cnf,UNSAT,2.425,508,110569
benchmarks/satlib/uuf250-1065/UUF250.1065.100/uuf250-037.cnf,UNSAT,2.654,509,116049
benchmarks/satlib/uuf250-1065/UUF250.1065.100/uuf250-038.cnf,UNSAT,1.240,295,64390
benchmarks/satlib/uuf250-1065/UUF250.1065.100/uuf250-039.cnf,UNSAT,3.500,571,147764
benchmarks/satlib/uuf250-1065/UUF250.1065.100/uuf250-04.cnf,UNSAT,7.270,1021,264090
benchmarks/satlib/uuf250-1065/UUF250.1065.100/uuf250-040.cnf,UNSAT,1.309,317,68899
benchmarks/satlib/uuf250-1065/UUF250.1065.100/uuf250-041.cnf,UNSAT,3.764,636,161570
benchmarks/satlib/uuf250-1065/UUF250.1065.100/uuf250-042.cnf,UNSAT,6.037,892,229960
benchmarks/satlib/uuf250-1065/UUF250.1065.100/uuf250-043.cnf,UNSAT,8.243,1022,282988
benchmarks/satlib/uuf250-1065/UUF250.1065.100/uuf250-044.cnf,UNSAT,3.694,631,154378
benchmarks/satlib/uuf250-1065/UUF250.1065.100/uuf250-045.cnf,UNSAT,2.894,510,128379
benchmarks/satlib/uuf250-1065/UUF250.1065.100/uuf250-046.cnf,UNKNOWN,10.024,1083,320672
benchmarks/satlib/uuf250-1065/UUF250.1065.100/uuf250-047.cnf,UNSAT,5.202,534,141127
benchmarks/satlib/uuf250-1065/UUF250.1065.100/uuf250-048.cnf,UNSAT,1.915,254,55703
benchmarks/satlib/uuf250-1065/UUF250.1065.100/uuf250-049.cnf,UNSAT,4.728,510,128711
benchmarks/satlib/uuf250-1065/UUF250.1065.100/uuf250-05.cnf,UNSAT,3.177,510,128721
benchmarks/satlib/uuf250-1065/UUF250.1065.100/uuf250-050.cnf,UNSAT,7.691,828,213881
benchmarks/satlib/uuf250-1065/UUF250.1065.100/uuf250-051.cnf,UNKNOWN,10.033,891,222269
benchmarks/satlib/uuf250-1065/UUF250.1065.100/uuf250-052.cnf,UNSAT,7.878,765,190576
benchmarks/satlib/uuf250-1065/UUF250.1065.100/uuf250-053.cnf,UNKNOWN,10.064,955,238451
benchmarks/satlib/uuf250-1065/UUF250.1065.100/uuf250-054.cnf,UNSAT,9.893,892,230090
benchmarks/satlib/uuf250-1065/UUF250.1065.100/uuf250-055.cnf,UNSAT,1.610,268,59873
benchmarks/satlib/uuf250-1065/UUF250.1065.100/uuf250-056.cnf,UNSAT,5.567,619,154527
benchmarks/satlib/uuf250-1065/UUF250.1065.100/uuf250-057.cnf,UNSAT,7.315,761,182938
benchmarks/satlib/uuf250-1065/UUF250.1065.100/uuf250-058.cnf,UNKNOWN,10.008,889,221952
benchmarks/satlib/uuf250-1065/UUF250.1065.100/uuf250-059.cnf,UNSAT,2.541,381,83439
benchmarks/satlib/uuf250-1065/UUF250.1065.100/uuf250-06.cnf,UNSAT,5.086,552,141181
benchmarks/satlib/uuf250-1065/UUF250.1065.100/uuf250-060.cnf,UNSAT,4.511,510,122559
benchmarks/satlib/uuf250-1065/UUF250.1065.100/uuf250-061.cnf,UNKNOWN,10.009,892,230317
benchmarks/satlib/uuf250-1065/UUF250.1065.100/uuf250-062.cnf,UNSAT,4.009,509,122295
benchmarks/satlib/uuf250-1065/UUF250.1065.100/uuf250-063.cnf,UNKNOWN,10.052,922,230057
benchmarks/satlib/uuf250-1065/UUF250.1065.100/uuf250-064.cnf,UNKNOWN,10.048,869,221731
benchmarks/satlib/uuf250-1065/UUF250.1065.100/uuf250-065.cnf,UNSAT,4.241,509,122282
benchmarks/satlib/uuf250-1065/UUF250.1065.100/uuf250-066.cnf,UNKNOWN,10.032,892,230072
benchmarks/satlib/uuf250-1065/UUF250.1065.100/uuf250-067.cnf,UNKNOWN,10.068,923,230003
benchmarks/satlib/uuf250-1065/UUF250.1065.100/uuf250-068.cnf,UNSAT,1.102,231,40309
benchmarks/satlib/uuf250-1065/UUF250.1065.100/uuf250-069.cnf,UNKNOWN,10.022,922,230200
benchmarks/satlib/uuf250-1065/UUF250.1065.100/uuf250-07.cnf,UNSAT,8.193,773,198262
benchmarks/satlib/uuf250-1065/UUF250.1065.100/uuf250-070.cnf,UNKNOWN,10.052,892,230909
benchmarks/satlib/uuf250-1065/UUF250.1065.100/uuf250-071.cnf,UNKNOWN,10.004,892,230425
benchmarks/satlib/uuf250-1065/UUF250.1065.100/uuf250-072.cnf,UNSAT,8.636,826,206025
benchmarks/satlib/uuf250-1065/UUF250.1065.100/uuf250-073.cnf,UNSAT,4.323,510,128672
benchmarks/satlib/uuf250-1065/UUF250.1065.100/uuf250-074.cnf,UNSAT,5.086,572,148054
benchmarks/satlib/uuf250-1065/UUF250.1065.100/uuf250-075.cnf,UNKNOWN,10.062,892,229979
benchmarks/satlib/uuf250-1065/UUF250.1065.100/uuf250-076.cnf,UNSAT,5.126,568,147673
benchmarks/satlib/uuf250-1065/UUF250.1065.100/uuf250-077.cnf,UNKNOWN,10.031,907,230401
benchmarks/satlib/uuf250-1065/UUF250.1065.100/uuf250-078.cnf,UNKNOWN,10.010,922,229998
benchmarks/satlib/uuf250-1065/UUF250.1065.100/uuf250-079.cnf,UNSAT,8.638,796,205891
benchmarks/satlib/uuf250-1065/UUF250.1065.100/uuf250-08.cnf,UNSAT,8.209,794,205701
benchmarks/satlib/uuf250-1065/UUF250.1065.100/uuf250-080.cnf,UNKNOWN,10.061,917,230242
benchmarks/satlib/uuf250-1065/UUF250.1065.100/uuf250-081.cnf,UNKNOWN,10.057,907,230165
benchmarks/satlib/uuf250-1065/UUF250.1065.100/uuf250-082.cnf,UNSAT,9.838,910,230476
benchmarks/satlib/uuf250-1065/UUF250.1065.100/uuf250-083.cnf,UNSAT,2.133,328,73632
benchmarks/satlib/uuf250-1065/UUF250.1065.100/uuf250-084.cnf,UNSAT,3.447,503,104846
benchmarks/satlib/uuf250-1065/UUF250.1065.100/uuf250-085.cnf,UNSAT,6.167,656,168813
benchmarks/satlib/uuf250-1065/UUF250.1065.100/uuf250-086.cnf,UNSAT,5.239,575,147811
benchmarks/satlib/uuf250-1065/UUF250.1065.100/uuf250-087.cnf,UNKNOWN,10.018,889,222556
benchmarks/satlib/uuf250-1065/UUF250.1065.100/uuf250-088.cnf,UNKNOWN,10.010,907,230817
benchmarks/satlib/uuf250-1065/UUF250.1065.100/uuf250-089.cnf,UNSAT,8.989,828,214192
benchmarks/satlib/uuf250-1065/UUF250.1065.100/uuf250-09.cnf,UNKNOWN,10.036,889,221922
benchmarks/satlib/uuf250-1065/UUF250.1065.100/uuf250-090.cnf,UNSAT,0.924,202,36723
benchmarks/satlib/uuf250-1065/UUF250.1065.100/uuf250-091.cnf,UNSAT,7.179,764,190649
benchmarks/satlib/uuf250-1065/UUF250.1065.100/uuf250-092.cnf,UNKNOWN,10.030,907,230320
benchmarks/satlib/uuf250-1065/UUF250.1065.100/uuf250-093.cnf,UNSAT,6.469,698,175915
benchmarks/satlib/uuf250-1065/UUF250.1065.100/uuf250-094.cnf,UNSAT,3.322,532,141271
benchmarks/satlib/uuf250-1065/UUF250.1065.100/uuf250-095.cnf,UNSAT,3.960,510,128363
benchmarks/satlib/uuf250-1065/UUF250.1065.100/uuf250-096.cnf,UNKNOWN,10.000,923,230434
benchmarks/satlib/uuf250-1065/UUF250.1065.100/uuf250-097.cnf,UNSAT,3.999,509,116136
benchmarks/satlib/uuf250-1065/UUF250.1065.100/uuf250-098.cnf,UNSAT,2.622,381,83556
benchmarks/satlib/uuf250-1065/UUF250.1065.100/uuf250-099.cnf,UNSAT,3.600,508,110480
benchmarks/satlib/uuf50-218/UUF50.218.1000/uuf50-01.cnf,UNSAT,0.000,1,0
benchmarks/satlib/uuf50-218/UUF50.218.1000/uuf50-010.cnf,UNSAT,0.000,0,0
benchmarks/satlib/uuf50-218/UUF50.218.1000/uuf50-0100.cnf,UNSAT,0.000,0,0
benchmarks/satlib/uuf50-218/UUF50.218.1000/uuf50-01000.cnf,UNSAT,0.000,0,0
benchmarks/satlib/uuf50-218/UUF50.218.1000/uuf50-0101.cnf,UNSAT,0.000,0,0
benchmarks/satlib/uuf50-218/UUF50.218.1000/uuf50-0102.cnf,UNSAT,0.000,1,0
benchmarks/satlib/uuf50-218/UUF50.218.1000/uuf50-0103.cnf,UNSAT,0.000,1,0
benchmarks/satlib/uuf50-218/UUF50.218.1000/uuf50-0104.cnf,UNSAT,0.000,1,0
benchmarks/satlib/uuf50-218/UUF50.218.1000/uuf50-0105.cnf,UNSAT,0.000,0,0
benchmarks/satlib/uuf50-218/UUF50.218.1000/uuf50-0106.cnf,UNSAT,0.000,1,0
benchmarks/satlib/uuf50-218/UUF50.218.1000/uuf50-0107.cnf,UNSAT,0.000,1,0
benchmarks/satlib/uuf50-218/UUF50.218.1000/uuf50-0108.cnf,UNSAT,0.000,0,0
benchmarks/satlib/uuf50-218/UUF50.218.1000/uuf50-0109.cnf,UNSAT,0.000,1,0
benchmarks/satlib/uuf50-218/UUF50.218.1000/uuf50-011.cnf,UNSAT,0.000,1,0
benchmarks/satlib/uuf50-218/UUF50.218.1000/uuf50-0110.cnf,UNSAT,0.000,1,0
benchmarks/satlib/uuf50-218/UUF50.218.1000/uuf50-0111.cnf,UNSAT,0.000,0,0
benchmarks/satlib/uuf50-218/UUF50.218.1000/uuf50-0112.cnf,UNSAT,0.000,1,0
benchmarks/satlib/uuf50-218/UUF50.218.1000/uuf50-0113.cnf,UNSAT,0.000,0,0
benchmarks/satlib/uuf50-218/UUF50.218.1000/uuf50-0114.cnf,UNSAT,0.000,1,0
benchmarks/satlib/uuf50-218/UUF50.218.1000/uuf50-0115.cnf,UNSAT,0.000,1,0
benchmarks/satlib/uuf50-218/UUF50.218.1000/uuf50-0116.cnf,UNSAT,0.000,0,0
benchmarks/satlib/uuf50-218/UUF50.218.1000/uuf50-0117.cnf,UNSAT,0.000,1,0
benchmarks/satlib/uuf50-218/UUF50.218.1000/uuf50-0118.cnf,UNSAT,0.000,0,0
benchmarks/satlib/uuf50-218/UUF50.218.1000/uuf50-0119.cnf,UNSAT,0.000,1,0
benchmarks/satlib/uuf50-218/UUF50.218.1000/uuf50-012.cnf,UNSAT,0.000,0,0
benchmarks/satlib/uuf50-218/UUF50.218.1000/uuf50-0120.cnf,UNSAT,0.000,1,0
benchmarks/satlib/uuf50-218/UUF50.218.1000/uuf50-0121.cnf,UNSAT,0.000,0,0
benchmarks/satlib/uuf50-218/UUF50.218.1000/uuf50-0122.cnf,UNSAT,0.000,0,0
benchmarks/satlib/uuf50-218/UUF50.218.1000/uuf50-0123.cnf,UNSAT,0.000,0,0
benchmarks/satlib/uuf50-218/UUF50.218.1000/uuf50-0124.cnf,UNSAT,0.000,1,0
benchmarks/satlib/uuf50-218/UUF50.218.1000/uuf50-0125.cnf,UNSAT,0.000,0,0
benchmarks/satlib/uuf50-218/UUF50.218.1000/uuf50-0126.cnf,UNSAT,0.000,1,0
benchmarks/satlib/uuf50-218/UUF50.218.1000/uuf50-0127.cnf,UNSAT,0.000,1,0
benchmarks/satlib/uuf50-218/UUF50.218.1000/uuf50-0128.cnf,UNSAT,0.000,1,0
benchmarks/satlib/uuf50-218/UUF50.218.1000/uuf50-0129.cnf,UNSAT,0.000,0,0
benchmarks/satlib/uuf50-218/UUF50.218.1000/uuf50-013.cnf,UNSAT,0.000,0,0
benchmarks/satlib/uuf50-218/UUF50.218.1000/uuf50-0130.cnf,UNSAT,0.000,1,0
benchmarks/satlib/uuf50-218/UUF50.218.1000/uuf50-0131.cnf,UNSAT,0.000,0,0
benchmarks/satlib/uuf50-218/UUF50.218.1000/uuf50-0132.cnf,UNSAT,0.000,1,0
benchmarks/satlib/uuf50-218/UUF50.218.1000/uuf50-0133.cnf,UNSAT,0.000,1,0
benchmarks/satlib/uuf50-218/UUF50.218.1000/uuf50-0134.cnf,UNSAT,0.000,1,0
benchmarks/satlib/uuf50-218/UUF50.218.1000/uuf50-0135.cnf,UNSAT,0.000,0,0
benchmarks/satlib/uuf50-218/UUF50.218.1000/uuf50-0136.cnf,UNSAT,0.000,1,0
benchmarks/satlib/uuf50-218/UUF50.218.1000/uuf50-0137.cnf,UNSAT,0.000,0,0
benchmarks/satlib/uuf50-218/UUF50.218.1000/uuf50-0138.cnf,UNSAT,0.000,0,0
benchmarks/satlib/uuf50-218/UUF50.218.1000/uuf50-0139.cnf,UNSAT,0.000,0,0
benchmarks/satlib/uuf50-218/UUF50.218.1000/uuf50-014.cnf,UNSAT,0.000,0,0
benchmarks/satlib/uuf50-218/UUF50.218.1000/uuf50-0140.cnf,UNSAT,0.000,0,0
benchmarks/satlib/uuf50-218/UUF50.218.1000/uuf50-0141.cnf,UNSAT,0.000,1,0
benchmarks/satlib/uuf50-218/UUF50.218.1000/uuf50-0142.cnf,UNSAT,0.000,1,0
benchmarks/satlib/uuf50-218/UUF50.218.1000/uuf50-0143.cnf,UNSAT,0.001,1,0
benchmarks/satlib/uuf50-218/UUF50.218.1000/uuf50-0144.cnf,UNSAT,0.000,0,0
benchmarks/satlib/uuf50-218/UUF50.218.1000/uuf50-0145.cnf,UNSAT,0.000,0,0
benchmarks/satlib/uuf50-218/UUF50.218.1000/uuf50-0146.cnf,UNSAT,0.000,0,0
benchmarks/satlib/uuf50-218/UUF50.218.1000/uuf50-0147.cnf,UNSAT,0.000,1,0
benchmarks/satlib/uuf50-218/UUF50.218.1000/uuf50-0148.cnf,UNSAT,0.000,1,0
benchmarks/satlib/uuf50-218/UUF50.218.1000/uuf50-0149.cnf,UNSAT,0.000,1,0
benchmarks/satlib/uuf50-218/UUF50.218.1000/uuf50-015.cnf,UNSAT,0.000,0,0
benchmarks/satlib/uuf50-218/UUF50.218.1000/uuf50-0150.cnf,UNSAT,0.000,1,0
benchmarks/satlib/uuf50-218/UUF50.218.1000/uuf50-0151.cnf,UNSAT,0.000,0,0
benchmarks/satlib/uuf50-218/UUF50.218.1000/uuf50-0152.cnf,UNSAT,0.000,0,0
benchmarks/satlib/uuf50-218/UUF50.218.1000/uuf50-0153.cnf,UNSAT,0.000,1,0
benchmarks/satlib/uuf50-218/UUF50.218.1000/uuf50-0154.cnf,UNSAT,0.000,1,0
benchmarks/satlib/uuf50-218/UUF50.218.1000/uuf50-0155.cnf,UNSAT,0.000,1,0
benchmarks/satlib/uuf50-218/UUF50.218.1000/uuf50-0156.cnf,UNSAT,0.000,0,0
benchmarks/satlib/uuf50-218/UUF50.218.1000/uuf50-0157.cnf,UNSAT,0.000,0,0
benchmarks/satlib/uuf50-218/UUF50.218.1000/uuf50-0158.cnf,UNSAT,0.000,0,0
benchmarks/satlib/uuf50-218/UUF50.218.1000/uuf50-0159.cnf,UNSAT,0.000,0,0
benchmarks/satlib/uuf50-218/UUF50.218.1000/uuf50-016.cnf,UNSAT,0.000,0,0
benchmarks/satlib/uuf50-218/UUF50.218.1000/uuf50-0160.cnf,UNSAT,0.000,1,0
benchmarks/satlib/uuf50-218/UUF50.218.1000/uuf50-0161.cnf,UNSAT,0.000,0,0
benchmarks/satlib/uuf50-218/UUF50.218.1000/uuf50-0162.cnf,UNSAT,0.000,0,0
benchmarks/satlib/uuf50-218/UUF50.218.1000/uuf50-0163.cnf,UNSAT,0.000,1,0
benchmarks/satlib/uuf50-218/UUF50.218.1000/uuf50-0164.cnf,UNSAT,0.000,0,0
benchmarks/satlib/uuf50-218/UUF50.218.1000/uuf50-0165.cnf,UNSAT,0.000,1,0
benchmarks/satlib/uuf50-218/UUF50.218.1000/uuf50-0166.cnf,UNSAT,0.000,0,0
benchmarks/satlib/uuf50-218/UUF50.218.1000/uuf50-0167.cnf,UNSAT,0.000,0,0
benchmarks/satlib/uuf50-218/UUF50.218.1000/uuf50-0168.cnf,UNSAT,0.000,0,0
benchmarks/satlib/uuf50-218/UUF50.218.1000/uuf50-0169.cnf,UNSAT,0.000,1,0
benchmarks/satlib/uuf50-218/UUF50.218.1000/uuf50-017.cnf,UNSAT,0.000,0,0
benchmarks/satlib/uuf50-218/UUF50.218.1000/uuf50-0170.cnf,UNSAT,0.000,0,0
benchmarks/satlib/uuf50-218/UUF50.218.1000/uuf50-0171.cnf,UNSAT,0.000,1,0
benchmarks/satlib/uuf50-218/UUF50.218.1000/uuf50-0172.cnf,UNSAT,0.000,0,0
benchmarks/satlib/uuf50-218/UUF50.218.1000/uuf50-0173.cnf,UNSAT,0.000,1,0
benchmarks/satlib/uuf50-218/UUF50.218.1000/uuf50-0174.cnf,UNSAT,0.000,0,0
benchmarks/satlib/uuf50-218/UUF50.218.1000/uuf50-0175.cnf,UNSAT,0.000,0,0
benchmarks/satlib/uuf50-218/UUF50.218.1000/uuf50-0176.cnf,UNSAT,0.000,1,0
benchmarks/satlib/uuf50-218/UUF50.218.1000/uuf50-0177.cnf,UNSAT,0.000,0,0
benchmarks/satlib/uuf50-218/UUF50.218.1000/uuf50-0178.cnf,UNSAT,0.000,1,0
benchmarks/satlib/uuf50-218/UUF50.218.1000/uuf50-0179.cnf,UNSAT,0.000,0,0
benchmarks/satlib/uuf50-218/UUF50.218.1000/uuf50-018.cnf,UNSAT,0.000,0,0
benchmarks/satlib/uuf50-218/UUF50.218.1000/uuf50-0180.cnf,UNSAT,0.000,1,0
benchmarks/satlib/uuf50-218/UUF50.218.1000/uuf50-0181.cnf,UNSAT,0.000,0,0
benchmarks/satlib/uuf50-218/UUF50.218.1000/uuf50-0182.cnf,UNSAT,0.000,1,0
benchmarks/satlib/uuf50-218/UUF50.218.1000/uuf50-0183.cnf,UNSAT,0.000,0,0
benchmarks/satlib/uuf50-218/UUF50.218.1000/uuf50-0184.cnf,UNSAT,0.000,1,0
benchmarks/satlib/uuf50-218/UUF50.218.1000/uuf50-0185.cnf,UNSAT,0.000,0,0
benchmarks/satlib/uuf50-218/UUF50.218.1000/uuf50-0186.cnf,UNSAT,0.000,0,0
benchmarks/satlib/uuf50-218/UUF50.218.1000/uuf50-0187.cnf,UNSAT,0.000,1,0
benchmarks/satlib/uuf50-218/UUF50.218.1000/uuf50-0188.cnf,UNSAT,0.000,0,0
benchmarks/satlib/uuf50-218/UUF50.218.1000/uuf50-0189.cnf,UNSAT,0.000,1,0
benchmarks/satlib/uuf50-218/UUF50.218.1000/uuf50-019.cnf,UNSAT,0.000,0,0
benchmarks/satlib/uuf50-218/UUF50.218.1000/uuf50-0190.cnf,UNSAT,0.000,1,0
benchmarks/satlib/uuf50-218/UUF50.218.1000/uuf50-0191.cnf,UNSAT,0.000,0,0
benchmarks/satlib/uuf50-218/UUF50.218.1000/uuf50-0192.cnf,UNSAT,0.000,0,0
benchmarks/satlib/uuf50-218/UUF50.218.1000/uuf50-0193.cnf,UNSAT,0.000,0,0
benchmarks/satlib/uuf50-218/UUF50.218.1000/uuf50-0194.cnf,UNSAT,0.000,1,0
benchmarks/satlib/uuf50-218/UUF50.218.1000/uuf50-0195.cnf,UNSAT,0.000,1,0
benchmarks/satlib/uuf50-218/UUF50.218.1000/uuf50-0196.cnf,UNSAT,0.000,0,0
benchmarks/satlib/uuf50-218/UUF50.218.1000/uuf50-0197.cnf,UNSAT,0.000,0,0
benchmarks/satlib/uuf50-218/UUF50.218.1000/uuf50-0198.cnf,UNSAT,0.000,0,0
benchmarks/satlib/uuf50-218/UUF50.218.1000/uuf50-0199.cnf,UNSAT,0.000,1,0
benchmarks/satlib/uuf50-218/UUF50.218.1000/uuf50-02.cnf,UNSAT,0.000,0,0
benchmarks/satlib/uuf50-218/UUF50.218.1000/uuf50-020.cnf,UNSAT,0.000,1,0
benchmarks/satlib/uuf50-218/UUF50.218.1000/uuf50-0200.cnf,UNSAT,0.000,0,0
benchmarks/satlib/uuf50-218/UUF50.218.1000/uuf50-0201.cnf,UNSAT,0.000,0,0
benchmarks/satlib/uuf50-218/UUF50.218.1000/uuf50-0202.cnf,UNSAT,0.000,0,0
benchmarks/satlib/uuf50-218/UUF50.218.1000/uuf50-0203.cnf,UNSAT,0.000,0,0
benchmarks/satlib/uuf50-218/UUF50.218.1000/uuf50-0204.cnf,UNSAT,0.000,0,0
benchmarks/satlib/uuf50-218/UUF50.218.1000/uuf50-0205.cnf,UNSAT,0.000,1,0
benchmarks/satlib/uuf50-218/UUF50.218.1000/uuf50-0206.cnf,UNSAT,0.000,0,0
benchmarks/satlib/uuf50-218/UUF50.218.1000/uuf50-0207.cnf,UNSAT,0.000,1,0
benchmarks/satlib/uuf50-218/UUF50.218.1000/uuf50-0208.cnf,UNSAT,0.000,0,0
benchmarks/satlib/uuf50-218/UUF50.218.1000/uuf50-0209.cnf,UNSAT,0.000,1,0
benchmarks/satlib/uuf50-218/UUF50.218.1000/uuf50-021.cnf,UNSAT,0.000,1,0
benchmarks/satlib/uuf50-218/UUF50.218.1000/uuf50-0210.cnf,UNSAT,0.000,0,0
benchmarks/satlib/uuf50-218/UUF50.218.1000/uuf50-0211.cnf,UNSAT,0.000,1,0
benchmarks/satlib/uuf50-218/UUF50.218.1000/uuf50-0212.cnf,UNSAT,0.000,0,0
benchmarks/satlib/uuf50-218/UUF50.218.1000/uuf50-0213.cnf,UNSAT,0.000,1,0
benchmarks/satlib/uuf50-218/UUF50.218.1000/uuf50-0214.cnf,UNSAT,0.000,1,0
benchmarks/satlib/uuf50-218/UUF50.218.1000/uuf50-0215.cnf,UNSAT,0.000,0,0
benchmarks/satlib/uuf50-218/UUF50.218.1000/uuf50-0216.cnf,UNSAT,0.000,0,0
benchmarks/satlib/uuf50-218/UUF50.218.1000/uuf50-0217.cnf,UNSAT,0.000,1,0
benchmarks/satlib/uuf50-218/UUF50.218.1000/uuf50-0218.cnf,UNSAT,0.000,0,0
benchmarks/satlib/uuf50-218/UUF50.218.1000/uuf50-0219.cnf,UNSAT,0.000,1,0
benchmarks/satlib/uuf50-218/UUF50.218.1000/uuf50-022.cnf,UNSAT,0.000,1,0
benchmarks/satlib/uuf50-218/UUF50.218.1000/uuf50-0220.cnf,UNSAT,0.000,1,0
benchmarks/satlib/uuf50-218/UUF50.218.1000/uuf50-0221.cnf,UNSAT,0.000,0,0
benchmarks/satlib/uuf50-218/UUF50.218.1000/uuf50-0222.cnf,UNSAT,0.000,0,0
benchmarks/satlib/uuf50-218/UUF50.218.1000/uuf50-0223.cnf,UNSAT,0.000,1,0
benchmarks/satlib/uuf50-218/UUF50.218.1000/uuf50-0224.cnf,UNSAT,0.000,1,0
benchmarks/satlib/uuf50-218/UUF50.218.1000/uuf50-0225.cnf,UNSAT,0.000,1,0
benchmarks/satlib/uuf50-218/UUF50.218.1000/uuf50-0226.cnf,UNSAT,0.000,1,0
benchmarks/satlib/uuf50-218/UUF50.218.1000/uuf50-0227.cnf,UNSAT,0.000,0,0
benchmarks/satlib/uuf50-218/UUF50.218.1000/uuf50-0228.cnf,UNSAT,0.000,0,0
benchmarks/satlib/uuf50-218/UUF50.218.1000/uuf50-0229.cnf,UNSAT,0.000,0,0
benchmarks/satlib/uuf50-218/UUF50.218.1000/uuf50-023.cnf,UNSAT,0.000,0,0
benchmarks/satlib/uuf50-218/UUF50.218.1000/uuf50-0230.cnf,UNSAT,0.001,1,0
benchmarks/satlib/uuf50-218/UUF50.218.1000/uuf50-0231.cnf,UNSAT,0.000,0,0
benchmarks/satlib/uuf50-218/UUF50.218.1000/uuf50-0232.cnf,UNSAT,0.000,0,0
benchmarks/satlib/uuf50-218/UUF50.218.1000/uuf50-0233.cnf,UNSAT,0.000,0,0
benchmarks/satlib/uuf50-218/UUF50.218.1000/uuf50-0234.cnf,UNSAT,0.000,1,0
benchmarks/satlib/uuf50-218/UUF50.218.1000/uuf50-0235.cnf,UNSAT,0.000,1,0
benchmarks/satlib/uuf50-218/UUF50.218.1000/uuf50-0236.cnf,UNSAT,0.000,1,0
benchmarks/satlib/uuf50-218/UUF50.218.1000/uuf50-0237.cnf,UNSAT,0.000,1,0
benchmarks/satlib/uuf50-218/UUF50.218.1000/uuf50-0238.cnf,UNSAT,0.000,0,0
benchmarks/satlib/uuf50-218/UUF50.218.1000/uuf50-0239.cnf,UNSAT,0.000,1,0
benchmarks/satlib/uuf50-218/UUF50.218.1000/uuf50-024.cnf,UNSAT,0.000,0,0
benchmarks/satlib/uuf50-218/UUF50.218.1000/uuf50-0240.cnf,UNSAT,0.000,0,0
benchmarks/satlib/uuf50-218/UUF50.218.1000/uuf50-0241.cnf,UNSAT,0.000,0,0
benchmarks/satlib/uuf50-218/UUF50.218.1000/uuf50-0242.cnf,UNSAT,0.000,0,0
benchmarks/satlib/uuf50-218/UUF50.218.1000/uuf50-0243.cnf,UNSAT,0.000,0,0
benchmarks/satlib/uuf50-218/UUF50.218.1000/uuf50-0244.cnf,UNSAT,0.000,1,0
benchmarks/satlib/uuf50-218/UUF50.218.1000/uuf50-0245.cnf,UNSAT,0.000,1,0
benchmarks/satlib/uuf50-218/UUF50.218.1000/uuf50-0246.cnf,UNSAT,0.000,1,0
benchmarks/satlib/uuf50-218/UUF50.218.1000/uuf50-0247.cnf,UNSAT,0.000,1,0
benchmarks/satlib/uuf50-218/UUF50.218.1000/uuf50-0248.cnf,UNSAT,0.000,0,0
benchmarks/satlib/uuf50-218/UUF50.218.1000/uuf50-0249.cnf,UNSAT,0.000,0,0
benchmarks/satlib/uuf50-218/UUF50.218.1000/uuf50-025.cnf,UNSAT,0.000,1,0
benchmarks/satlib/uuf50-218/UUF50.218.1000/uuf50-0250.cnf,UNSAT,0.000,0,0
benchmarks/satlib/uuf50-218/UUF50.218.1000/uuf50-0251.cnf,UNSAT,0.000,1,0
benchmarks/satlib/uuf50-218/UUF50.218.1000/uuf50-0252.cnf,UNSAT,0.000,1,0
benchmarks/satlib/uuf50-218/UUF50.218.1000/uuf50-0253.cnf,UNSAT,0.000,0,0
benchmarks/satlib/uuf50-218/UUF50.218.1000/uuf50-0254.cnf,UNSAT,0.000,0,0
benchmarks/satlib/uuf50-218/UUF50.218.1000/uuf50-0255.cnf,UNSAT,0.000,1,0
benchmarks/satlib/uuf50-218/UUF50.218.1000/uuf50-0256.cnf,UNSAT,0.000,1,0
benchmarks/satlib/uuf50-218/UUF50.218.1000/uuf50-0257.cnf,UNSAT,0.000,0,0
benchmarks/satlib/uuf50-218/UUF50.218.1000/uuf50-0258.cnf,UNSAT,0.000,0,0
benchmarks/satlib/uuf50-218/UUF50.218.1000/uuf50-0259.cnf,UNSAT,0.000,0,0
benchmarks/satlib/uuf50-218/UUF50.218.1000/uuf50-026.cnf,UNSAT,0.000,0,0
benchmarks/satlib/uuf50-218/UUF50.218.1000/uuf50-0260.cnf,UNSAT,0.000,0,0
benchmarks/satlib/uuf50-218/UUF50.218.1000/uuf50-0261.cnf,UNSAT,0.000,0,0
benchmarks/satlib/uuf50-218/UUF50.218.1000/uuf50-0262.cnf,UNSAT,0.000,0,0
benchmarks/satlib/uuf50-218/UUF50.218.1000/uuf50-0263.cnf,UNSAT,0.000,1,0
benchmarks/satlib/uuf50-218/UUF50.218.1000/uuf50-0264.cnf,UNSAT,0.000,0,0
benchmarks/satlib/uuf50-218/UUF50.218.1000/uuf50-0265.cnf,UNSAT,0.000,1,0
benchmarks/satlib/uuf50-218/UUF50.218.1000/uuf50-0266.cnf,UNSAT,0.000,0,0
benchmarks/satlib/uuf50-218/UUF50.218.1000/uuf50-0267.cnf,UNSAT,0.000,1,0
benchmarks/satlib/uuf50-218/UUF50.218.1000/uuf50-0268.cnf,UNSAT,0.000,1,0
benchmarks/satlib/uuf50-218/UUF50.218.1000/uuf50-0269.cnf,UNSAT,0.000,0,0
benchmarks/satlib/uuf50-218/UUF50.218.1000/uuf50-027.cnf,UNSAT,0.000,1,0
benchmarks/satlib/uuf50-218/UUF50.218.1000/uuf50-0270.cnf,UNSAT,0.000,0,0
benchmarks/satlib/uuf50-218/UUF50.218.1000/uuf50-0271.cnf,UNSAT,0.000,0,0
benchmarks/satlib/uuf50-218/UUF50.218.1000/uuf50-0272.cnf,UNSAT,0.000,1,0
benchmarks/satlib/uuf50-218/UUF50.218.1000/uuf50-0273.cnf,UNSAT,0.000,0,0
benchmarks/satlib/uuf50-218/UUF50.218.1000/uuf50-0274.cnf,UNSAT,0.000,0,0
benchmarks/satlib/uuf50-218/UUF50.218.1000/uuf50-0275.cnf,UNSAT,0.000,1,0
benchmarks/satlib/uuf50-218/UUF50.218.1000/uuf50-0276.cnf,UNSAT,0.000,1,0
benchmarks/satlib/uuf50-218/UUF50.218.1000/uuf50-0277.cnf,UNSAT,0.000,0,0
benchmarks/satlib/uuf50-218/UUF50.218.1000/uuf50-0278.cnf,UNSAT,0.000,0,0
benchmarks/satlib/uuf50-218/UUF50.218.1000/uuf50-0279.cnf,UNSAT,0.000,1,0
benchmarks/satlib/uuf50-218/UUF50.218.1000/uuf50-028.cnf,UNSAT,0.000,0,0
benchmarks/satlib/uuf50-218/UUF50.218.1000/uuf50-0280.cnf,UNSAT,0.000,0,0
benchmarks/satlib/uuf50-218/UUF50.218.1000/uuf50-0281.cnf,UNSAT,0.000,1,0
benchmarks/satlib/uuf50-218/UUF50.218.1000/uuf50-0282.cnf,UNSAT,0.000,1,0
benchmarks/satlib/uuf50-218/UUF50.218.1000/uuf50-0283.cnf,UNSAT,0.000,0,0
benchmarks/satlib/uuf50-218/UUF50.218.1000/uuf50-0284.cnf,UNSAT,0.000,0,0
benchmarks/satlib/uuf50-218/UUF50.218.1000/uuf50-0285.cnf,UNSAT,0.000,1,0
benchmarks/satlib/uuf50-218/UUF50.218.1000/uuf50-0286.cnf,UNSAT,0.000,0,0
benchmarks/satlib/uuf50-218/UUF50.218.1000/uuf50-0287.cnf,UNSAT,0.000,1,0
benchmarks/satlib/uuf50-218/UUF50.218.1000/uuf50-0288.cnf,UNSAT,0.000,0,0
benchmarks/satlib/uuf50-218/UUF50.218.1000/uuf50-0289.cnf,UNSAT,0.000,0,0
benchmarks/satlib/uuf50-218/UUF50.218.1000/uuf50-029.cnf,UNSAT,0.000,0,0
benchmarks/satlib/uuf50-218/UUF50.218.1000/uuf50-0290.cnf,UNSAT,0.000,0,0
benchmarks/satlib/uuf50-218/UUF50.218.1000/uuf50-0291.cnf,UNSAT,0.000,0,0
benchmarks/satlib/uuf50-218/UUF50.218.1000/uuf50-0292.cnf,UNSAT,0.000,0,0
benchmarks/satlib/uuf50-218/UUF50.218.1000/uuf50-0293.cnf,UNSAT,0.000,0,0
benchmarks/satlib/uuf50-218/UUF50.218.1000/uuf50-0294.cnf,UNSAT,0.000,0,0
benchmarks/satlib/uuf50-218/UUF50.218.1000/uuf50-0295.cnf,UNSAT,0.000,1,0
benchmarks/satlib/uuf50-218/UUF50.218.1000/uuf50-0296.cnf,UNSAT,0.000,0,0
benchmarks/satlib/uuf50-218/UUF50.218.1000/uuf50-0297.cnf,UNSAT,0.000,1,0
benchmarks/satlib/uuf50-218/UUF50.218.1000/uuf50-0298.cnf,UNSAT,0.000,0,0
benchmarks/satlib/uuf50-218/UUF50.218.1000/uuf50-0299.cnf,UNSAT,0.000,1,0
benchmarks/satlib/uuf50-218/UUF50.218.1000/uuf50-03.cnf,UNSAT,0.000,0,0
benchmarks/satlib/uuf50-218/UUF50.218.1000/uuf50-030.cnf,UNSAT,0.000,0,0
benchmarks/satlib/uuf50-218/UUF50.218.1000/uuf50-0300.cnf,UNSAT,0.000,1,0
benchmarks/satlib/uuf50-218/UUF50.218.1000/uuf50-0301.cnf,UNSAT,0.000,1,0
benchmarks/satlib/uuf50-218/UUF50.218.1000/uuf50-0302.cnf,UNSAT,0.000,1,0
benchmarks/satlib/uuf50-218/UUF50.218.1000/uuf50-0303.cnf,UNSAT,0.000,0,0
benchmarks/satlib/uuf50-218/UUF50.218.1000/uuf50-0304.cnf,UNSAT,0.000,1,0
benchmarks/satlib/uuf50-218/UUF50.218.1000/uuf50-0305.cnf,UNSAT,0.000,1,0
benchmarks/satlib/uuf50-218/UUF50.218.1000/uuf50-0306.cnf,UNSAT,0.000,0,0
benchmarks/satlib/uuf50-218/UUF50.218.1000/uuf50-0307.cnf,UNSAT,0.000,0,0
benchmarks/satlib/uuf50-218/UUF50.218.1000/uuf50-0308.cnf,UNSAT,0.000,1,0
benchmarks/satlib/uuf50-218/UUF50.218.1000/uuf50-0309.cnf,UNSAT,0.000,1,0
benchmarks/satlib/uuf50-218/UUF50.218.1000/uuf50-031.cnf,UNSAT,0.000,1,0
benchmarks/satlib/uuf50-218/UUF50.218.1000/uuf50-0310.cnf,UNSAT,0.000,0,0
benchmarks/satlib/uuf50-218/UUF50.218.1000/uuf50-0311.cnf,UNSAT,0.000,1,0
benchmarks/satlib/uuf50-218/UUF50.218.1000/uuf50-0312.cnf,UNSAT,0.000,1,0
benchmarks/satlib/uuf50-218/UUF50.218.1000/uuf50-0313.cnf,UNSAT,0.000,1,0
benchmarks/satlib/uuf50-218/UUF50.218.1000/uuf50-0314.cnf,UNSAT,0.000,1,0
benchmarks/satlib/uuf50-218/UUF50.218.1000/uuf50-0315.cnf,UNSAT,0.000,1,0
benchmarks/satlib/uuf50-218/UUF50.218.1000/uuf50-0316.cnf,UNSAT,0.000,1,0
benchmarks/satlib/uuf50-218/UUF50.218.1000/uuf50-0317.cnf,UNSAT,0.000,0,0
benchmarks/satlib/uuf50-218/UUF50.218.1000/uuf50-0318.cnf,UNSAT,0.000,0,0
benchmarks/satlib/uuf50-218/UUF50.218.1000/uuf50-0319.cnf,UNSAT,0.000,0,0
benchmarks/satlib/uuf50-218/UUF50.218.1000/uuf50-032.cnf,UNSAT,0.000,0,0
benchmarks/satlib/uuf50-218/UUF50.218.1000/uuf50-0320.cnf,UNSAT,0.000,1,0
benchmarks/satlib/uuf50-218/UUF50.218.1000/uuf50-0321.cnf,UNSAT,0.000,0,0
benchmarks/satlib/uuf50-218/UUF50.218.1000/uuf50-0322.cnf,UNSAT,0.000,1,0
benchmarks/satlib/uuf50-218/UUF50.218.1000/uuf50-0323.cnf,UNSAT,0.000,1,0
benchmarks/satlib/uuf50-218/UUF50.218.1000/uuf50-0324.cnf,UNSAT,0.000,1,0
benchmarks/satlib/uuf50-218/UUF50.218.1000/uuf50-0325.cnf,UNSAT,0.000,0,0
benchmarks/satlib/uuf50-218/UUF50.218.1000/uuf50-0326.cnf,UNSAT,0.000,1,0
benchmarks/satlib/uuf50-218/UUF50.218.1000/uuf50-0327.cnf,UNSAT,0.000,0,0
benchmarks/satlib/uuf50-218/UUF50.218.1000/uuf50-0328.cnf,UNSAT,0.000,1,0
benchmarks/satlib/uuf50-218/UUF50.218.1000/uuf50-0329.cnf,UNSAT,0.000,1,0
benchmarks/satlib/uuf50-218/UUF50.218.1000/uuf50-033.cnf,UNSAT,0.000,0,0
benchmarks/satlib/uuf50-218/UUF50.218.1000/uuf50-0330.cnf,UNSAT,0.000,0,0
benchmarks/satlib/uuf50-218/UUF50.218.1000/uuf50-0331.cnf,UNSAT,0.000,0,0
benchmarks/satlib/uuf50-218/UUF50.218.1000/uuf50-0332.cnf,UNSAT,0.000,1,0
benchmarks/satlib/uuf50-218/UUF50.218.1000/uuf50-0333.cnf,UNSAT,0.000,0,0
benchmarks/satlib/uuf50-218/UUF50.218.1000/uuf50-0334.cnf,UNSAT,0.000,1,0
benchmarks/satlib/uuf50-218/UUF50.218.1000/uuf50-0335.cnf,UNSAT,0.000,0,0
benchmarks/satlib/uuf50-218/UUF50.218.1000/uuf50-0336.cnf,UNSAT,0.000,1,0
benchmarks/satlib/uuf50-218/UUF50.218.1000/uuf50-0337.cnf,UNSAT,0.000,1,0
benchmarks/satlib/uuf50-218/UUF50.218.1000/uuf50-0338.cnf,UNSAT,0.000,1,0
benchmarks/satlib/uuf50-218/UUF50.218.1000/uuf50-0339.cnf,UNSAT,0.000,1,0
benchmarks/satlib/uuf50-218/UUF50.218.1000/uuf50-034.cnf,UNSAT,0.000,0,0
benchmarks/satlib/uuf50-218/UUF50.218.1000/uuf50-0340.cnf,UNSAT,0.000,0,0
benchmarks/satlib/uuf50-218/UUF50.218.1000/uuf50-0341.cnf,UNSAT,0.000,1,0
benchmarks/satlib/uuf50-218/UUF50.218.1000/uuf50-0342.cnf,UNSAT,0.000,1,0
benchmarks/satlib/uuf50-218/UUF50.218.1000/uuf50-0343.cnf,UNSAT,0.000,0,0
benchmarks/satlib/uuf50-218/UUF50.218.1000/uuf50-0344.cnf,UNSAT,0.000,0,0
benchmarks/satlib/uuf50-218/UUF50.218.1000/uuf50-0345.cnf,UNSAT,0.000,1,0
benchmarks/satlib/uuf50-218/UUF50.218.1000/uuf50-0346.cnf,UNSAT,0.000,0,0
benchmarks/satlib/uuf50-218/UUF50.218.1000/uuf50-0347.cnf,UNSAT,0.000,1,0
benchmarks/satlib/uuf50-218/UUF50.218.1000/uuf50-0348.cnf,UNSAT,0.000,0,0
benchmarks/satlib/uuf50-218/UUF50.218.1000/uuf50-0349.cnf,UNSAT,0.000,1,0
benchmarks/satlib/uuf50-218/UUF50.218.1000/uuf50-035.cnf,UNSAT,0.000,1,0
benchmarks/satlib/uuf50-218/UUF50.218.1000/uuf50-0350.cnf,UNSAT,0.000,1,0
benchmarks/satlib/uuf50-218/UUF50.218.1000/uuf50-0351.cnf,UNSAT,0.000,0,0
benchmarks/satlib/uuf50-218/UUF50.218.1000/uuf50-0352.cnf,UNSAT,0.000,0,0
benchmarks/satlib/uuf50-218/UUF50.218.1000/uuf50-0353.cnf,UNSAT,0.000,1,0
benchmarks/satlib/uuf50-218/UUF50.218.1000/uuf50-0354.cnf,UNSAT,0.000,1,0
benchmarks/satlib/uuf50-218/UUF50.218.1000/uuf50-0355.cnf,UNSAT,0.000,1,0
benchmarks/satlib/uuf50-218/UUF50.218.1000/uuf50-0356.cnf,UNSAT,0.000,1,0
benchmarks/satlib/uuf50-218/UUF50.218.1000/uuf50-0357.cnf,UNSAT,0.000,0,0
benchmarks/satlib/uuf50-218/UUF50.218.1000/uuf50-0358.cnf,UNSAT,0.000,0,0
benchmarks/satlib/uuf50-218/UUF50.218.1000/uuf50-0359.cnf,UNSAT,0.000,1,0
benchmarks/satlib/uuf50-218/UUF50.218.1000/uuf50-036.cnf,UNSAT,0.000,1,0
benchmarks/satlib/uuf50-218/UUF50.218.1000/uuf50-0360.cnf,UNSAT,0.000,0,0
benchmarks/satlib/uuf50-218/UUF50.218.1000/uuf50-0361.cnf,UNSAT,0.000,0,0
benchmarks/satlib/uuf50-218/UUF50.218.1000/uuf50-0362.cnf,UNSAT,0.000,1,0
benchmarks/satlib/uuf50-218/UUF50.218.1000/uuf50-0363.cnf,UNSAT,0.000,1,0
benchmarks/satlib/uuf50-218/UUF50.218.1000/uuf50-0364.cnf,UNSAT,0.000,0,0
benchmarks/satlib/uuf50-218/UUF50.218.1000/uuf50-0365.cnf,UNSAT,0.000,1,0
benchmarks/satlib/uuf50-218/UUF50.218.1000/uuf50-0366.cnf,UNSAT,0.000,1,0
benchmarks/satlib/uuf50-218/UUF50.218.1000/uuf50-0367.cnf,UNSAT,0.000,1,0
benchmarks/satlib/uuf50-218/UUF50.218.1000/uuf50-0368.cnf,UNSAT,0.000,0,0
benchmarks/satlib/uuf50-218/UUF50.218.1000/uuf50-0369.cnf,UNSAT,0.000,1,0
benchmarks/satlib/uuf50-218/UUF50.218.1000/uuf50-037.cnf,UNSAT,0.000,0,0
benchmarks/satlib/uuf50-218/UUF50.218.1000/uuf50-0370.cnf,UNSAT,0.000,1,0
benchmarks/satlib/uuf50-218/UUF50.218.1000/uuf50-0371.cnf,UNSAT,0.000,1,0
benchmarks/satlib/uuf50-218/UUF50.218.1000/uuf50-0372.cnf,UNSAT,0.000,0,0
benchmarks/satlib/uuf50-218/UUF50.218.1000/uuf50-0373.cnf,UNSAT,0.000,0,0
benchmarks/satlib/uuf50-218/UUF50.218.1000/uuf50-0374.cnf,UNSAT,0.000,1,0
benchmarks/satlib/uuf50-218/UUF50.218.1000/uuf50-0375.cnf,UNSAT,0.000,1,0
benchmarks/satlib/uuf50-218/UUF50.218.1000/uuf50-0376.cnf,UNSAT,0.000,0,0
benchmarks/satlib/uuf50-218/UUF50.218.1000/uuf50-0377.cnf,UNSAT,0.000,0,0
benchmarks/satlib/uuf50-218/UUF50.218.1000/uuf50-0378.cnf,UNSAT,0.000,0,0
benchmarks/satlib/uuf50-218/UUF50.218.1000/uuf50-0379.cnf,UNSAT,0.000,0,0
benchmarks/satlib/uuf50-218/UUF50.218.1000/uuf50-038.cnf,UNSAT,0.000,0,0
benchmarks/satlib/uuf50-218/UUF50.218.1000/uuf50-0380.cnf,UNSAT,0.000,0,0
benchmarks/satlib/uuf50-218/UUF50.218.1000/uuf50-0381.cnf,UNSAT,0.000,0,0
benchmarks/satlib/uuf50-218/UUF50.218.1000/uuf50-0382.cnf,UNSAT,0.000,0,0
benchmarks/satlib/uuf50-218/UUF50.218.1000/uuf50-0383.cnf,UNSAT,0.000,0,0
benchmarks/satlib/uuf50-218/UUF50.218.1000/uuf50-0384.cnf,UNSAT,0.000,0,0
benchmarks/satlib/uuf50-218/UUF50.218.1000/uuf50-0385.cnf,UNSAT,0.000,0,0
benchmarks/satlib/uuf50-218/UUF50.218.1000/uuf50-0386.cnf,UNSAT,0.000,1,0
benchmarks/satlib/uuf50-218/UUF50.218.1000/uuf50-0387.cnf,UNSAT,0.000,0,0
benchmarks/satlib/uuf50-218/UUF50.218.1000/uuf50-0388.cnf,UNSAT,0.000,1,0
benchmarks/satlib/uuf50-218/UUF50.218.1000/uuf50-0389.cnf,UNSAT,0.000,1,0
benchmarks/satlib/uuf50-218/UUF50.218.1000/uuf50-039.cnf,UNSAT,0.000,0,0
benchmarks/satlib/uuf50-218/UUF50.218.1000/uuf50-0390.cnf,UNSAT,0.000,0,0
benchmarks/satlib/uuf50-218/UUF50.218.1000/uuf50-0391.cnf,UNSAT,0.000,1,0
benchmarks/satlib/uuf50-218/UUF50.218.1000/uuf50-0392.cnf,UNSAT,0.000,0,0
benchmarks/satlib/uuf50-218/UUF50.218.1000/uuf50-0393.cnf,UNSAT,0.000,0,0
benchmarks/satlib/uuf50-218/UUF50.218.1000/uuf50-0394.cnf,UNSAT,0.000,0,0
benchmarks/satlib/uuf50-218/UUF50.218.1000/uuf50-0395.cnf,UNSAT,0.000,0,0
benchmarks/satlib/uuf50-218/UUF50.218.1000/uuf50-0396.cnf,UNSAT,0.000,1,0
benchmarks/satlib/uuf50-218/UUF50.218.1000/uuf50-0397.cnf,UNSAT,0.000,0,0
benchmarks/satlib/uuf50-218/UUF50.218.1000/uuf50-0398.cnf,UNSAT,0.000,1,0
benchmarks/satlib/uuf50-218/UUF50.218.1000/uuf50-0399.cnf,UNSAT,0.000,0,0
benchmarks/satlib/uuf50-218/UUF50.218.1000/uuf50-04.cnf,UNSAT,0.000,1,0
benchmarks/satlib/uuf50-218/UUF50.218.1000/uuf50-040.cnf,UNSAT,0.000,1,0
benchmarks/satlib/uuf50-218/UUF50.218.1000/uuf50-0400.cnf,UNSAT,0.000,0,0
benchmarks/satlib/uuf50-218/UUF50.218.1000/uuf50-0401.cnf,UNSAT,0.000,1,0
benchmarks/satlib/uuf50-218/UUF50.218.1000/uuf50-0402.cnf,UNSAT,0.000,0,0
benchmarks/satlib/uuf50-218/UUF50.218.1000/uuf50-0403.cnf,UNSAT,0.000,1,0
benchmarks/satlib/uuf50-218/UUF50.218.1000/uuf50-0404.cnf,UNSAT,0.000,0,0
benchmarks/satlib/uuf50-218/UUF50.218.1000/uuf50-0405.cnf,UNSAT,0.000,1,0
benchmarks/satlib/uuf50-218/UUF50.218.1000/uuf50-0406.cnf,UNSAT,0.000,1,0
benchmarks/satlib/uuf50-218/UUF50.218.1000/uuf50-0407.cnf,UNSAT,0.000,0,0
benchmarks/satlib/uuf50-218/UUF50.218.1000/uuf50-0408.cnf,UNSAT,0.000,0,0
benchmarks/satlib/uuf50-218/UUF50.218.1000/uuf50-0409.cnf,UNSAT,0.000,1,0
benchmarks/satlib/uuf50-218/UUF50.218.1000/uuf50-041.cnf,UNSAT,0.000,0,0
benchmarks/satlib/uuf50-218/UUF50.218.1000/uuf50-0410.cnf,UNSAT,0.000,0,0
benchmarks/satlib/uuf50-218/UUF50.218.1000/uuf50-0411.cnf,UNSAT,0.000,1,0
benchmarks/satlib/uuf50-218/UUF50.218.1000/uuf50-0412.cnf,UNSAT,0.000,0,0
benchmarks/satlib/uuf50-218/UUF50.218.1000/uuf50-0413.cnf,UNSAT,0.000,0,0
benchmarks/satlib/uuf50-218/UUF50.218.1000/uuf50-0414.cnf,UNSAT,0.000,0,0
benchmarks/satlib/uuf50-218/UUF50.218.1000/uuf50-0415.cnf,UNSAT,0.000,0,0
benchmarks/satlib/uuf50-218/UUF50.218.1000/uuf50-0416.cnf,UNSAT,0.000,0,0
benchmarks/satlib/uuf50-218/UUF50.218.1000/uuf50-0417.cnf,UNSAT,0.000,1,0
benchmarks/satlib/uuf50-218/UUF50.218.1000/uuf50-0418.cnf,UNSAT,0.000,1,0
benchmarks/satlib/uuf50-218/UUF50.218.1000/uuf50-0419.cnf,UNSAT,0.000,0,0
benchmarks/satlib/uuf50-218/UUF50.218.1000/uuf50-042.cnf,UNSAT,0.000,1,0
benchmarks/satlib/uuf50-218/UUF50.218.1000/uuf50-0420.cnf,UNSAT,0.000,1,0
benchmarks/satlib/uuf50-218/UUF50.218.1000/uuf50-0421.cnf,UNSAT,0.000,1,0
benchmarks/satlib/uuf50-218/UUF50.218.1000/uuf50-0422.cnf,UNSAT,0.000,1,0
benchmarks/satlib/uuf50-218/UUF50.218.1000/uuf50-0423.cnf,UNSAT,0.000,1,0
benchmarks/satlib/uuf50-218/UUF50.218.1000/uuf50-0424.cnf,UNSAT,0.000,1,0
benchmarks/satlib/uuf50-218/UUF50.218.1000/uuf50-0425.cnf,UNSAT,0.000,0,0
benchmarks/satlib/uuf50-218/UUF50.218.1000/uuf50-0426.cnf,UNSAT,0.000,1,0
benchmarks/satlib/uuf50-218/UUF50.218.1000/uuf50-0427.cnf,UNSAT,0.000,1,0
benchmarks/satlib/uuf50-218/UUF50.218.1000/uuf50-0428.cnf,UNSAT,0.000,0,0
benchmarks/satlib/uuf50-218/UUF50.218.1000/uuf50-0429.cnf,UNSAT,0.000,0,0
benchmarks/satlib/uuf50-218/UUF50.218.1000/uuf50-043.cnf,UNSAT,0.000,0,0
benchmarks/satlib/uuf50-218/UUF50.218.1000/uuf50-0430.cnf,UNSAT,0.000,1,0
benchmarks/satlib/uuf50-218/UUF50.218.1000/uuf50-0431.cnf,UNSAT,0.000,1,0
benchmarks/satlib/uuf50-218/UUF50.218.1000/uuf50-0432.cnf,UNSAT,0.000,1,0
benchmarks/satlib/uuf50-218/UUF50.218.1000/uuf50-0433.cnf,UNSAT,0.000,0,0
benchmarks/satlib/uuf50-218/UUF50.218.1000/uuf50-0434.cnf,UNSAT,0.000,1,0
benchmarks/satlib/uuf50-218/UUF50.218.1000/uuf50-0435.cnf,UNSAT,0.000,0,0
benchmarks/satlib/uuf50-218/UUF50.218.1000/uuf50-0436.cnf,UNSAT,0.000,0,0
benchmarks/satlib/uuf50-218/UUF50.218.1000/uuf50-0437.cnf,UNSAT,0.000,0,0
benchmarks/satlib/uuf50-218/UUF50.218.1000/uuf50-0438.cnf,UNSAT,0.000,0,0
benchmarks/satlib/uuf50-218/UUF50.218.1000/uuf50-0439.cnf,UNSAT,0.000,0,0
benchmarks/satlib/uuf50-218/UUF50.218.1000/uuf50-044.cnf,UNSAT,0.000,1,0
benchmarks/satlib/uuf50-218/UUF50.218.1000/uuf50-0440.cnf,UNSAT,0.000,1,0
benchmarks/satlib/uuf50-218/UUF50.218.1000/uuf50-0441.cnf,UNSAT,0.000,0,0
benchmarks/satlib/uuf50-218/UUF50.218.1000/uuf50-0442.cnf,UNSAT,0.000,1,0
benchmarks/satlib/uuf50-218/UUF50.218.1000/uuf50-0443.cnf,UNSAT,0.000,1,0
benchmarks/satlib/uuf50-218/UUF50.218.1000/uuf50-0444.cnf,UNSAT,0.000,0,0
benchmarks/satlib/uuf50-218/UUF50.218.1000/uuf50-0445.cnf,UNSAT,0.000,1,0
benchmarks/satlib/uuf50-218/UUF50.218.1000/uuf50-0446.cnf,UNSAT,0.000,0,0
benchmarks/satlib/uuf50-218/UUF50.218.1000/uuf50-0447.cnf,UNSAT,0.000,0,0
benchmarks/satlib/uuf50-218/UUF50.218.1000/uuf50-0448.cnf,UNSAT,0.000,1,0
benchmarks/satlib/uuf50-218/UUF50.218.1000/uuf50-0449.cnf,UNSAT,0.000,1,0
benchmarks/satlib/uuf50-218/UUF50.218.1000/uuf50-045.cnf,UNSAT,0.000,1,0
benchmarks/satlib/uuf50-218/UUF50.218.1000/uuf50-0450.cnf,UNSAT,0.000,0,0
benchmarks/satlib/uuf50-218/UUF50.218.1000/uuf50-0451.cnf,UNSAT,0.000,1,0
benchmarks/satlib/uuf50-218/UUF50.218.1000/uuf50-0452.cnf,UNSAT,0.000,0,0
benchmarks/satlib/uuf50-218/UUF50.218.1000/uuf50-0453.cnf,UNSAT,0.000,1,0
benchmarks/satlib/uuf50-218/UUF50.218.1000/uuf50-0454.cnf,UNSAT,0.000,0,0
benchmarks/satlib/uuf50-218/UUF50.218.1000/uuf50-0455.cnf,UNSAT,0.000,1,0
benchmarks/satlib/uuf50-218/UUF50.218.1000/uuf50-0456.cnf,UNSAT,0.000,1,0
benchmarks/satlib/uuf50-218/UUF50.218.1000/uuf50-0457.cnf,UNSAT,0.000,0,0
benchmarks/satlib/uuf50-218/UUF50.218.1000/uuf50-0458.cnf,UNSAT,0.000,0,0
benchmarks/satlib/uuf50-218/UUF50.218.1000/uuf50-0459.cnf,UNSAT,0.000,1,0
benchmarks/satlib/uuf50-218/UUF50.218.1000/uuf50-046.cnf,UNSAT,0.000,0,0
benchmarks/satlib/uuf50-218/UUF50.218.1000/uuf50-0460.cnf,UNSAT,0.000,1,0
benchmarks/satlib/uuf50-218/UUF50.218.1000/uuf50-0461.cnf,UNSAT,0.000,0,0
benchmarks/satlib/uuf50-218/UUF50.218.1000/uuf50-0462.cnf,UNSAT,0.000,0,0
benchmarks/satlib/uuf50-218/UUF50.218.1000/uuf50-0463.cnf,UNSAT,0.000,1,0
benchmarks/satlib/uuf50-218/UUF50.218.1000/uuf50-0464.cnf,UNSAT,0.000,0,0
benchmarks/satlib/uuf50-218/UUF50.218.1000/uuf50-0465.cnf,UNSAT,0.000,0,0
benchmarks/satlib/uuf50-218/UUF50.218.1000/uuf50-0466.cnf,UNSAT,0.000,1,0
benchmarks/satlib/uuf50-218/UUF50.218.1000/uuf50-0467.cnf,UNSAT,0.000,0,0
benchmarks/satlib/uuf50-218/UUF50.218.1000/uuf50-0468.cnf,UNSAT,0.000,0,0
benchmarks/satlib/uuf50-218/UUF50.218.1000/uuf50-0469.cnf,UNSAT,0.000,1,0
benchmarks/satlib/uuf50-218/UUF50.218.1000/uuf50-047.cnf,UNSAT,0.001,1,0
benchmarks/satlib/uuf50-218/UUF50.218.1000/uuf50-0470.cnf,UNSAT,0.000,1,0
benchmarks/satlib/uuf50-218/UUF50.218.1000/uuf50-0471.cnf,UNSAT,0.000,1,0
benchmarks/satlib/uuf50-218/UUF50.218.1000/uuf50-0472.cnf,UNSAT,0.000,0,0
benchmarks/satlib/uuf50-218/UUF50.218.1000/uuf50-0473.cnf,UNSAT,0.000,0,0
benchmarks/satlib/uuf50-218/UUF50.218.1000/uuf50-0474.cnf,UNSAT,0.000,1,0
benchmarks/satlib/uuf50-218/UUF50.218.1000/uuf50-0475.cnf,UNSAT,0.000,0,0
benchmarks/satlib/uuf50-218/UUF50.218.1000/uuf50-0476.cnf,UNSAT,0.000,1,0
benchmarks/satlib/uuf50-218/UUF50.218.1000/uuf50-0477.cnf,UNSAT,0.000,1,0
benchmarks/satlib/uuf50-218/UUF50.218.1000/uuf50-0478.cnf,UNSAT,0.000,0,0
benchmarks/satlib/uuf50-218/UUF50.218.1000/uuf50-0479.cnf,UNSAT,0.000,0,0
benchmarks/satlib/uuf50-218/UUF50.218.1000/uuf50-048.cnf,UNSAT,0.000,0,0
benchmarks/satlib/uuf50-218/UUF50.218.1000/uuf50-0480.cnf,UNSAT,0.000,1,0
benchmarks/satlib/uuf50-218/UUF50.218.1000/uuf50-0481.cnf,UNSAT,0.000,0,0
benchmarks/satlib/uuf50-218/UUF50.218.1000/uuf50-0482.cnf,UNSAT,0.000,1,0
benchmarks/satlib/uuf50-218/UUF50.218.1000/uuf50-0483.cnf,UNSAT,0.000,0,0
benchmarks/satlib/uuf50-218/UUF50.218.1000/uuf50-0484.cnf,UNSAT,0.000,0,0
benchmarks/satlib/uuf50-218/UUF50.218.1000/uuf50-0485.cnf,UNSAT,0.000,1,0
benchmarks/satlib/uuf50-218/UUF50.218.1000/uuf50-0486.cnf,UNSAT,0.000,0,0
benchmarks/satlib/uuf50-218/UUF50.218.1000/uuf50-0487.cnf,UNSAT,0.000,1,0
benchmarks/satlib/uuf50-218/UUF50.218.1000/uuf50-0488.cnf,UNSAT,0.000,0,0
benchmarks/satlib/uuf50-218/UUF50.218.1000/uuf50-0489.cnf,UNSAT,0.000,1,0
benchmarks/satlib/uuf50-218/UUF50.218.1000/uuf50-049.cnf,UNSAT,0.000,1,0
benchmarks/satlib/uuf50-218/UUF50.218.1000/uuf50-0490.cnf,UNSAT,0.000,0,0
benchmarks/satlib/uuf50-218/UUF50.218.1000/uuf50-0491.cnf,UNSAT,0.000,0,0
benchmarks/satlib/uuf50-218/UUF50.218.1000/uuf50-0492.cnf,UNSAT,0.000,1,0
benchmarks/satlib/uuf50-218/UUF50.218.1000/uuf50-0493.cnf,UNSAT,0.000,1,0
benchmarks/satlib/uuf50-218/UUF50.218.1000/uuf50-0494.cnf,UNSAT,0.000,1,0
benchmarks/satlib/uuf50-218/UUF50.218.1000/uuf50-0495.cnf,UNSAT,0.000,1,0
benchmarks/satlib/uuf50-218/UUF50.218.1000/uuf50-0496.cnf,UNSAT,0.000,0,0
benchmarks/satlib/uuf50-218/UUF50.218.1000/uuf50-0497.cnf,UNSAT,0.000,0,0
benchmarks/satlib/uuf50-218/UUF50.218.1000/uuf50-0498.cnf,UNSAT,0.000,0,0
benchmarks/satlib/uuf50-218/UUF50.218.1000/uuf50-0499.cnf,UNSAT,0.000,0,0
benchmarks/satlib/uuf50-218/UUF50.218.1000/uuf50-05.cnf,UNSAT,0.000,1,0
benchmarks/satlib/uuf50-218/UUF50.218.1000/uuf50-050.cnf,UNSAT,0.000,0,0
benchmarks/satlib/uuf50-218/UUF50.218.1000/uuf50-0500.cnf,UNSAT,0.000,0,0
benchmarks/satlib/uuf50-218/UUF50.218.1000/uuf50-0501.cnf,UNSAT,0.000,0,0
benchmarks/satlib/uuf50-218/UUF50.218.1000/uuf50-0502.cnf,UNSAT,0.000,0,0
benchmarks/satlib/uuf50-218/UUF50.218.1000/uuf50-0503.cnf,UNSAT,0.000,0,0
benchmarks/satlib/uuf50-218/UUF50.218.1000/uuf50-0504.cnf,UNSAT,0.000,1,0
benchmarks/satlib/uuf50-218/UUF50.218.1000/uuf50-0505.cnf,UNSAT,0.000,0,0
benchmarks/satlib/uuf50-218/UUF50.218.1000/uuf50-0506.cnf,UNSAT,0.000,0,0
benchmarks/satlib/uuf50-218/UUF50.218.1000/uuf50-0507.cnf,UNSAT,0.000,0,0
benchmarks/satlib/uuf50-218/UUF50.218.1000/uuf50-0508.cnf,UNSAT,0.000,1,0
benchmarks/satlib/uuf50-218/UUF50.218.1000/uuf50-0509.cnf,UNSAT,0.000,0,0
benchmarks/satlib/uuf50-218/UUF50.218.1000/uuf50-051.cnf,UNSAT,0.000,1,0
benchmarks/satlib/uuf50-218/UUF50.218.1000/uuf50-0510.cnf,UNSAT,0.000,0,0
benchmarks/satlib/uuf50-218/UUF50.218.1000/uuf50-0511.cnf,UNSAT,0.000,0,0
benchmarks/satlib/uuf50-218/UUF50.218.1000/uuf50-0512.cnf,UNSAT,0.000,1,0
benchmarks/satlib/uuf50-218/UUF50.218.1000/uuf50-0513.cnf,UNSAT,0.000,1,0
benchmarks/satlib/uuf50-218/UUF50.218.1000/uuf50-0514.cnf,UNSAT,0.000,1,0
benchmarks/satlib/uuf50-218/UUF50.218.1000/uuf50-0515.cnf,UNSAT,0.000,0,0
benchmarks/satlib/uuf50-218/UUF50.218.1000/uuf50-0516.cnf,UNSAT,0.000,1,0
benchmarks/satlib/uuf50-218/UUF50.218.1000/uuf50-0517.cnf,UNSAT,0.000,0,0
benchmarks/satlib/uuf50-218/UUF50.218.1000/uuf50-0518.cnf,UNSAT,0.000,1,0
benchmarks/satlib/uuf50-218/UUF50.218.1000/uuf50-0519.cnf,UNSAT,0.000,0,0
benchmarks/satlib/uuf50-218/UUF50.218.1000/uuf50-052.cnf,UNSAT,0.000,0,0
benchmarks/satlib/uuf50-218/UUF50.218.1000/uuf50-0520.cnf,UNSAT,0.000,0,0
benchmarks/satlib/uuf50-218/UUF50.218.1000/uuf50-0521.cnf,UNSAT,0.000,1,0
benchmarks/satlib/uuf50-218/UUF50.218.1000/uuf50-0522.cnf,UNSAT,0.000,1,0
benchmarks/satlib/uuf50-218/UUF50.218.1000/uuf50-0523.cnf,UNSAT,0.000,0,0
benchmarks/satlib/uuf50-218/UUF50.218.1000/uuf50-0524.cnf,UNSAT,0.000,1,0
benchmarks/satlib/uuf50-218/UUF50.218.1000/uuf50-0525.cnf,UNSAT,0.000,1,0
benchmarks/satlib/uuf50-218/UUF50.218.1000/uuf50-0526.cnf,UNSAT,0.000,1,0
benchmarks/satlib/uuf50-218/UUF50.218.1000/uuf50-0527.cnf,UNSAT,0.000,1,0
benchmarks/satlib/uuf50-218/UUF50.218.1000/uuf50-0528.cnf,UNSAT,0.000,0,0
benchmarks/satlib/uuf50-218/UUF50.218.1000/uuf50-0529.cnf,UNSAT,0.000,0,0
benchmarks/satlib/uuf50-218/UUF50.218.1000/uuf50-053.cnf,UNSAT,0.000,0,0
benchmarks/satlib/uuf50-218/UUF50.218.1000/uuf50-0530.cnf,UNSAT,0.000,0,0
benchmarks/satlib/uuf50-218/UUF50.218.1000/uuf50-0531.cnf,UNSAT,0.000,0,0
benchmarks/satlib/uuf50-218/UUF50.218.1000/uuf50-0532.cnf,UNSAT,0.000,1,0
benchmarks/satlib/uuf50-218/UUF50.218.1000/uuf50-0533.cnf,UNSAT,0.000,0,0
benchmarks/satlib/uuf50-218/UUF50.218.1000/uuf50-0534.cnf,UNSAT,0.000,1,0
benchmarks/satlib/uuf50-218/UUF50.218.1000/uuf50-0535.cnf,UNSAT,0.000,0,0
benchmarks/satlib/uuf50-218/UUF50.218.1000/uuf50-0536.cnf,UNSAT,0.000,0,0
benchmarks/satlib/uuf50-218/UUF50.218.1000/uuf50-0537.cnf,UNSAT,0.000,0,0
benchmarks/satlib/uuf50-218/UUF50.218.1000/uuf50-0538.cnf,UNSAT,0.000,1,0
benchmarks/satlib/uuf50-218/UUF50.218.1000/uuf50-0539.cnf,UNSAT,0.000,1,0
benchmarks/satlib/uuf50-218/UUF50.218.1000/uuf50-054.cnf,UNSAT,0.000,1,0
benchmarks/satlib/uuf50-218/UUF50.218.1000/uuf50-0540.cnf,UNSAT,0.000,1,0
benchmarks/satlib/uuf50-218/UUF50.218.1000/uuf50-0541.cnf,UNSAT,0.000,0,0
benchmarks/satlib/uuf50-218/UUF50.218.1000/uuf50-0542.cnf,UNSAT,0.000,0,0
benchmarks/satlib/uuf50-218/UUF50.218.1000/uuf50-0543.cnf,UNSAT,0.000,0,0
benchmarks/satlib/uuf50-218/UUF50.218.1000/uuf50-0544.cnf,UNSAT,0.000,0,0
benchmarks/satlib/uuf50-218/UUF50.218.1000/uuf50-0545.cnf,UNSAT,0.000,0,0
benchmarks/satlib/uuf50-218/UUF50.218.1000/uuf50-0546.cnf,UNSAT,0.000,0,0
benchmarks/satlib/uuf50-218/UUF50.218.1000/uuf50-0547.cnf,UNSAT,0.000,0,0
benchmarks/satlib/uuf50-218/UUF50.218.1000/uuf50-0548.cnf,UNSAT,0.000,1,0
benchmarks/satlib/uuf50-218/UUF50.218.1000/uuf50-0549.cnf,UNSAT,0.000,1,0
benchmarks/satlib/uuf50-218/UUF50.218.1000/uuf50-055.cnf,UNSAT,0.000,1,0
benchmarks/satlib/uuf50-218/UUF50.218.1000/uuf50-0550.cnf,UNSAT,0.000,0,0
benchmarks/satlib/uuf50-218/UUF50.218.1000/uuf50-0551.cnf,UNSAT,0.000,1,0
benchmarks/satlib/uuf50-218/UUF50.218.1000/uuf50-0552.cnf,UNSAT,0.000,1,0
benchmarks/satlib/uuf50-218/UUF50.218.1000/uuf50-0553.cnf,UNSAT,0.000,1,0
benchmarks/satlib/uuf50-218/UUF50.218.1000/uuf50-0554.cnf,UNSAT,0.000,0,0
benchmarks/satlib/uuf50-218/UUF50.218.1000/uuf50-0555.cnf,UNSAT,0.000,0,0
benchmarks/satlib/uuf50-218/UUF50.218.1000/uuf50-0556.cnf,UNSAT,0.000,1,0
benchmarks/satlib/uuf50-218/UUF50.218.1000/uuf50-0557.cnf,UNSAT,0.000,0,0
benchmarks/satlib/uuf50-218/UUF50.218.1000/uuf50-0558.cnf,UNSAT,0.000,0,0
benchmarks/satlib/uuf50-218/UUF50.218.1000/uuf50-0559.cnf,UNSAT,0.000,0,0
benchmarks/satlib/uuf50-218/UUF50.218.1000/uuf50-056.cnf,UNSAT,0.000,0,0
benchmarks/satlib/uuf50-218/UUF50.218.1000/uuf50-0560.cnf,UNSAT,0.000,1,0
benchmarks/satlib/uuf50-218/UUF50.218.1000/uuf50-0561.cnf,UNSAT,0.000,0,0
benchmarks/satlib/uuf50-218/UUF50.218.1000/uuf50-0562.cnf,UNSAT,0.000,0,0
benchmarks/satlib/uuf50-218/UUF50.218.1000/uuf50-0563.cnf,UNSAT,0.000,0,0
benchmarks/satlib/uuf50-218/UUF50.218.1000/uuf50-0564.cnf,UNSAT,0.000,0,0
benchmarks/satlib/uuf50-218/UUF50.218.1000/uuf50-0565.cnf,UNSAT,0.000,0,0
benchmarks/satlib/uuf50-218/UUF50.218.1000/uuf50-0566.cnf,UNSAT,0.000,1,0
benchmarks/satlib/uuf50-218/UUF50.218.1000/uuf50-0567.cnf,UNSAT,0.000,0,0
benchmarks/satlib/uuf50-218/UUF50.218.1000/uuf50-0568.cnf,UNSAT,0.000,0,0
benchmarks/satlib/uuf50-218/UUF50.218.1000/uuf50-0569.cnf,UNSAT,0.000,0,0
benchmarks/satlib/uuf50-218/UUF50.218.1000/uuf50-057.cnf,UNSAT,0.000,1,0
benchmarks/satlib/uuf50-218/UUF50.218.1000/uuf50-0570.cnf,UNSAT,0.000,1,0
benchmarks/satlib/uuf50-218/UUF50.218.1000/uuf50-0571.cnf,UNSAT,0.000,1,0
benchmarks/satlib/uuf50-218/UUF50.218.1000/uuf50-0572.cnf,UNSAT,0.000,0,0
benchmarks/satlib/uuf50-218/UUF50.218.1000/uuf50-0573.cnf,UNSAT,0.000,1,0
benchmarks/satlib/uuf50-218/UUF50.218.1000/uuf50-0574.cnf,UNSAT,0.000,0,0
benchmarks/satlib/uuf50-218/UUF50.218.1000/uuf50-0575.cnf,UNSAT,0.000,1,0
benchmarks/satlib/uuf50-218/UUF50.218.1000/uuf50-0576.cnf,UNSAT,0.000,1,0
benchmarks/satlib/uuf50-218/UUF50.218.1000/uuf50-0577.cnf,UNSAT,0.000,0,0
benchmarks/satlib/uuf50-218/UUF50.218.1000/uuf50-0578.cnf,UNSAT,0.001,2,0
benchmarks/satlib/uuf50-218/UUF50.218.1000/uuf50-0579.cnf,UNSAT,0.000,1,0
benchmarks/satlib/uuf50-218/UUF50.218.1000/uuf50-058.cnf,UNSAT,0.000,0,0
benchmarks/satlib/uuf50-218/UUF50.218.1000/uuf50-0580.cnf,UNSAT,0.000,0,0
benchmarks/satlib/uuf50-218/UUF50.218.1000/uuf50-0581.cnf,UNSAT,0.000,0,0
benchmarks/satlib/uuf50-218/UUF50.218.1000/uuf50-0582.cnf,UNSAT,0.000,0,0
benchmarks/satlib/uuf50-218/UUF50.218.1000/uuf50-0583.cnf,UNSAT,0.000,0,0
benchmarks/satlib/uuf50-218/UUF50.218.1000/uuf50-0584.cnf,UNSAT,0.000,0,0
benchmarks/satlib/uuf50-218/UUF50.218.1000/uuf50-0585.cnf,UNSAT,0.000,0,0
benchmarks/satlib/uuf50-218/UUF50.218.1000/uuf50-0586.cnf,UNSAT,0.000,1,0
benchmarks/satlib/uuf50-218/UUF50.218.1000/uuf50-0587.cnf,UNSAT,0.000,1,0
benchmarks/satlib/uuf50-218/UUF50.218.1000/uuf50-0588.cnf,UNSAT,0.000,1,0
benchmarks/satlib/uuf50-218/UUF50.218.1000/uuf50-0589.cnf,UNSAT,0.000,0,0
benchmarks/satlib/uuf50-218/UUF50.218.1000/uuf50-059.cnf,UNSAT,0.000,1,0
benchmarks/satlib/uuf50-218/UUF50.218.1000/uuf50-0590.cnf,UNSAT,0.000,0,0
benchmarks/satlib/uuf50-218/UUF50.218.1000/uuf50-0591.cnf,UNSAT,0.000,1,0
benchmarks/satlib/uuf50-218/UUF50.218.1000/uuf50-0592.cnf,UNSAT,0.000,0,0
benchmarks/satlib/uuf50-218/UUF50.218.1000/uuf50-0593.cnf,UNSAT,0.000,0,0
benchmarks/satlib/uuf50-218/UUF50.218.1000/uuf50-0594.cnf,UNSAT,0.000,1,0
benchmarks/satlib/uuf50-218/UUF50.218.1000/uuf50-0595.cnf,UNSAT,0.000,0,0
benchmarks/satlib/uuf50-218/UUF50.218.1000/uuf50-0596.cnf,UNSAT,0.000,0,0
benchmarks/satlib/uuf50-218/UUF50.218.1000/uuf50-0597.cnf,UNSAT,0.000,0,0
benchmarks/satlib/uuf50-218/UUF50.218.1000/uuf50-0598.cnf,UNSAT,0.000,1,0
benchmarks/satlib/uuf50-218/UUF50.218.1000/uuf50-0599.cnf,UNSAT,0.000,0,0
benchmarks/satlib/uuf50-218/UUF50.218.1000/uuf50-06.cnf,UNSAT,0.000,0,0
benchmarks/satlib/uuf50-218/UUF50.218.1000/uuf50-060.cnf,UNSAT,0.000,1,0
benchmarks/satlib/uuf50-218/UUF50.218.1000/uuf50-0600.cnf,UNSAT,0.000,0,0
benchmarks/satlib/uuf50-218/UUF50.218.1000/uuf50-0601.cnf,UNSAT,0.000,1,0
benchmarks/satlib/uuf50-218/UUF50.218.1000/uuf50-0602.cnf,UNSAT,0.000,0,0
benchmarks/satlib/uuf50-218/UUF50.218.1000/uuf50-0603.cnf,UNSAT,0.000,1,0
benchmarks/satlib/uuf50-218/UUF50.218.1000/uuf50-0604.cnf,UNSAT,0.000,0,0
benchmarks/satlib/uuf50-218/UUF50.218.1000/uuf50-0605.cnf,UNSAT,0.000,0,0
benchmarks/satlib/uuf50-218/UUF50.218.1000/uuf50-0606.cnf,UNSAT,0.000,0,0
benchmarks/satlib/uuf50-218/UUF50.218.1000/uuf50-0607.cnf,UNSAT,0.000,1,0
benchmarks/satlib/uuf50-218/UUF50.218.1000/uuf50-0608.cnf,UNSAT,0.000,1,0
benchmarks/satlib/uuf50-218/UUF50.218.1000/uuf50-0609.cnf,UNSAT,0.000,1,0
benchmarks/satlib/uuf50-218/UUF50.218.1000/uuf50-061.cnf,UNSAT,0.000,1,0
benchmarks/satlib/uuf50-218/UUF50.218.1000/uuf50-0610.cnf,UNSAT,0.000,1,0
benchmarks/satlib/uuf50-218/UUF50.218.1000/uuf50-0611.cnf,UNSAT,0.000,0,0
benchmarks/satlib/uuf50-218/UUF50.218.1000/uuf50-0612.cnf,UNSAT,0.000,0,0
benchmarks/satlib/uuf50-218/UUF50.218.1000/uuf50-0613.cnf,UNSAT,0.003,0,0
benchmarks/satlib/uuf50-218/UUF50.218.1000/uuf50-0614.cnf,UNSAT,0.000,1,0
benchmarks/satlib/uuf50-218/UUF50.218.1000/uuf50-0615.cnf,UNSAT,0.000,0,0
benchmarks/satlib/uuf50-218/UUF50.218.1000/uuf50-0616.cnf,UNSAT,0.000,1,0
benchmarks/satlib/uuf50-218/UUF50.218.1000/uuf50-0617.cnf,UNSAT,0.000,1,0
benchmarks/satlib/uuf50-218/UUF50.218.1000/uuf50-0618.cnf,UNSAT,0.000,0,0
benchmarks/satlib/uuf50-218/UUF50.218.1000/uuf50-0619.cnf,UNSAT,0.000,1,0
benchmarks/satlib/uuf50-218/UUF50.218.1000/uuf50-062.cnf,UNSAT,0.000,0,0
benchmarks/satlib/uuf50-218/UUF50.218.1000/uuf50-0620.cnf,UNSAT,0.000,0,0
benchmarks/satlib/uuf50-218/UUF50.218.1000/uuf50-0621.cnf,UNSAT,0.000,0,0
benchmarks/satlib/uuf50-218/UUF50.218.1000/uuf50-0622.cnf,UNSAT,0.000,0,0
benchmarks/satlib/uuf50-218/UUF50.218.1000/uuf50-0623.cnf,UNSAT,0.000,1,0
benchmarks/satlib/uuf50-218/UUF50.218.1000/uuf50-0624.cnf,UNSAT,0.000,1,0
benchmarks/satlib/uuf50-218/UUF50.218.1000/uuf50-0625.cnf,UNSAT,0.000,0,0
benchmarks/satlib/uuf50-218/UUF50.218.1000/uuf50-0626.cnf,UNSAT,0.000,0,0
benchmarks/satlib/uuf50-218/UUF50.218.1000/uuf50-0627.cnf,UNSAT,0.000,1,0
benchmarks/satlib/uuf50-218/UUF50.218.1000/uuf50-0628.cnf,UNSAT,0.000,0,0
benchmarks/satlib/uuf50-218/UUF50.218.1000/uuf50-0629.cnf,UNSAT,0.000,0,0
benchmarks/satlib/uuf50-218/UUF50.218.1000/uuf50-063.cnf,UNSAT,0.000,0,0
benchmarks/satlib/uuf50-218/UUF50.218.1000/uuf50-0630.cnf,UNSAT,0.000,0,0
benchmarks/satlib/uuf50-218/UUF50.218.1000/uuf50-0631.cnf,UNSAT,0.000,1,0
benchmarks/satlib/uuf50-218/UUF50.218.1000/uuf50-0632.cnf,UNSAT,0.000,1,0
benchmarks/satlib/uuf50-218/UUF50.218.1000/uuf50-0633.cnf,UNSAT,0.000,0,0
benchmarks/satlib/uuf50-218/UUF50.218.1000/uuf50-0634.cnf,UNSAT,0.000,0,0
benchmarks/satlib/uuf50-218/UUF50.218.1000/uuf50-0635.cnf,UNSAT,0.000,0,0
benchmarks/satlib/uuf50-218/UUF50.218.1000/uuf50-0636.cnf,UNSAT,0.000,0,0
benchmarks/satlib/uuf50-218/UUF50.218.1000/uuf50-0637.cnf,UNSAT,0.000,1,0
benchmarks/satlib/uuf50-218/UUF50.218.1000/uuf50-0638.cnf,UNSAT,0.000,0,0
benchmarks/satlib/uuf50-218/UUF50.218.1000/uuf50-0639.cnf,UNSAT,0.000,1,0
benchmarks/satlib/uuf50-218/UUF50.218.1000/uuf50-064.cnf,UNSAT,0.000,1,0
benchmarks/satlib/uuf50-218/UUF50.218.1000/uuf50-0640.cnf,UNSAT,0.000,0,0
benchmarks/satlib/uuf50-218/UUF50.218.1000/uuf50-0641.cnf,UNSAT,0.000,1,0
benchmarks/satlib/uuf50-218/UUF50.218.1000/uuf50-0642.cnf,UNSAT,0.000,1,0
benchmarks/satlib/uuf50-218/UUF50.218.1000/uuf50-0643.cnf,UNSAT,0.000,0,0
benchmarks/satlib/uuf50-218/UUF50.218.1000/uuf50-0644.cnf,UNSAT,0.000,1,0
benchmarks/satlib/uuf50-218/UUF50.218.1000/uuf50-0645.cnf,UNSAT,0.000,0,0
benchmarks/satlib/uuf50-218/UUF50.218.1000/uuf50-0646.cnf,UNSAT,0.000,0,0
benchmarks/satlib/uuf50-218/UUF50.218.1000/uuf50-0647.cnf,UNSAT,0.000,0,0
benchmarks/satlib/uuf50-218/UUF50.218.1000/uuf50-0648.cnf,UNSAT,0.000,1,0
benchmarks/satlib/uuf50-218/UUF50.218.1000/uuf50-0649.cnf,UNSAT,0.000,0,0
benchmarks/satlib/uuf50-218/UUF50.218.1000/uuf50-065.cnf,UNSAT,0.000,1,0
benchmarks/satlib/uuf50-218/UUF50.218.1000/uuf50-0650.cnf,UNSAT,0.000,0,0
benchmarks/satlib/uuf50-218/UUF50.218.1000/uuf50-0651.cnf,UNSAT,0.000,1,0
benchmarks/satlib/uuf50-218/UUF50.218.1000/uuf50-0652.cnf,UNSAT,0.000,0,0
benchmarks/satlib/uuf50-218/UUF50.218.1000/uuf50-0653.cnf,UNSAT,0.000,1,0
benchmarks/satlib/uuf50-218/UUF50.218.1000/uuf50-0654.cnf,UNSAT,0.000,1,0
benchmarks/satlib/uuf50-218/UUF50.218.1000/uuf50-0655.cnf,UNSAT,0.000,1,0
benchmarks/satlib/uuf50-218/UUF50.218.1000/uuf50-0656.cnf,UNSAT,0.000,0,0
benchmarks/satlib/uuf50-218/UUF50.218.1000/uuf50-0657.cnf,UNSAT,0.000,0,0
benchmarks/satlib/uuf50-218/UUF50.218.1000/uuf50-0658.cnf,UNSAT,0.000,1,0
benchmarks/satlib/uuf50-218/UUF50.218.1000/uuf50-0659.cnf,UNSAT,0.000,1,0
benchmarks/satlib/uuf50-218/UUF50.218.1000/uuf50-066.cnf,UNSAT,0.000,0,0
benchmarks/satlib/uuf50-218/UUF50.218.1000/uuf50-0660.cnf,UNSAT,0.000,1,0
benchmarks/satlib/uuf50-218/UUF50.218.1000/uuf50-0661.cnf,UNSAT,0.000,1,0
benchmarks/satlib/uuf50-218/UUF50.218.1000/uuf50-0662.cnf,UNSAT,0.000,0,0
benchmarks/satlib/uuf50-218/UUF50.218.1000/uuf50-0663.cnf,UNSAT,0.000,0,0
benchmarks/satlib/uuf50-218/UUF50.218.1000/uuf50-0664.cnf,UNSAT,0.000,0,0
benchmarks/satlib/uuf50-218/UUF50.218.1000/uuf50-0665.cnf,UNSAT,0.000,0,0
benchmarks/satlib/uuf50-218/UUF50.218.1000/uuf50-0666.cnf,UNSAT,0.000,0,0
benchmarks/satlib/uuf50-218/UUF50.218.1000/uuf50-0667.cnf,UNSAT,0.000,1,0
benchmarks/satlib/uuf50-218/UUF50.218.1000/uuf50-0668.cnf,UNSAT,0.000,0,0
benchmarks/satlib/uuf50-218/UUF50.218.1000/uuf50-0669.cnf,UNSAT,0.000,1,0
benchmarks/satlib/uuf50-218/UUF50.218.1000/uuf50-067.cnf,UNSAT,0.000,0,0
benchmarks/satlib/uuf50-218/UUF50.218.1000/uuf50-0670.cnf,UNSAT,0.000,0,0
benchmarks/satlib/uuf50-218/UUF50.218.1000/uuf50-0671.cnf,UNSAT,0.000,1,0
benchmarks/satlib/uuf50-218/UUF50.218.1000/uuf50-0672.cnf,UNSAT,0.000,0,0
benchmarks/satlib/uuf50-218/UUF50.218.1000/uuf50-0673.cnf,UNSAT,0.000,0,0
benchmarks/satlib/uuf50-218/UUF50.218.1000/uuf50-0674.cnf,UNSAT,0.000,0,0
benchmarks/satlib/uuf50-218/UUF50.218.1000/uuf50-0675.cnf,UNSAT,0.000,0,0
benchmarks/satlib/uuf50-218/UUF50.218.1000/uuf50-0676.cnf,UNSAT,0.000,0,0
benchmarks/satlib/uuf50-218/UUF50.218.1000/uuf50-0677.cnf,UNSAT,0.000,1,0
benchmarks/satlib/uuf50-218/UUF50.218.1000/uuf50-0678.cnf,UNSAT,0.000,0,0
benchmarks/satlib/uuf50-218/UUF50.218.1000/uuf50-0679.cnf,UNSAT,0.000,0,0
benchmarks/satlib/uuf50-218/UUF50.218.1000/uuf50-068.cnf,UNSAT,0.000,1,0
benchmarks/satlib/uuf50-218/UUF50.218.1000/uuf50-0680.cnf,UNSAT,0.000,0,0
benchmarks/satlib/uuf50-218/UUF50.218.1000/uuf50-0681.cnf,UNSAT,0.000,0,0
benchmarks/satlib/uuf50-218/UUF50.218.1000/uuf50-0682.cnf,UNSAT,0.000,1,0
benchmarks/satlib/uuf50-218/UUF50.218.1000/uuf50-0683.cnf,UNSAT,0.000,1,0
benchmarks/satlib/uuf50-218/UUF50.218.1000/uuf50-0684.cnf,UNSAT,0.000,0,0
benchmarks/satlib/uuf50-218/UUF50.218.1000/uuf50-0685.cnf,UNSAT,0.000,1,0
benchmarks/satlib/uuf50-218/UUF50.218.1000/uuf50-0686.cnf,UNSAT,0.000,1,0
benchmarks/satlib/uuf50-218/UUF50.218.1000/uuf50-0687.cnf,UNSAT,0.000,0,0
benchmarks/satlib/uuf50-218/UUF50.218.1000/uuf50-0688.cnf,UNSAT,0.000,1,0
benchmarks/satlib/uuf50-218/UUF50.218.1000/uuf50-0689.cnf,UNSAT,0.000,1,0
benchmarks/satlib/uuf50-218/UUF50.218.1000/uuf50-069.cnf,UNSAT,0.000,0,0
benchmarks/satlib/uuf50-218/UUF50.218.1000/uuf50-0690.cnf,UNSAT,0.000,1,0
benchmarks/satlib/uuf50-218/UUF50.218.1000/uuf50-0691.cnf,UNSAT,0.000,1,0
benchmarks/satlib/uuf50-218/UUF50.218.1000/uuf50-0692.cnf,UNSAT,0.000,1,0
benchmarks/satlib/uuf50-218/UUF50.218.1000/uuf50-0693.cnf,UNSAT,0.000,0,0
benchmarks/satlib/uuf50-218/UUF50.218.1000/uuf50-0694.cnf,UNSAT,0.000,1,0
benchmarks/satlib/uuf50-218/UUF50.218.1000/uuf50-0695.cnf,UNSAT,0.000,0,0
benchmarks/satlib/uuf50-218/UUF50.218.1000/uuf50-0696.cnf,UNSAT,0.000,1,0
benchmarks/satlib/uuf50-218/UUF50.218.1000/uuf50-0697.cnf,UNSAT,0.000,1,0
benchmarks/satlib/uuf50-218/UUF50.218.1000/uuf50-0698.cnf,UNSAT,0.000,0,0
benchmarks/satlib/uuf50-218/UUF50.218.1000/uuf50-0699.cnf,UNSAT,0.000,0,0
benchmarks/satlib/uuf50-218/UUF50.218.1000/uuf50-07.cnf,UNSAT,0.000,1,0
benchmarks/satlib/uuf50-218/UUF50.218.1000/uuf50-070.cnf,UNSAT,0.000,0,0
benchmarks/satlib/uuf50-218/UUF50.218.1000/uuf50-0700.cnf,UNSAT,0.000,0,0
benchmarks/satlib/uuf50-218/UUF50.218.1000/uuf50-0701.cnf,UNSAT,0.000,0,0
benchmarks/satlib/uuf50-218/UUF50.218.1000/uuf50-0702.cnf,UNSAT,0.000,0,0
benchmarks/satlib/uuf50-218/UUF50.218.1000/uuf50-0703.cnf,UNSAT,0.000,1,0
benchmarks/satlib/uuf50-218/UUF50.218.1000/uuf50-0704.cnf,UNSAT,0.000,1,0
benchmarks/satlib/uuf50-218/UUF50.218.1000/uuf50-0705.cnf,UNSAT,0.000,1,0
benchmarks/satlib/uuf50-218/UUF50.218.1000/uuf50-0706.cnf,UNSAT,0.000,1,0
benchmarks/satlib/uuf50-218/UUF50.218.1000/uuf50-0707.cnf,UNSAT,0.000,0,0
benchmarks/satlib/uuf50-218/UUF50.218.1000/uuf50-0708.cnf,UNSAT,0.000,0,0
benchmarks/satlib/uuf50-218/UUF50.218.1000/uuf50-0709.cnf,UNSAT,0.000,0,0
benchmarks/satlib/uuf50-218/UUF50.218.1000/uuf50-071.cnf,UNSAT,0.000,0,0
benchmarks/satlib/uuf50-218/UUF50.218.1000/uuf50-0710.cnf,UNSAT,0.000,1,0
benchmarks/satlib/uuf50-218/UUF50.218.1000/uuf50-0711.cnf,UNSAT,0.000,1,0
benchmarks/satlib/uuf50-218/UUF50.218.1000/uuf50-0712.cnf,UNSAT,0.000,1,0
benchmarks/satlib/uuf50-218/UUF50.218.1000/uuf50-0713.cnf,UNSAT,0.000,0,0
benchmarks/satlib/uuf50-218/UUF50.218.1000/uuf50-0714.cnf,UNSAT,0.000,1,0
benchmarks/satlib/uuf50-218/UUF50.218.1000/uuf50-0715.cnf,UNSAT,0.000,1,0
benchmarks/satlib/uuf50-218/UUF50.218.1000/uuf50-0716.cnf,UNSAT,0.000,0,0
benchmarks/satlib/uuf50-218/UUF50.218.1000/uuf50-0717.cnf,UNSAT,0.000,1,0
benchmarks/satlib/uuf50-218/UUF50.218.1000/uuf50-0718.cnf,UNSAT,0.000,1,0
benchmarks/satlib/uuf50-218/UUF50.218.1000/uuf50-0719.cnf,UNSAT,0.000,0,0
benchmarks/satlib/uuf50-218/UUF50.218.1000/uuf50-072.cnf,UNSAT,0.000,0,0
benchmarks/satlib/uuf50-218/UUF50.218.1000/uuf50-0720.cnf,UNSAT,0.000,0,0
benchmarks/satlib/uuf50-218/UUF50.218.1000/uuf50-0721.cnf,UNSAT,0.000,1,0
benchmarks/satlib/uuf50-218/UUF50.218.1000/uuf50-0722.cnf,UNSAT,0.000,0,0
benchmarks/satlib/uuf50-218/UUF50.218.1000/uuf50-0723.cnf,UNSAT,0.000,0,0
benchmarks/satlib/uuf50-218/UUF50.218.1000/uuf50-0724.cnf,UNSAT,0.000,0,0
benchmarks/satlib/uuf50-218/UUF50.218.1000/uuf50-0725.cnf,UNSAT,0.000,1,0
benchmarks/satlib/uuf50-218/UUF50.218.1000/uuf50-0726.cnf,UNSAT,0.000,0,0
benchmarks/satlib/uuf50-218/UUF50.218.1000/uuf50-0727.cnf,UNSAT,0.000,0,0
benchmarks/satlib/uuf50-218/UUF50.218.1000/uuf50-0728.cnf,UNSAT,0.000,1,0
benchmarks/satlib/uuf50-218/UUF50.218.1000/uuf50-0729.cnf,UNSAT,0.000,0,0
benchmarks/satlib/uuf50-218/UUF50.218.1000/uuf50-073.cnf,UNSAT,0.000,0,0
benchmarks/satlib/uuf50-218/UUF50.218.1000/uuf50-0730.cnf,UNSAT,0.000,1,0
benchmarks/satlib/uuf50-218/UUF50.218.1000/uuf50-0731.cnf,UNSAT,0.000,1,0
benchmarks/satlib/uuf50-218/UUF50.218.1000/uuf50-0732.cnf,UNSAT,0.000,1,0
benchmarks/satlib/uuf50-218/UUF50.218.1000/uuf50-0733.cnf,UNSAT,0.000,0,0
benchmarks/satlib/uuf50-218/UUF50.218.1000/uuf50-0734.cnf,UNSAT,0.000,1,0
benchmarks/satlib/uuf50-218/UUF50.218.1000/uuf50-0735.cnf,UNSAT,0.000,0,0
benchmarks/satlib/uuf50-218/UUF50.218.1000/uuf50-0736.cnf,UNSAT,0.000,0,0
benchmarks/satlib/uuf50-218/UUF50.218.1000/uuf50-0737.cnf,UNSAT,0.000,1,0
benchmarks/satlib/uuf50-218/UUF50.218.1000/uuf50-0738.cnf,UNSAT,0.000,1,0
benchmarks/satlib/uuf50-218/UUF50.218.1000/uuf50-0739.cnf,UNSAT,0.000,1,0
benchmarks/satlib/uuf50-218/UUF50.218.1000/uuf50-074.cnf,UNSAT,0.000,0,0
benchmarks/satlib/uuf50-218/UUF50.218.1000/uuf50-0740.cnf,UNSAT,0.000,1,0
benchmarks/satlib/uuf50-218/UUF50.218.1000/uuf50-0741.cnf,UNSAT,0.000,1,0
benchmarks/satlib/uuf50-218/UUF50.218.1000/uuf50-0742.cnf,UNSAT,0.000,0,0
benchmarks/satlib/uuf50-218/UUF50.218.1000/uuf50-0743.cnf,UNSAT,0.000,1,0
benchmarks/satlib/uuf50-218/UUF50.218.1000/uuf50-0744.cnf,UNSAT,0.000,1,0
benchmarks/satlib/uuf50-218/UUF50.218.1000/uuf50-0745.cnf,UNSAT,0.000,0,0
benchmarks/satlib/uuf50-218/UUF50.218.1000/uuf50-0746.cnf,UNSAT,0.000,1,0
benchmarks/satlib/uuf50-218/UUF50.218.1000/uuf50-0747.cnf,UNSAT,0.000,1,0
benchmarks/satlib/uuf50-218/UUF50.218.1000/uuf50-0748.cnf,UNSAT,0.000,0,0
benchmarks/satlib/uuf50-218/UUF50.218.1000/uuf50-0749.cnf,UNSAT,0.000,1,0
benchmarks/satlib/uuf50-218/UUF50.218.1000/uuf50-075.cnf,UNSAT,0.000,0,0
benchmarks/satlib/uuf50-218/UUF50.218.1000/uuf50-0750.cnf,UNSAT,0.000,0,0
benchmarks/satlib/uuf50-218/UUF50.218.1000/uuf50-0751.cnf,UNSAT,0.000,1,0
benchmarks/satlib/uuf50-218/UUF50.218.1000/uuf50-0752.cnf,UNSAT,0.000,1,0
benchmarks/satlib/uuf50-218/UUF50.218.1000/uuf50-0753.cnf,UNSAT,0.000,1,0
benchmarks/satlib/uuf50-218/UUF50.218.1000/uuf50-0754.cnf,UNSAT,0.000,0,0
benchmarks/satlib/uuf50-218/UUF50.218.1000/uuf50-0755.cnf,UNSAT,0.000,0,0
benchmarks/satlib/uuf50-218/UUF50.218.1000/uuf50-0756.cnf,UNSAT,0.000,0,0
benchmarks/satlib/uuf50-218/UUF50.218.1000/uuf50-0757.cnf,UNSAT,0.000,1,0
benchmarks/satlib/uuf50-218/UUF50.218.1000/uuf50-0758.cnf,UNSAT,0.000,0,0
benchmarks/satlib/uuf50-218/UUF50.218.1000/uuf50-0759.cnf,UNSAT,0.000,1,0
benchmarks/satlib/uuf50-218/UUF50.218.1000/uuf50-076.cnf,UNSAT,0.000,0,0
benchmarks/satlib/uuf50-218/UUF50.218.1000/uuf50-0760.cnf,UNSAT,0.000,1,0
benchmarks/satlib/uuf50-218/UUF50.218.1000/uuf50-0761.cnf,UNSAT,0.000,0,0
benchmarks/satlib/uuf50-218/UUF50.218.1000/uuf50-0762.cnf,UNSAT,0.000,1,0
benchmarks/satlib/uuf50-218/UUF50.218.1000/uuf50-0763.cnf,UNSAT,0.000,1,0
benchmarks/satlib/uuf50-218/UUF50.218.1000/uuf50-0764.cnf,UNSAT,0.000,1,0
benchmarks/satlib/uuf50-218/UUF50.218.1000/uuf50-0765.cnf,UNSAT,0.000,1,0
benchmarks/satlib/uuf50-218/UUF50.218.1000/uuf50-0766.cnf,UNSAT,0.000,1,0
benchmarks/satlib/uuf50-218/UUF50.218.1000/uuf50-0767.cnf,UNSAT,0.000,1,0
benchmarks/satlib/uuf50-218/UUF50.218.1000/uuf50-0768.cnf,UNSAT,0.000,0,0
benchmarks/satlib/uuf50-218/UUF50.218.1000/uuf50-0769.cnf,UNSAT,0.000,0,0
benchmarks/satlib/uuf50-218/UUF50.218.1000/uuf50-077.cnf,UNSAT,0.000,1,0
benchmarks/satlib/uuf50-218/UUF50.218.1000/uuf50-0770.cnf,UNSAT,0.000,0,0
benchmarks/satlib/uuf50-218/UUF50.218.1000/uuf50-0771.cnf,UNSAT,0.000,1,0
benchmarks/satlib/uuf50-218/UUF50.218.1000/uuf50-0772.cnf,UNSAT,0.000,1,0
benchmarks/satlib/uuf50-218/UUF50.218.1000/uuf50-0773.cnf,UNSAT,0.000,0,0
benchmarks/satlib/uuf50-218/UUF50.218.1000/uuf50-0774.cnf,UNSAT,0.000,0,0
benchmarks/satlib/uuf50-218/UUF50.218.1000/uuf50-0775.cnf,UNSAT,0.000,0,0
benchmarks/satlib/uuf50-218/UUF50.218.1000/uuf50-0776.cnf,UNSAT,0.000,0,0
benchmarks/satlib/uuf50-218/UUF50.218.1000/uuf50-0777.cnf,UNSAT,0.000,0,0
benchmarks/satlib/uuf50-218/UUF50.218.1000/uuf50-0778.cnf,UNSAT,0.000,0,0
benchmarks/satlib/uuf50-218/UUF50.218.1000/uuf50-0779.cnf,UNSAT,0.000,1,0
benchmarks/satlib/uuf50-218/UUF50.218.1000/uuf50-078.cnf,UNSAT,0.000,0,0
benchmarks/satlib/uuf50-218/UUF50.218.1000/uuf50-0780.cnf,UNSAT,0.000,0,0
benchmarks/satlib/uuf50-218/UUF50.218.1000/uuf50-0781.cnf,UNSAT,0.000,0,0
benchmarks/satlib/uuf50-218/UUF50.218.1000/uuf50-0782.cnf,UNSAT,0.000,0,0
benchmarks/satlib/uuf50-218/UUF50.218.1000/uuf50-0783.cnf,UNSAT,0.000,0,0
benchmarks/satlib/uuf50-218/UUF50.218.1000/uuf50-0784.cnf,UNSAT,0.000,0,0
benchmarks/satlib/uuf50-218/UUF50.218.1000/uuf50-0785.cnf,UNSAT,0.000,0,0
benchmarks/satlib/uuf50-218/UUF50.218.1000/uuf50-0786.cnf,UNSAT,0.000,0,0
benchmarks/satlib/uuf50-218/UUF50.218.1000/uuf50-0787.cnf,UNSAT,0.000,1,0
benchmarks/satlib/uuf50-218/UUF50.218.1000/uuf50-0788.cnf,UNSAT,0.000,1,0
benchmarks/satlib/uuf50-218/UUF50.218.1000/uuf50-0789.cnf,UNSAT,0.000,1,0
benchmarks/satlib/uuf50-218/UUF50.218.1000/uuf50-079.cnf,UNSAT,0.000,0,0
benchmarks/satlib/uuf50-218/UUF50.218.1000/uuf50-0790.cnf,UNSAT,0.000,0,0
benchmarks/satlib/uuf50-218/UUF50.218.1000/uuf50-0791.cnf,UNSAT,0.000,0,0
benchmarks/satlib/uuf50-218/UUF50.218.1000/uuf50-0792.cnf,UNSAT,0.000,1,0
benchmarks/satlib/uuf50-218/UUF50.218.1000/uuf50-0793.cnf,UNSAT,0.000,0,0
benchmarks/satlib/uuf50-218/UUF50.218.1000/uuf50-0794.cnf,UNSAT,0.000,0,0
benchmarks/satlib/uuf50-218/UUF50.218.1000/uuf50-0795.cnf,UNSAT,0.000,0,0
benchmarks/satlib/uuf50-218/UUF50.218.1000/uuf50-0796.cnf,UNSAT,0.001,2,0
benchmarks/satlib/uuf50-218/UUF50.218.1000/uuf50-0797.cnf,UNSAT,0.000,0,0
benchmarks/satlib/uuf50-218/UUF50.218.1000/uuf50-0798.cnf,UNSAT,0.000,1,0
benchmarks/satlib/uuf50-218/UUF50.218.1000/uuf50-0799.cnf,UNSAT,0.000,1,0
benchmarks/satlib/uuf50-218/UUF50.218.1000/uuf50-08.cnf,UNSAT,0.000,0,0
benchmarks/satlib/uuf50-218/UUF50.218.1000/uuf50-080.cnf,UNSAT,0.000,0,0
benchmarks/satlib/uuf50-218/UUF50.218.1000/uuf50-0800.cnf,UNSAT,0.000,1,0
benchmarks/satlib/uuf50-218/UUF50.218.1000/uuf50-0801.cnf,UNSAT,0.000,0,0
benchmarks/satlib/uuf50-218/UUF50.218.1000/uuf50-0802.cnf,UNSAT,0.000,0,0
benchmarks/satlib/uuf50-218/UUF50.218.1000/uuf50-0803.cnf,UNSAT,0.000,1,0
benchmarks/satlib/uuf50-218/UUF50.218.1000/uuf50-0804.cnf,UNSAT,0.000,0,0
benchmarks/satlib/uuf50-218/UUF50.218.1000/uuf50-0805.cnf,UNSAT,0.000,1,0
benchmarks/satlib/uuf50-218/UUF50.218.1000/uuf50-0806.cnf,UNSAT,0.000,0,0
benchmarks/satlib/uuf50-218/UUF50.218.1000/uuf50-0807.cnf,UNSAT,0.000,1,0
benchmarks/satlib/uuf50-218/UUF50.218.1000/uuf50-0808.cnf,UNSAT,0.000,1,0
benchmarks/satlib/uuf50-218/UUF50.218.1000/uuf50-0809.cnf,UNSAT,0.000,0,0
benchmarks/satlib/uuf50-218/UUF50.218.1000/uuf50-081.cnf,UNSAT,0.000,0,0
benchmarks/satlib/uuf50-218/UUF50.218.1000/uuf50-0810.cnf,UNSAT,0.000,1,0
benchmarks/satlib/uuf50-218/UUF50.218.1000/uuf50-0811.cnf,UNSAT,0.000,0,0
benchmarks/satlib/uuf50-218/UUF50.218.1000/uuf50-0812.cnf,UNSAT,0.000,0,0
benchmarks/satlib/uuf50-218/UUF50.218.1000/uuf50-0813.cnf,UNSAT,0.000,1,0
benchmarks/satlib/uuf50-218/UUF50.218.1000/uuf50-0814.cnf,UNSAT,0.000,1,0
benchmarks/satlib/uuf50-218/UUF50.218.1000/uuf50-0815.cnf,UNSAT,0.000,0,0
benchmarks/satlib/uuf50-218/UUF50.218.1000/uuf50-0816.cnf,UNSAT,0.000,1,0
benchmarks/satlib/uuf50-218/UUF50.218.1000/uuf50-0817.cnf,UNSAT,0.000,1,0
benchmarks/satlib/uuf50-218/UUF50.218.1000/uuf50-0818.cnf,UNSAT,0.000,0,0
benchmarks/satlib/uuf50-218/UUF50.218.1000/uuf50-0819.cnf,UNSAT,0.000,0,0
benchmarks/satlib/uuf50-218/UUF50.218.1000/uuf50-082.cnf,UNSAT,0.000,0,0
benchmarks/satlib/uuf50-218/UUF50.218.1000/uuf50-0820.cnf,UNSAT,0.000,1,0
benchmarks/satlib/uuf50-218/UUF50.218.1000/uuf50-0821.cnf,UNSAT,0.000,1,0
benchmarks/satlib/uuf50-218/UUF50.218.1000/uuf50-0822.cnf,UNSAT,0.000,1,0
benchmarks/satlib/uuf50-218/UUF50.218.1000/uuf50-0823.cnf,UNSAT,0.000,0,0
benchmarks/satlib/uuf50-218/UUF50.218.1000/uuf50-0824.cnf,UNSAT,0.000,1,0
benchmarks/satlib/uuf50-218/UUF50.218.1000/uuf50-0825.cnf,UNSAT,0.000,1,0
benchmarks/satlib/uuf50-218/UUF50.218.1000/uuf50-0826.cnf,UNSAT,0.000,0,0
benchmarks/satlib/uuf50-218/UUF50.218.1000/uuf50-0827.cnf,UNSAT,0.001,1,0
benchmarks/satlib/uuf50-218/UUF50.218.1000/uuf50-0828.cnf,UNSAT,0.000,1,0
benchmarks/satlib/uuf50-218/UUF50.218.1000/uuf50-0829.cnf,UNSAT,0.000,1,0
benchmarks/satlib/uuf50-218/UUF50.218.1000/uuf50-083.cnf,UNSAT,0.000,0,0
benchmarks/satlib/uuf50-218/UUF50.218.1000/uuf50-0830.cnf,UNSAT,0.000,1,0
benchmarks/satlib/uuf50-218/UUF50.218.1000/uuf50-0831.cnf,UNSAT,0.000,0,0
benchmarks/satlib/uuf50-218/UUF50.218.1000/uuf50-0832.cnf,UNSAT,0.000,1,0
benchmarks/satlib/uuf50-218/UUF50.218.1000/uuf50-0833.cnf,UNSAT,0.000,1,0
benchmarks/satlib/uuf50-218/UUF50.218.1000/uuf50-0834.cnf,UNSAT,0.000,0,0
benchmarks/satlib/uuf50-218/UUF50.218.1000/uuf50-0835.cnf,UNSAT,0.000,0,0
benchmarks/satlib/uuf50-218/UUF50.218.1000/uuf50-0836.cnf,UNSAT,0.000,1,0
benchmarks/satlib/uuf50-218/UUF50.218.1000/uuf50-0837.cnf,UNSAT,0.000,0,0
benchmarks/satlib/uuf50-218/UUF50.218.1000/uuf50-0838.cnf,UNSAT,0.000,0,0
benchmarks/satlib/uuf50-218/UUF50.218.1000/uuf50-0839.cnf,UNSAT,0.000,0,0
benchmarks/satlib/uuf50-218/UUF50.218.1000/uuf50-084.cnf,UNSAT,0.000,1,0
benchmarks/satlib/uuf50-218/UUF50.218.1000/uuf50-0840.cnf,UNSAT,0.000,1,0
benchmarks/satlib/uuf50-218/UUF50.218.1000/uuf50-0841.cnf,UNSAT,0.000,0,0
benchmarks/satlib/uuf50-218/UUF50.218.1000/uuf50-0842.cnf,UNSAT,0.000,0,0
benchmarks/satlib/uuf50-218/UUF50.218.1000/uuf50-0843.cnf,UNSAT,0.000,0,0
benchmarks/satlib/uuf50-218/UUF50.218.1000/uuf50-0844.cnf,UNSAT,0.000,0,0
benchmarks/satlib/uuf50-218/UUF50.218.1000/uuf50-0845.cnf,UNSAT,0.000,0,0
benchmarks/satlib/uuf50-218/UUF50.218.1000/uuf50-0846.cnf,UNSAT,0.000,0,0
benchmarks/satlib/uuf50-218/UUF50.218.1000/uuf50-0847.cnf,UNSAT,0.000,0,0
benchmarks/satlib/uuf50-218/UUF50.218.1000/uuf50-0848.cnf,UNSAT,0.000,1,0
benchmarks/satlib/uuf50-218/UUF50.218.1000/uuf50-0849.cnf,UNSAT,0.000,0,0
benchmarks/satlib/uuf50-218/UUF50.218.1000/uuf50-085.cnf,UNSAT,0.000,1,0
benchmarks/satlib/uuf50-218/UUF50.218.1000/uuf50-0850.cnf,UNSAT,0.000,1,0
benchmarks/satlib/uuf50-218/UUF50.218.1000/uuf50-0851.cnf,UNSAT,0.000,1,0
benchmarks/satlib/uuf50-218/UUF50.218.1000/uuf50-0852.cnf,UNSAT,0.000,0,0
benchmarks/satlib/uuf50-218/UUF50.218.1000/uuf50-0853.cnf,UNSAT,0.000,0,0
benchmarks/satlib/uuf50-218/UUF50.218.1000/uuf50-0854.cnf,UNSAT,0.000,0,0
benchmarks/satlib/uuf50-218/UUF50.218.1000/uuf50-0855.cnf,UNSAT,0.000,0,0
benchmarks/satlib/uuf50-218/UUF50.218.1000/uuf50-0856.cnf,UNSAT,0.000,0,0
benchmarks/satlib/uuf50-218/UUF50.218.1000/uuf50-0857.cnf,UNSAT,0.000,0,0
benchmarks/satlib/uuf50-218/UUF50.218.1000/uuf50-0858.cnf,UNSAT,0.000,0,0
benchmarks/satlib/uuf50-218/UUF50.218.1000/uuf50-0859.cnf,UNSAT,0.000,0,0
benchmarks/satlib/uuf50-218/UUF50.218.1000/uuf50-086.cnf,UNSAT,0.000,1,0
benchmarks/satlib/uuf50-218/UUF50.218.1000/uuf50-0860.cnf,UNSAT,0.000,1,0
benchmarks/satlib/uuf50-218/UUF50.218.1000/uuf50-0861.cnf,UNSAT,0.000,1,0
benchmarks/satlib/uuf50-218/UUF50.218.1000/uuf50-0862.cnf,UNSAT,0.000,0,0
benchmarks/satlib/uuf50-218/UUF50.218.1000/uuf50-0863.cnf,UNSAT,0.000,0,0
benchmarks/satlib/uuf50-218/UUF50.218.1000/uuf50-0864.cnf,UNSAT,0.000,1,0
benchmarks/satlib/uuf50-218/UUF50.218.1000/uuf50-0865.cnf,UNSAT,0.000,1,0
benchmarks/satlib/uuf50-218/UUF50.218.1000/uuf50-0866.cnf,UNSAT,0.000,0,0
benchmarks/satlib/uuf50-218/UUF50.218.1000/uuf50-0867.cnf,UNSAT,0.000,1,0
benchmarks/satlib/uuf50-218/UUF50.218.1000/uuf50-0868.cnf,UNSAT,0.000,0,0
benchmarks/satlib/uuf50-218/UUF50.218.1000/uuf50-0869.cnf,UNSAT,0.000,1,0
benchmarks/satlib/uuf50-218/UUF50.218.1000/uuf50-087.cnf,UNSAT,0.000,1,0
benchmarks/satlib/uuf50-218/UUF50.218.1000/uuf50-0870.cnf,UNSAT,0.000,1,0
benchmarks/satlib/uuf50-218/UUF50.218.1000/uuf50-0871.cnf,UNSAT,0.000,1,0
benchmarks/satlib/uuf50-218/UUF50.218.1000/uuf50-0872.cnf,UNSAT,0.000,1,0
benchmarks/satlib/uuf50-218/UUF50.218.1000/uuf50-0873.cnf,UNSAT,0.000,1,0
benchmarks/satlib/uuf50-218/UUF50.218.1000/uuf50-0874.cnf,UNSAT,0.000,1,0
benchmarks/satlib/uuf50-218/UUF50.218.1000/uuf50-0875.cnf,UNSAT,0.000,0,0
benchmarks/satlib/uuf50-218/UUF50.218.1000/uuf50-0876.cnf,UNSAT,0.000,0,0
benchmarks/satlib/uuf50-218/UUF50.218.1000/uuf50-0877.cnf,UNSAT,0.000,0,0
benchmarks/satlib/uuf50-218/UUF50.218.1000/uuf50-0878.cnf,UNSAT,0.000,0,0
benchmarks/satlib/uuf50-218/UUF50.218.1000/uuf50-0879.cnf,UNSAT,0.000,1,0
benchmarks/satlib/uuf50-218/UUF50.218.1000/uuf50-088.cnf,UNSAT,0.000,0,0
benchmarks/satlib/uuf50-218/UUF50.218.1000/uuf50-0880.cnf,UNSAT,0.000,1,0
benchmarks/satlib/uuf50-218/UUF50.218.1000/uuf50-0881.cnf,UNSAT,0.000,0,0
benchmarks/satlib/uuf50-218/UUF50.218.1000/uuf50-0882.cnf,UNSAT,0.000,1,0
benchmarks/satlib/uuf50-218/UUF50.218.1000/uuf50-0883.cnf,UNSAT,0.000,1,0
benchmarks/satlib/uuf50-218/UUF50.218.1000/uuf50-0884.cnf,UNSAT,0.000,0,0
benchmarks/satlib/uuf50-218/UUF50.218.1000/uuf50-0885.cnf,UNSAT,0.000,1,0
benchmarks/satlib/uuf50-218/UUF50.218.1000/uuf50-0886.cnf,UNSAT,0.000,1,0
benchmarks/satlib/uuf50-218/UUF50.218.1000/uuf50-0887.cnf,UNSAT,0.000,1,0
benchmarks/satlib/uuf50-218/UUF50.218.1000/uuf50-0888.cnf,UNSAT,0.000,0,0
benchmarks/satlib/uuf50-218/UUF50.218.1000/uuf50-0889.cnf,UNSAT,0.000,1,0
benchmarks/satlib/uuf50-218/UUF50.218.1000/uuf50-089.cnf,UNSAT,0.000,0,0
benchmarks/satlib/uuf50-218/UUF50.218.1000/uuf50-0890.cnf,UNSAT,0.000,1,0
benchmarks/satlib/uuf50-218/UUF50.218.1000/uuf50-0891.cnf,UNSAT,0.000,1,0
benchmarks/satlib/uuf50-218/UUF50.218.1000/uuf50-0892.cnf,UNSAT,0.000,0,0
benchmarks/satlib/uuf50-218/UUF50.218.1000/uuf50-0893.cnf,UNSAT,0.000,0,0
benchmarks/satlib/uuf50-218/UUF50.218.1000/uuf50-0894.cnf,UNSAT,0.000,0,0
benchmarks/satlib/uuf50-218/UUF50.218.1000/uuf50-0895.cnf,UNSAT,0.000,0,0
benchmarks/satlib/uuf50-218/UUF50.218.1000/uuf50-0896.cnf,UNSAT,0.000,1,0
benchmarks/satlib/uuf50-218/UUF50.218.1000/uuf50-0897.cnf,UNSAT,0.000,0,0
benchmarks/satlib/uuf50-218/UUF50.218.1000/uuf50-0898.cnf,UNSAT,0.000,1,0
benchmarks/satlib/uuf50-218/UUF50.218.1000/uuf50-0899.cnf,UNSAT,0.000,1,0
benchmarks/satlib/uuf50-218/UUF50.218.1000/uuf50-09.cnf,UNSAT,0.000,0,0
benchmarks/satlib/uuf50-218/UUF50.218.1000/uuf50-090.cnf,UNSAT,0.000,0,0
benchmarks/satlib/uuf50-218/UUF50.218.1000/uuf50-0900.cnf,UNSAT,0.000,1,0
benchmarks/satlib/uuf50-218/UUF50.218.1000/uuf50-0901.cnf,UNSAT,0.000,1,0
benchmarks/satlib/uuf50-218/UUF50.218.1000/uuf50-0902.cnf,UNSAT,0.000,0,0
benchmarks/satlib/uuf50-218/UUF50.218.1000/uuf50-0903.cnf,UNSAT,0.000,1,0
benchmarks/satlib/uuf50-218/UUF50.218.1000/uuf50-0904.cnf,UNSAT,0.000,0,0
benchmarks/satlib/uuf50-218/UUF50.218.1000/uuf50-0905.cnf,UNSAT,0.000,0,0
benchmarks/satlib/uuf50-218/UUF50.218.1000/uuf50-0906.cnf,UNSAT,0.000,0,0
benchmarks/satlib/uuf50-218/UUF50.218.1000/uuf50-0907.cnf,UNSAT,0.000,1,0
benchmarks/satlib/uuf50-218/UUF50.218.1000/uuf50-0908.cnf,UNSAT,0.000,1,0
benchmarks/satlib/uuf50-218/UUF50.218.1000/uuf50-0909.cnf,UNSAT,0.000,0,0
benchmarks/satlib/uuf50-218/UUF50.218.1000/uuf50-091.cnf,UNSAT,0.000,0,0
benchmarks/satlib/uuf50-218/UUF50.218.1000/uuf50-0910.cnf,UNSAT,0.000,1,0
benchmarks/satlib/uuf50-218/UUF50.218.1000/uuf50-0911.cnf,UNSAT,0.000,0,0
benchmarks/satlib/uuf50-218/UUF50.218.1000/uuf50-0912.cnf,UNSAT,0.000,0,0
benchmarks/satlib/uuf50-218/UUF50.218.1000/uuf50-0913.cnf,UNSAT,0.000,1,0
benchmarks/satlib/uuf50-218/UUF50.218.1000/uuf50-0914.cnf,UNSAT,0.000,1,0
benchmarks/satlib/uuf50-218/UUF50.218.1000/uuf50-0915.cnf,UNSAT,0.000,0,0
benchmarks/satlib/uuf50-218/UUF50.218.1000/uuf50-0916.cnf,UNSAT,0.000,1,0
benchmarks/satlib/uuf50-218/UUF50.218.1000/uuf50-0917.cnf,UNSAT,0.000,1,0
benchmarks/satlib/uuf50-218/UUF50.218.1000/uuf50-0918.cnf,UNSAT,0.000,1,0
benchmarks/satlib/uuf50-218/UUF50.218.1000/uuf50-0919.cnf,UNSAT,0.000,0,0
benchmarks/satlib/uuf50-218/UUF50.218.1000/uuf50-092.cnf,UNSAT,0.000,1,0
benchmarks/satlib/uuf50-218/UUF50.218.1000/uuf50-0920.cnf,UNSAT,0.000,0,0
benchmarks/satlib/uuf50-218/UUF50.218.1000/uuf50-0921.cnf,UNSAT,0.000,1,0
benchmarks/satlib/uuf50-218/UUF50.218.1000/uuf50-0922.cnf,UNSAT,0.000,0,0
benchmarks/satlib/uuf50-218/UUF50.218.1000/uuf50-0923.cnf,UNSAT,0.000,1,0
benchmarks/satlib/uuf50-218/UUF50.218.1000/uuf50-0924.cnf,UNSAT,0.000,1,0
benchmarks/satlib/uuf50-218/UUF50.218.1000/uuf50-0925.cnf,UNSAT,0.000,1,0
benchmarks/satlib/uuf50-218/UUF50.218.1000/uuf50-0926.cnf,UNSAT,0.000,0,0
benchmarks/satlib/uuf50-218/UUF50.218.1000/uuf50-0927.cnf,UNSAT,0.000,1,0
benchmarks/satlib/uuf50-218/UUF50.218.1000/uuf50-0928.cnf,UNSAT,0.000,0,0
benchmarks/satlib/uuf50-218/UUF50.218.1000/uuf50-0929.cnf,UNSAT,0.000,0,0
benchmarks/satlib/uuf50-218/UUF50.218.1000/uuf50-093.cnf,UNSAT,0.000,0,0
benchmarks/satlib/uuf50-218/UUF50.218.1000/uuf50-0930.cnf,UNSAT,0.000,0,0
benchmarks/satlib/uuf50-218/UUF50.218.1000/uuf50-0931.cnf,UNSAT,0.001,1,0
benchmarks/satlib/uuf50-218/UUF50.218.1000/uuf50-0932.cnf,UNSAT,0.000,0,0
benchmarks/satlib/uuf50-218/UUF50.218.1000/uuf50-0933.cnf,UNSAT,0.000,1,0
benchmarks/satlib/uuf50-218/UUF50.218.1000/uuf50-0934.cnf,UNSAT,0.000,0,0
benchmarks/satlib/uuf50-218/UUF50.218.1000/uuf50-0935.cnf,UNSAT,0.000,1,0
benchmarks/satlib/uuf50-218/UUF50.218.1000/uuf50-0936.cnf,UNSAT,0.000,1,0
benchmarks/satlib/uuf50-218/UUF50.218.1000/uuf50-0937.cnf,UNSAT,0.000,1,0
benchmarks/satlib/uuf50-218/UUF50.218.1000/uuf50-0938.cnf,UNSAT,0.000,0,0
benchmarks/satlib/uuf50-218/UUF50.218.1000/uuf50-0939.cnf,UNSAT,0.000,1,0
benchmarks/satlib/uuf50-218/UUF50.218.1000/uuf50-094.cnf,UNSAT,0.000,0,0
benchmarks/satlib/uuf50-218/UUF50.218.1000/uuf50-0940.cnf,UNSAT,0.000,0,0
benchmarks/satlib/uuf50-218/UUF50.218.1000/uuf50-0941.cnf,UNSAT,0.000,0,0
benchmarks/satlib/uuf50-218/UUF50.218.1000/uuf50-0942.cnf,UNSAT,0.001,1,0
benchmarks/satlib/uuf50-218/UUF50.218.1000/uuf50-0943.cnf,UNSAT,0.000,1,0
benchmarks/satlib/uuf50-218/UUF50.218.1000/uuf50-0944.cnf,UNSAT,0.000,0,0
benchmarks/satlib/uuf50-218/UUF50.218.1000/uuf50-0945.cnf,UNSAT,0.000,0,0
benchmarks/satlib/uuf50-218/UUF50.218.1000/uuf50-0946.cnf,UNSAT,0.000,0,0
benchmarks/satlib/uuf50-218/UUF50.218.1000/uuf50-0947.cnf,UNSAT,0.000,0,0
benchmarks/satlib/uuf50-218/UUF50.218.1000/uuf50-0948.cnf,UNSAT,0.000,0,0
benchmarks/satlib/uuf50-218/UUF50.218.1000/uuf50-0949.cnf,UNSAT,0.000,1,0
benchmarks/satlib/uuf50-218/UUF50.218.1000/uuf50-095.cnf,UNSAT,0.000,1,0
benchmarks/satlib/uuf50-218/UUF50.218.1000/uuf50-0950.cnf,UNSAT,0.000,0,0
benchmarks/satlib/uuf50-218/UUF50.218.1000/uuf50-0951.cnf,UNSAT,0.000,0,0
benchmarks/satlib/uuf50-218/UUF50.218.1000/uuf50-0952.cnf,UNSAT,0.000,1,0
benchmarks/satlib/uuf50-218/UUF50.218.1000/uuf50-0953.cnf,UNSAT,0.000,0,0
benchmarks/satlib/uuf50-218/UUF50.218.1000/uuf50-0954.cnf,UNSAT,0.000,1,0
benchmarks/satlib/uuf50-218/UUF50.218.1000/uuf50-0955.cnf,UNSAT,0.000,1,0
benchmarks/satlib/uuf50-218/UUF50.218.1000/uuf50-0956.cnf,UNSAT,0.000,1,0
benchmarks/satlib/uuf50-218/UUF50.218.1000/uuf50-0957.cnf,UNSAT,0.000,1,0
benchmarks/satlib/uuf50-218/UUF50.218.1000/uuf50-0958.cnf,UNSAT,0.000,0,0
benchmarks/satlib/uuf50-218/UUF50.218.1000/uuf50-0959.cnf,UNSAT,0.000,0,0
benchmarks/satlib/uuf50-218/UUF50.218.1000/uuf50-096.cnf,UNSAT,0.000,0,0
benchmarks/satlib/uuf50-218/UUF50.218.1000/uuf50-0960.cnf,UNSAT,0.000,1,0
benchmarks/satlib/uuf50-218/UUF50.218.1000/uuf50-0961.cnf,UNSAT,0.000,0,0
benchmarks/satlib/uuf50-218/UUF50.218.1000/uuf50-0962.cnf,UNSAT,0.000,0,0
benchmarks/satlib/uuf50-218/UUF50.218.1000/uuf50-0963.cnf,UNSAT,0.000,0,0
benchmarks/satlib/uuf50-218/UUF50.218.1000/uuf50-0964.cnf,UNSAT,0.000,0,0
benchmarks/satlib/uuf50-218/UUF50.218.1000/uuf50-0965.cnf,UNSAT,0.000,0,0
benchmarks/satlib/uuf50-218/UUF50.218.1000/uuf50-0966.cnf,UNSAT,0.000,0,0
benchmarks/satlib/uuf50-218/UUF50.218.1000/uuf50-0967.cnf,UNSAT,0.000,0,0
benchmarks/satlib/uuf50-218/UUF50.218.1000/uuf50-0968.cnf,UNSAT,0.000,0,0
benchmarks/satlib/uuf50-218/UUF50.218.1000/uuf50-0969.cnf,UNSAT,0.000,0,0
benchmarks/satlib/uuf50-218/UUF50.218.1000/uuf50-097.cnf,UNSAT,0.000,0,0
benchmarks/satlib/uuf50-218/UUF50.218.1000/uuf50-0970.cnf,UNSAT,0.000,1,0
benchmarks/satlib/uuf50-218/UUF50.218.1000/uuf50-0971.cnf,UNSAT,0.000,1,0
benchmarks/satlib/uuf50-218/UUF50.218.1000/uuf50-0972.cnf,UNSAT,0.000,1,0
benchmarks/satlib/uuf50-218/UUF50.218.1000/uuf50-0973.cnf,UNSAT,0.000,1,0
benchmarks/satlib/uuf50-218/UUF50.218.1000/uuf50-0974.cnf,UNSAT,0.000,1,0
benchmarks/satlib/uuf50-218/UUF50.218.1000/uuf50-0975.cnf,UNSAT,0.000,1,0
benchmarks/satlib/uuf50-218/UUF50.218.1000/uuf50-0976.cnf,UNSAT,0.000,0,0
benchmarks/satlib/uuf50-218/UUF50.218.1000/uuf50-0977.cnf,UNSAT,0.000,1,0
benchmarks/satlib/uuf50-218/UUF50.218.1000/uuf50-0978.cnf,UNSAT,0.000,1,0
benchmarks/satlib/uuf50-218/UUF50.218.1000/uuf50-0979.cnf,UNSAT,0.000,1,0
benchmarks/satlib/uuf50-218/UUF50.218.1000/uuf50-098.cnf,UNSAT,0.000,0,0
benchmarks/satlib/uuf50-218/UUF50.218.1000/uuf50-0980.cnf,UNSAT,0.000,1,0
benchmarks/satlib/uuf50-218/UUF50.218.1000/uuf50-0981.cnf,UNSAT,0.000,0,0
benchmarks/satlib/uuf50-218/UUF50.218.1000/uuf50-0982.cnf,UNSAT,0.000,1,0
benchmarks/satlib/uuf50-218/UUF50.218.1000/uuf50-0983.cnf,UNSAT,0.000,0,0
benchmarks/satlib/uuf50-218/UUF50.218.1000/uuf50-0984.cnf,UNSAT,0.000,0,0
benchmarks/satlib/uuf50-218/UUF50.218.1000/uuf50-0985.cnf,UNSAT,0.000,1,0
benchmarks/satlib/uuf50-218/UUF50.218.1000/uuf50-0986.cnf,UNSAT,0.000,0,0
benchmarks/satlib/uuf50-218/UUF50.218.1000/uuf50-0987.cnf,UNSAT,0.000,0,0
benchmarks/satlib/uuf50-218/UUF50.218.1000/uuf50-0988.cnf,UNSAT,0.000,1,0
benchmarks/satlib/uuf50-218/UUF50.218.1000/uuf50-0989.cnf,UNSAT,0.000,1,0
benchmarks/satlib/uuf50-218/UUF50.218.1000/uuf50-099.cnf,UNSAT,0.000,1,0
benchmarks/satlib/uuf50-218/UUF50.218.1000/uuf50-0990.cnf,UNSAT,0.000,0,0
benchmarks/satlib/uuf50-218/UUF50.218.1000/uuf50-0991.cnf,UNSAT,0.000,0,0
benchmarks/satlib/uuf50-218/UUF50.218.1000/uuf50-0992.cnf,UNSAT,0.000,1,0
benchmarks/satlib/uuf50-218/UUF50.218.1000/uuf50-0993.cnf,UNSAT,0.000,0,0
benchmarks/satlib/uuf50-218/UUF50.218.1000/uuf50-0994.cnf,UNSAT,0.000,0,0
benchmarks/satlib/uuf50-218/UUF50.218.1000/uuf50-0995.cnf,UNSAT,0.000,0,0
benchmarks/satlib/uuf50-218/UUF50.218.1000/uuf50-0996.cnf,UNSAT,0.000,0,0
benchmarks/satlib/uuf50-218/UUF50.218.1000/uuf50-0997.cnf,UNSAT,0.000,0,0
benchmarks/satlib/uuf50-218/UUF50.218.1000/uuf50-0998.cnf,UNSAT,0.000,0,0
benchmarks/satlib/uuf50-218/UUF50.218.1000/uuf50-0999.cnf,UNSAT,0.000,0,0
benchmarks/satlib/uuf75-325/UUF75.325.100/uuf75-01.cnf,UNSAT,0.001,2,0
benchmarks/satlib/uuf75-325/UUF75.325.100/uuf75-010.cnf,UNSAT,0.001,2,0
benchmarks/satlib/uuf75-325/UUF75.325.100/uuf75-0100.cnf,UNSAT,0.001,2,0
benchmarks/satlib/uuf75-325/UUF75.325.100/uuf75-011.cnf,UNSAT,0.001,2,0
benchmarks/satlib/uuf75-325/UUF75.325.100/uuf75-012.cnf,UNSAT,0.001,2,0
benchmarks/satlib/uuf75-325/UUF75.325.100/uuf75-013.cnf,UNSAT,0.001,2,0
benchmarks/satlib/uuf75-325/UUF75.325.100/uuf75-014.cnf,UNSAT,0.001,2,0
benchmarks/satlib/uuf75-325/UUF75.325.100/uuf75-015.cnf,UNSAT,0.001,2,0
benchmarks/satlib/uuf75-325/UUF75.325.100/uuf75-016.cnf,UNSAT,0.001,2,0
benchmarks/satlib/uuf75-325/UUF75.325.100/uuf75-017.cnf,UNSAT,0.001,3,0
benchmarks/satlib/uuf75-325/UUF75.325.100/uuf75-018.cnf,UNSAT,0.001,2,0
benchmarks/satlib/uuf75-325/UUF75.325.100/uuf75-019.cnf,UNSAT,0.001,2,0
benchmarks/satlib/uuf75-325/UUF75.325.100/uuf75-02.cnf,UNSAT,0.001,2,0
benchmarks/satlib/uuf75-325/UUF75.325.100/uuf75-020.cnf,UNSAT,0.001,2,0
benchmarks/satlib/uuf75-325/UUF75.325.100/uuf75-021.cnf,UNSAT,0.001,2,0
benchmarks/satlib/uuf75-325/UUF75.325.100/uuf75-022.cnf,UNSAT,0.001,2,0
benchmarks/satlib/uuf75-325/UUF75.325.100/uuf75-023.cnf,UNSAT,0.002,3,0
benchmarks/satlib/uuf75-325/UUF75.325.100/uuf75-024.cnf,UNSAT,0.001,2,0
benchmarks/satlib/uuf75-325/UUF75.325.100/uuf75-025.cnf,UNSAT,0.001,2,0
benchmarks/satlib/uuf75-325/UUF75.325.100/uuf75-026.cnf,UNSAT,0.001,2,0
benchmarks/satlib/uuf75-325/UUF75.325.100/uuf75-027.cnf,UNSAT,0.001,2,0
benchmarks/satlib/uuf75-325/UUF75.325.100/uuf75-028.cnf,UNSAT,0.001,2,0
benchmarks/satlib/uuf75-325/UUF75.325.100/uuf75-029.cnf,UNSAT,0.001,2,0
benchmarks/satlib/uuf75-325/UUF75.325.100/uuf75-03.cnf,UNSAT,0.001,2,0
benchmarks/satlib/uuf75-325/UUF75.325.100/uuf75-030.cnf,UNSAT,0.001,2,0
benchmarks/satlib/uuf75-325/UUF75.325.100/uuf75-031.cnf,UNSAT,0.001,2,0
benchmarks/satlib/uuf75-325/UUF75.325.100/uuf75-032.cnf,UNSAT,0.001,2,0
benchmarks/satlib/uuf75-325/UUF75.325.100/uuf75-033.cnf,UNSAT,0.001,2,0
benchmarks/satlib/uuf75-325/UUF75.325.100/uuf75-034.cnf,UNSAT,0.001,2,0
benchmarks/satlib/uuf75-325/UUF75.325.100/uuf75-035.cnf,UNSAT,0.001,2,0
benchmarks/satlib/uuf75-325/UUF75.325.100/uuf75-036.cnf,UNSAT,0.001,2,0
benchmarks/satlib/uuf75-325/UUF75.325.100/uuf75-037.cnf,UNSAT,0.001,2,0
benchmarks/satlib/uuf75-325/UUF75.325.100/uuf75-038.cnf,UNSAT,0.001,3,0
benchmarks/satlib/uuf75-325/UUF75.325.100/uuf75-039.cnf,UNSAT,0.001,2,0
benchmarks/satlib/uuf75-325/UUF75.325.100/uuf75-04.cnf,UNSAT,0.001,2,0
benchmarks/satlib/uuf75-325/UUF75.325.100/uuf75-040.cnf,UNSAT,0.001,2,0
benchmarks/satlib/uuf75-325/UUF75.325.100/uuf75-041.cnf,UNSAT,0.001,2,0
benchmarks/satlib/uuf75-325/UUF75.325.100/uuf75-042.cnf,UNSAT,0.001,2,0
benchmarks/satlib/uuf75-325/UUF75.325.100/uuf75-043.cnf,UNSAT,0.001,2,0
benchmarks/satlib/uuf75-325/UUF75.325.100/uuf75-044.cnf,UNSAT,0.001,3,0
benchmarks/satlib/uuf75-325/UUF75.325.100/uuf75-045.cnf,UNSAT,0.001,1,0
benchmarks/satlib/uuf75-325/UUF75.325.100/uuf75-046.cnf,UNSAT,0.001,2,0
benchmarks/satlib/uuf75-325/UUF75.325.100/uuf75-047.cnf,UNSAT,0.001,2,0
benchmarks/satlib/uuf75-325/UUF75.325.100/uuf75-048.cnf,UNSAT,0.001,2,0
benchmarks/satlib/uuf75-325/UUF75.325.100/uuf75-049.cnf,UNSAT,0.001,2,0
benchmarks/satlib/uuf75-325/UUF75.325.100/uuf75-05.cnf,UNSAT,0.001,2,0
benchmarks/satlib/uuf75-325/UUF75.325.100/uuf75-050.cnf,UNSAT,0.001,3,0
benchmarks/satlib/uuf75-325/UUF75.325.100/uuf75-051.cnf,UNSAT,0.001,2,0
benchmarks/satlib/uuf75-325/UUF75.325.100/uuf75-052.cnf,UNSAT,0.001,1,0
benchmarks/satlib/uuf75-325/UUF75.325.100/uuf75-053.cnf,UNSAT,0.001,1,0
benchmarks/satlib/uuf75-325/UUF75.325.100/uuf75-054.cnf,UNSAT,0.001,2,0
benchmarks/satlib/uuf75-325/UUF75.325.100/uuf75-055.cnf,UNSAT,0.001,2,0
benchmarks/satlib/uuf75-325/UUF75.325.100/uuf75-056.cnf,UNSAT,0.001,2,0
benchmarks/satlib/uuf75-325/UUF75.325.100/uuf75-057.cnf,UNSAT,0.002,3,0
benchmarks/satlib/uuf75-325/UUF75.325.100/uuf75-058.cnf,UNSAT,0.001,2,0
benchmarks/satlib/uuf75-325/UUF75.325.100/uuf75-059.cnf,UNSAT,0.001,2,0
benchmarks/satlib/uuf75-325/UUF75.325.100/uuf75-06.cnf,UNSAT,0.001,2,0
benchmarks/satlib/uuf75-325/UUF75.325.100/uuf75-060.cnf,UNSAT,0.001,2,0
benchmarks/satlib/uuf75-325/UUF75.325.100/uuf75-061.cnf,UNSAT,0.001,2,0
benchmarks/satlib/uuf75-325/UUF75.325.100/uuf75-062.cnf,UNSAT,0.001,2,0
benchmarks/satlib/uuf75-325/UUF75.325.100/uuf75-063.cnf,UNSAT,0.001,2,0
benchmarks/satlib/uuf75-325/UUF75.325.100/uuf75-064.cnf,UNSAT,0.001,1,0
benchmarks/satlib/uuf75-325/UUF75.325.100/uuf75-065.cnf,UNSAT,0.001,2,0
benchmarks/satlib/uuf75-325/UUF75.325.100/uuf75-066.cnf,UNSAT,0.001,2,0
benchmarks/satlib/uuf75-325/UUF75.325.100/uuf75-067.cnf,UNSAT,0.001,2,0
benchmarks/satlib/uuf75-325/UUF75.325.100/uuf75-068.cnf,UNSAT,0.001,2,0
benchmarks/satlib/uuf75-325/UUF75.325.100/uuf75-069.cnf,UNSAT,0.001,2,0
benchmarks/satlib/uuf75-325/UUF75.325.100/uuf75-07.cnf,UNSAT,0.001,1,0
benchmarks/satlib/uuf75-325/UUF75.325.100/uuf75-070.cnf,UNSAT,0.001,2,0
benchmarks/satlib/uuf75-325/UUF75.325.100/uuf75-071.cnf,UNSAT,0.001,2,0
benchmarks/satlib/uuf75-325/UUF75.325.100/uuf75-072.cnf,UNSAT,0.001,2,0
benchmarks/satlib/uuf75-325/UUF75.325.100/uuf75-073.cnf,UNSAT,0.001,2,0
benchmarks/satlib/uuf75-325/UUF75.325.100/uuf75-074.cnf,UNSAT,0.001,2,0
benchmarks/satlib/uuf75-325/UUF75.325.100/uuf75-075.cnf,UNSAT,0.001,2,0
benchmarks/satlib/uuf75-325/UUF75.325.100/uuf75-076.cnf,UNSAT,0.001,2,0
benchmarks/satlib/uuf75-325/UUF75.325.100/uuf75-077.cnf,UNSAT,0.001,2,0
benchmarks/satlib/uuf75-325/UUF75.325.100/uuf75-078.cnf,UNSAT,0.001,1,0
benchmarks/satlib/uuf75-325/UUF75.325.100/uuf75-079.cnf,UNSAT,0.001,2,0
benchmarks/satlib/uuf75-325/UUF75.325.100/uuf75-08.cnf,UNSAT,0.001,2,0
benchmarks/satlib/uuf75-325/UUF75.325.100/uuf75-080.cnf,UNSAT,0.001,2,0
benchmarks/satlib/uuf75-325/UUF75.325.100/uuf75-081.cnf,UNSAT,0.001,2,0
benchmarks/satlib/uuf75-325/UUF75.325.100/uuf75-082.cnf,UNSAT,0.000,1,0
benchmarks/satlib/uuf75-325/UUF75.325.100/uuf75-083.cnf,UNSAT,0.001,2,0
benchmarks/satlib/uuf75-325/UUF75.325.100/uuf75-084.cnf,UNSAT,0.001,2,0
benchmarks/satlib/uuf75-325/UUF75.325.100/uuf75-085.cnf,UNSAT,0.001,2,0
benchmarks/satlib/uuf75-325/UUF75.325.100/uuf75-086.cnf,UNSAT,0.001,2,0
benchmarks/satlib/uuf75-325/UUF75.325.100/uuf75-087.cnf,UNSAT,0.001,2,0
benchmarks/satlib/uuf75-325/UUF75.325.100/uuf75-088.cnf,UNSAT,0.001,1,0
benchmarks/satlib/uuf75-325/UUF75.325.100/uuf75-089.cnf,UNSAT,0.001,2,0
benchmarks/satlib/uuf75-325/UUF75.325.100/uuf75-09.cnf,UNSAT,0.000,1,0
benchmarks/satlib/uuf75-325/UUF75.325.100/uuf75-090.cnf,UNSAT,0.000,1,0
benchmarks/satlib/uuf75-325/UUF75.325.100/uuf75-091.cnf,UNSAT,0.000,1,0
benchmarks/satlib/uuf75-325/UUF75.325.100/uuf75-092.cnf,UNSAT,0.000,2,0
benchmarks/satlib/uuf75-325/UUF75.325.100/uuf75-093.cnf,UNSAT,0.000,1,0
benchmarks/satlib/uuf75-325/UUF75.325.100/uuf75-094.cnf,UNSAT,0.001,2,0
benchmarks/satlib/uuf75-325/UUF75.325.100/uuf75-095.cnf,UNSAT,0.001,2,0
benchmarks/satlib/uuf75-325/UUF75.325.100/uuf75-096.cnf,UNSAT,0.001,2,0
benchmarks/satlib/uuf75-325/UUF75.325.100/uuf75-097.cnf,UNSAT,0.001,2,0
benchmarks/satlib/uuf75-325/UUF75.325.100/uuf75-098.cnf,UNSAT,0.000,1,0
benchmarks/satlib/uuf75-325/UUF75.325.100/uuf75-099.cnf,UNSAT,0.001,2,0
