path,verdict,seconds,restarts,deleted
benchmarks/satlib/uf100-430/uf100-01.cnf,SAT,0.001,4,0
benchmarks/satlib/uf100-430/uf100-010.cnf,SAT,0.001,2,0
benchmarks/satlib/uf100-430/uf100-0100.cnf,SAT,0.000,1,0
benchmarks/satlib/uf100-430/uf100-01000.cnf,SAT,0.000,1,0
benchmarks/satlib/uf100-430/uf100-0101.cnf,SAT,0.000,0,0
benchmarks/satlib/uf100-430/uf100-0102.cnf,SAT,0.001,2,0
benchmarks/satlib/uf100-430/uf100-0103.cnf,SAT,0.006,12,0
benchmarks/satlib/uf100-430/uf100-0104.cnf,SAT,0.001,2,0
benchmarks/satlib/uf100-430/uf100-0105.cnf,SAT,0.002,6,0
benchmarks/satlib/uf100-430/uf100-0106.cnf,SAT,0.004,9,0
benchmarks/satlib/uf100-430/uf100-0107.cnf,SAT,0.001,2,0
benchmarks/satlib/uf100-430/uf100-0108.cnf,SAT,0.000,0,0
benchmarks/satlib/uf100-430/uf100-0109.cnf,SAT,0.002,5,0
benchmarks/satlib/uf100-430/uf100-011.cnf,SAT,0.005,11,0
benchmarks/satlib/uf100-430/uf100-0110.cnf,SAT,0.005,10,0
benchmarks/satlib/uf100-430/uf100-0111.cnf,SAT,0.000,0,0
benchmarks/satlib/uf100-430/uf100-0112.cnf,SAT,0.000,1,0
benchmarks/satlib/uf100-430/uf100-0113.cnf,SAT,0.006,13,0
benchmarks/satlib/uf100-430/uf100-0114.cnf,SAT,0.003,6,0
benchmarks/satlib/uf100-430/uf100-0115.cnf,SAT,0.001,4,0
benchmarks/satlib/uf100-430/uf100-0116.cnf,SAT,0.000,1,0
benchmarks/satlib/uf100-430/uf100-0117.cnf,SAT,0.005,8,0
benchmarks/satlib/uf100-430/uf100-0118.cnf,SAT,0.001,2,0
benchmarks/satlib/uf100-430/uf100-0119.cnf,SAT,0.001,2,0
benchmarks/satlib/uf100-430/uf100-012.cnf,SAT,0.002,5,0
benchmarks/satlib/uf100-430/uf100-0120.cnf,SAT,0.001,2,0
benchmarks/satlib/uf100-430/uf100-0121.cnf,SAT,0.000,1,0
benchmarks/satlib/uf100-430/uf100-0122.cnf,SAT,0.003,6,0
benchmarks/satlib/uf100-430/uf100-0123.cnf,SAT,0.003,6,0
benchmarks/satlib/uf100-430/uf100-0124.cnf,SAT,0.000,0,0
benchmarks/satlib/uf100-430/uf100-0125.cnf,SAT,0.005,10,0
benchmarks/satlib/uf100-430/uf100-0126.cnf,SAT,0.001,2,0
benchmarks/satlib/uf100-430/uf100-0127.cnf,SAT,0.001,2,0
benchmarks/satlib/uf100-430/uf100-0128.cnf,SAT,0.014,16,976
benchmarks/satlib/uf100-430/uf100-0129.cnf,SAT,0.002,4,0
benchmarks/satlib/uf100-430/uf100-013.cnf,SAT,0.001,2,0
benchmarks/satlib/uf100-430/uf100-0130.cnf,SAT,0.005,10,0
benchmarks/satlib/uf100-430/uf100-0131.cnf,SAT,0.000,1,0
benchmarks/satlib/uf100-430/uf100-0132.cnf,SAT,0.000,0,0
benchmarks/satlib/uf100-430/uf100-0133.cnf,SAT,0.008,13,0
benchmarks/satlib/uf100-430/uf100-0134.cnf,SAT,0.000,1,0
benchmarks/satlib/uf100-430/uf100-0135.cnf,SAT,0.001,5,0
benchmarks/satlib/uf100-430/uf100-0136.cnf,SAT,0.000,1,0
benchmarks/satlib/uf100-430/uf100-0137.cnf,SAT,0.001,4,0
benchmarks/satlib/uf100-430/uf100-0138.cnf,SAT,0.001,2,0
benchmarks/satlib/uf100-430/uf100-0139.cnf,SAT,0.000,1,0
benchmarks/satlib/uf100-430/uf100-014.cnf,SAT,0.002,5,0
benchmarks/satlib/uf100-430/uf100-0140.cnf,SAT,0.003,6,0
benchmarks/satlib/uf100-430/uf100-0141.cnf,SAT,0.010,14,0
benchmarks/satlib/uf100-430/uf100-0142.cnf,SAT,0.003,6,0
benchmarks/satlib/uf100-430/uf100-0143.cnf,SAT,0.000,0,0
benchmarks/satlib/uf100-430/uf100-0144.cnf,SAT,0.006,12,0
benchmarks/satlib/uf100-430/uf100-0145.cnf,SAT,0.002,4,0
benchmarks/satlib/uf100-430/uf100-0146.cnf,SAT,0.000,1,0
benchmarks/satlib/uf100-430/uf100-0147.cnf,SAT,0.002,6,0
benchmarks/satlib/uf100-430/uf100-0148.cnf,SAT,0.004,8,0
benchmarks/satlib/uf100-430/uf100-0149.cnf,SAT,0.000,1,0
benchmarks/satlib/uf100-430/uf100-015.cnf,SAT,0.001,3,0
benchmarks/satlib/uf100-430/uf100-0150.cnf,SAT,0.002,5,0
benchmarks/satlib/uf100-430/uf100-0151.cnf,SAT,0.003,7,0
benchmarks/satlib/uf100-430/uf100-0152.cnf,SAT,0.015,18,980
benchmarks/satlib/uf100-430/uf100-0153.cnf,SAT,0.001,2,0
benchmarks/satlib/uf100-430/uf100-0154.cnf,SAT,0.004,9,0
benchmarks/satlib/uf100-430/uf100-0155.cnf,SAT,0.001,2,0
benchmarks/satlib/uf100-430/uf100-0156.cnf,SAT,0.001,2,0
benchmarks/satlib/uf100-430/uf100-0157.cnf,SAT,0.000,2,0
benchmarks/satlib/uf100-430/uf100-0158.cnf,SAT,0.000,1,0
benchmarks/satlib/uf100-430/uf100-0159.cnf,SAT,0.001,3,0
benchmarks/satlib/uf100-430/uf100-016.cnf,SAT,0.002,6,0
benchmarks/satlib/uf100-430/uf100-0160.cnf,SAT,0.002,6,0
benchmarks/satlib/uf100-430/uf100-0161.cnf,SAT,0.000,0,0
benchmarks/satlib/uf100-430/uf100-0162.cnf,SAT,0.005,9,0
benchmarks/satlib/uf100-430/uf100-0163.cnf,SAT,0.001,2,0
benchmarks/satlib/uf100-430/uf100-0164.cnf,SAT,0.000,0,0
benchmarks/satlib/uf100-430/uf100-0165.cnf,SAT,0.001,2,0
benchmarks/satlib/uf100-430/uf100-0166.cnf,SAT,0.000,1,0
benchmarks/satlib/uf100-430/uf100-0167.cnf,SAT,0.000,0,0
benchmarks/satlib/uf100-430/uf100-0168.cnf,SAT,0.003,6,0
benchmarks/satlib/uf100-430/uf100-0169.cnf,SAT,0.000,1,0
benchmarks/satlib/uf100-430/uf100-017.cnf,SAT,0.009,14,0
benchmarks/satlib/uf100-430/uf100-0170.cnf,SAT,0.007,13,0
benchmarks/satlib/uf100-430/uf100-0171.cnf,SAT,0.004,7,0
benchmarks/satlib/uf100-430/uf100-0172.cnf,SAT,0.000,1,0
benchmarks/satlib/uf100-430/uf100-0173.cnf,SAT,0.000,0,0
benchmarks/satlib/uf100-430/uf100-0174.cnf,SAT,0.000,1,0
benchmarks/satlib/uf100-430/uf100-0175.cnf,SAT,0.001,2,0
benchmarks/satlib/uf100-430/uf100-0176.cnf,SAT,0.001,2,0
benchmarks/satlib/uf100-430/uf100-0177.cnf,SAT,0.001,2,0
benchmarks/satlib/uf100-430/uf100-0178.cnf,SAT,0.001,2,0
benchmarks/satlib/uf100-430/uf100-0179.cnf,SAT,0.001,5,0
benchmarks/satlib/uf100-430/uf100-018.cnf,SAT,0.000,1,0
benchmarks/satlib/uf100-430/uf100-0180.cnf,SAT,0.002,5,0
benchmarks/satlib/uf100-430/uf100-0181.cnf,SAT,0.000,1,0
benchmarks/satlib/uf100-430/uf100-0182.cnf,SAT,0.002,6,0
benchmarks/satlib/uf100-430/uf100-0183.cnf,SAT,0.002,6,0
benchmarks/satlib/uf100-430/uf100-0184.cnf,SAT,0.002,5,0
benchmarks/satlib/uf100-430/uf100-0185.cnf,SAT,0.002,6,0
benchmarks/satlib/uf100-430/uf100-0186.cnf,SAT,0.002,5,0
benchmarks/satlib/uf100-430/uf100-0187.cnf,SAT,0.000,0,0
benchmarks/satlib/uf100-430/uf100-0188.cnf,SAT,0.000,1,0
benchmarks/satlib/uf100-430/uf100-0189.cnf,SAT,0.000,1,0
benchmarks/satlib/uf100-430/uf100-019.cnf,SAT,0.000,1,0
benchmarks/satlib/uf100-430/uf100-0190.cnf,SAT,0.001,4,0
benchmarks/satlib/uf100-430/uf100-0191.cnf,SAT,0.003,6,0
benchmarks/satlib/uf100-430/uf100-0192.cnf,SAT,0.001,2,0
benchmarks/satlib/uf100-430/uf100-0193.cnf,SAT,0.000,1,0
benchmarks/satlib/uf100-430/uf100-0194.cnf,SAT,0.001,4,0
benchmarks/satlib/uf100-430/uf100-0195.cnf,SAT,0.004,9,0
benchmarks/satlib/uf100-430/uf100-0196.cnf,SAT,0.001,4,0
benchmarks/satlib/uf100-430/uf100-0197.cnf,SAT,0.000,1,0
benchmarks/satlib/uf100-430/uf100-0198.cnf,SAT,0.000,1,0
benchmarks/satlib/uf100-430/uf100-0199.cnf,SAT,0.001,4,0
benchmarks/satlib/uf100-430/uf100-02.cnf,SAT,0.001,2,0
benchmarks/satlib/uf100-430/uf100-020.cnf,SAT,0.000,1,0
benchmarks/satlib/uf100-430/uf100-0200.cnf,SAT,0.001,4,0
benchmarks/satlib/uf100-430/uf100-0201.cnf,SAT,0.000,1,0
benchmarks/satlib/uf100-430/uf100-0202.cnf,SAT,0.002,5,0
benchmarks/satlib/uf100-430/uf100-0203.cnf,SAT,0.001,2,0
benchmarks/satlib/uf100-430/uf100-0204.cnf,SAT,0.000,0,0
benchmarks/satlib/uf100-430/uf100-0205.cnf,SAT,0.000,0,0
benchmarks/satlib/uf100-430/uf100-0206.cnf,SAT,0.003,6,0
benchmarks/satlib/uf100-430/uf100-0207.cnf,SAT,0.001,2,0
benchmarks/satlib/uf100-430/uf100-0208.cnf,SAT,0.000,0,0
benchmarks/satlib/uf100-430/uf100-0209.cnf,SAT,0.004,9,0
benchmarks/satlib/uf100-430/uf100-021.cnf,SAT,0.002,6,0
benchmarks/satlib/uf100-430/uf100-0210.cnf,SAT,0.007,13,0
benchmarks/satlib/uf100-430/uf100-0211.cnf,SAT,0.001,3,0
benchmarks/satlib/uf100-430/uf100-0212.cnf,SAT,0.004,9,0
benchmarks/satlib/uf100-430/uf100-0213.cnf,SAT,0.001,3,0
benchmarks/satlib/uf100-430/uf100-0214.cnf,SAT,0.002,4,0
benchmarks/satlib/uf100-430/uf100-0215.cnf,SAT,0.000,0,0
benchmarks/satlib/uf100-430/uf100-0216.cnf,SAT,0.001,2,0
benchmarks/satlib/uf100-430/uf100-0217.cnf,SAT,0.002,5,0
benchmarks/satlib/uf100-430/uf100-0218.cnf,SAT,0.001,4,0
benchmarks/satlib/uf100-430/uf100-0219.cnf,SAT,0.003,6,0
benchmarks/satlib/uf100-430/uf100-022.cnf,SAT,0.010,14,0
benchmarks/satlib/uf100-430/uf100-0220.cnf,SAT,0.000,0,0
benchmarks/satlib/uf100-430/uf100-0221.cnf,SAT,0.003,6,0
benchmarks/satlib/uf100-430/uf100-0222.cnf,SAT,0.011,14,0
benchmarks/satlib/uf100-430/uf100-0223.cnf,SAT,0.001,2,0
benchmarks/satlib/uf100-430/uf100-0224.cnf,SAT,0.001,2,0
benchmarks/satlib/uf100-430/uf100-0225.cnf,SAT,0.001,4,0
benchmarks/satlib/uf100-430/uf100-0226.cnf,SAT,0.000,1,0
benchmarks/satlib/uf100-430/uf100-0227.cnf,SAT,0.000,0,0
benchmarks/satlib/uf100-430/uf100-0228.cnf,SAT,0.001,3,0
benchmarks/satlib/uf100-430/uf100-0229.cnf,SAT,0.004,9,0
benchmarks/satlib/uf100-430/uf100-023.cnf,SAT,0.006,12,0
benchmarks/satlib/uf100-430/uf100-0230.cnf,SAT,0.001,3,0
benchmarks/satlib/uf100-430/uf100-0231.cnf,SAT,0.004,8,0
benchmarks/satlib/uf100-430/uf100-0232.cnf,SAT,0.000,0,0
benchmarks/satlib/uf100-430/uf100-0233.cnf,SAT,0.001,5,0
benchmarks/satlib/uf100-430/uf100-0234.cnf,SAT,0.001,2,0
benchmarks/satlib/uf100-430/uf100-0235.cnf,SAT,0.000,1,0
benchmarks/satlib/uf100-430/uf100-0236.cnf,SAT,0.004,6,0
benchmarks/satlib/uf100-430/uf100-0237.cnf,SAT,0.001,2,0
benchmarks/satlib/uf100-430/uf100-0238.cnf,SAT,0.001,3,0
benchmarks/satlib/uf100-430/uf100-0239.cnf,SAT,0.003,6,0
benchmarks/satlib/uf100-430/uf100-024.cnf,SAT,0.001,2,0
benchmarks/satlib/uf100-430/uf100-0240.cnf,SAT,0.000,1,0
benchmarks/satlib/uf100-430/uf100-0241.cnf,SAT,0.000,2,0
benchmarks/satlib/uf100-430/uf100-0242.cnf,SAT,0.001,3,0
benchmarks/satlib/uf100-430/uf100-0243.cnf,SAT,0.002,5,0
benchmarks/satlib/uf100-430/uf100-0244.cnf,SAT,0.005,9,0
benchmarks/satlib/uf100-430/uf100-0245.cnf,SAT,0.002,5,0
benchmarks/satlib/uf100-430/uf100-0246.cnf,SAT,0.000,1,0
benchmarks/satlib/uf100-430/uf100-0247.cnf,SAT,0.000,1,0
benchmarks/satlib/uf100-430/uf100-0248.cnf,SAT,0.004,9,0
benchmarks/satlib/uf100-430/uf100-0249.cnf,SAT,0.002,6,0
benchmarks/satlib/uf100-430/uf100-025.cnf,SAT,0.005,9,0
benchmarks/satlib/uf100-430/uf100-0250.cnf,SAT,0.008,13,0
benchmarks/satlib/uf100-430/uf100-0251.cnf,SAT,0.001,3,0
benchmarks/satlib/uf100-430/uf100-0252.cnf,SAT,0.001,3,0
benchmarks/satlib/uf100-430/uf100-0253.cnf,SAT,0.000,1,0
benchmarks/satlib/uf100-430/uf100-0254.cnf,SAT,0.004,8,0
benchmarks/satlib/uf100-430/uf100-0255.cnf,SAT,0.000,2,0
benchmarks/satlib/uf100-430/uf100-0256.cnf,SAT,0.001,3,0
benchmarks/satlib/uf100-430/uf100-0257.cnf,SAT,0.006,12,0
benchmarks/satlib/uf100-430/uf100-0258.cnf,SAT,0.002,5,0
benchmarks/satlib/uf100-430/uf100-0259.cnf,SAT,0.000,1,0
benchmarks/satlib/uf100-430/uf100-026.cnf,SAT,0.001,2,0
benchmarks/satlib/uf100-430/uf100-0260.cnf,SAT,0.000,0,0
benchmarks/satlib/uf100-430/uf100-0261.cnf,SAT,0.003,6,0
benchmarks/satlib/uf100-430/uf100-0262.cnf,SAT,0.004,9,0
benchmarks/satlib/uf100-430/uf100-0263.cnf,SAT,0.000,1,0
benchmarks/satlib/uf100-430/uf100-0264.cnf,SAT,0.001,2,0
benchmarks/satlib/uf100-430/uf100-0265.cnf,SAT,0.001,5,0
benchmarks/satlib/uf100-430/uf100-0266.cnf,SAT,0.022,26,982
benchmarks/satlib/uf100-430/uf100-0267.cnf,SAT,0.006,12,0
benchmarks/satlib/uf100-430/uf100-0268.cnf,SAT,0.001,3,0
benchmarks/satlib/uf100-430/uf100-0269.cnf,SAT,0.002,5,0
benchmarks/satlib/uf100-430/uf100-027.cnf,SAT,0.002,6,0
benchmarks/satlib/uf100-430/uf100-0270.cnf,SAT,0.003,7,0
benchmarks/satlib/uf100-430/uf100-0271.cnf,SAT,0.005,11,0
benchmarks/satlib/uf100-430/uf100-0272.cnf,SAT,0.005,10,0
benchmarks/satlib/uf100-430/uf100-0273.cnf,SAT,0.000,1,0
benchmarks/satlib/uf100-430/uf100-0274.cnf,SAT,0.007,13,0
benchmarks/satlib/uf100-430/uf100-0275.cnf,SAT,0.003,7,0
benchmarks/satlib/uf100-430/uf100-0276.cnf,SAT,0.010,14,0
benchmarks/satlib/uf100-430/uf100-0277.cnf,SAT,0.002,5,0
benchmarks/satlib/uf100-430/uf100-0278.cnf,SAT,0.001,3,0
benchmarks/satlib/uf100-430/uf100-0279.cnf,SAT,0.000,2,0
benchmarks/satlib/uf100-430/uf100-028.cnf,SAT,0.001,2,0
benchmarks/satlib/uf100-430/uf100-0280.cnf,SAT,0.001,3,0
benchmarks/satlib/uf100-430/uf100-0281.cnf,SAT,0.002,6,0
benchmarks/satlib/uf100-430/uf100-0282.cnf,SAT,0.001,3,0
benchmarks/satlib/uf100-430/uf100-0283.cnf,SAT,0.013,14,0
benchmarks/satlib/uf100-430/uf100-0284.cnf,SAT,0.000,0,0
benchmarks/satlib/uf100-430/uf100-0285.cnf,SAT,0.003,6,0
benchmarks/satlib/uf100-430/uf100-0286.cnf,SAT,0.001,2,0
benchmarks/satlib/uf100-430/uf100-0287.cnf,SAT,0.001,4,0
benchmarks/satlib/uf100-430/uf100-0288.cnf,SAT,0.001,1,0
benchmarks/satlib/uf100-430/uf100-0289.cnf,SAT,0.001,2,0
benchmarks/satlib/uf100-430/uf100-029.cnf,SAT,0.007,12,0
benchmarks/satlib/uf100-430/uf100-0290.cnf,SAT,0.001,3,0
benchmarks/satlib/uf100-430/uf100-0291.cnf,SAT,0.002,6,0
benchmarks/satlib/uf100-430/uf100-0292.cnf,SAT,0.001,2,0
benchmarks/satlib/uf100-430/uf100-0293.cnf,SAT,0.001,4,0
benchmarks/satlib/uf100-430/uf100-0294.cnf,SAT,0.001,2,0
benchmarks/satlib/uf100-430/uf100-0295.cnf,SAT,0.001,2,0
benchmarks/satlib/uf100-430/uf100-0296.cnf,SAT,0.001,2,0
benchmarks/satlib/uf100-430/uf100-0297.cnf,SAT,0.000,1,0
benchmarks/satlib/uf100-430/uf100-0298.cnf,SAT,0.002,5,0
benchmarks/satlib/uf100-430/uf100-0299.cnf,SAT,0.003,6,0
benchmarks/satlib/uf100-430/uf100-03.cnf,SAT,0.001,3,0
benchmarks/satlib/uf100-430/uf100-030.cnf,SAT,0.001,3,0
benchmarks/satlib/uf100-430/uf100-0300.cnf,SAT,0.001,2,0
benchmarks/satlib/uf100-430/uf100-0301.cnf,SAT,0.000,0,0
benchmarks/satlib/uf100-430/uf100-0302.cnf,SAT,0.001,2,0
benchmarks/satlib/uf100-430/uf100-0303.cnf,SAT,0.006,12,0
benchmarks/satlib/uf100-430/uf100-0304.cnf,SAT,0.001,2,0
benchmarks/satlib/uf100-430/uf100-0305.cnf,SAT,0.000,0,0
benchmarks/satlib/uf100-430/uf100-0306.cnf,SAT,0.000,1,0
benchmarks/satlib/uf100-430/uf100-0307.cnf,SAT,0.001,2,0
benchmarks/satlib/uf100-430/uf100-0308.cnf,SAT,0.002,5,0
benchmarks/satlib/uf100-430/uf100-0309.cnf,SAT,0.003,7,0
benchmarks/satlib/uf100-430/uf100-031.cnf,SAT,0.000,1,0
benchmarks/satlib/uf100-430/uf100-0310.cnf,SAT,0.006,11,0
benchmarks/satlib/uf100-430/uf100-0311.cnf,SAT,0.001,3,0
benchmarks/satlib/uf100-430/uf100-0312.cnf,SAT,0.001,2,0
benchmarks/satlib/uf100-430/uf100-0313.cnf,SAT,0.001,2,0
benchmarks/satlib/uf100-430/uf100-0314.cnf,SAT,0.003,6,0
benchmarks/satlib/uf100-430/uf100-0315.cnf,SAT,0.001,2,0
benchmarks/satlib/uf100-430/uf100-0316.cnf,SAT,0.002,5,0
benchmarks/satlib/uf100-430/uf100-0317.cnf,SAT,0.001,2,0
benchmarks/satlib/uf100-430/uf100-0318.cnf,SAT,0.003,6,0
benchmarks/satlib/uf100-430/uf100-0319.cnf,SAT,0.001,2,0
benchmarks/satlib/uf100-430/uf100-032.cnf,SAT,0.006,12,0
benchmarks/satlib/uf100-430/uf100-0320.cnf,SAT,0.000,0,0
benchmarks/satlib/uf100-430/uf100-0321.cnf,SAT,0.001,2,0
benchmarks/satlib/uf100-430/uf100-0322.cnf,SAT,0.001,3,0
benchmarks/satlib/uf100-430/uf100-0323.cnf,SAT,0.001,2,0
benchmarks/satlib/uf100-430/uf100-0324.cnf,SAT,0.003,6,0
benchmarks/satlib/uf100-430/uf100-0325.cnf,SAT,0.000,1,0
benchmarks/satlib/uf100-430/uf100-0326.cnf,SAT,0.001,3,0
benchmarks/satlib/uf100-430/uf100-0327.cnf,SAT,0.001,3,0
benchmarks/satlib/uf100-430/uf100-0328.cnf,SAT,0.001,2,0
benchmarks/satlib/uf100-430/uf100-0329.cnf,SAT,0.000,0,0
benchmarks/satlib/uf100-430/uf100-033.cnf,SAT,0.004,8,0
benchmarks/satlib/uf100-430/uf100-0330.cnf,SAT,0.000,2,0
benchmarks/satlib/uf100-430/uf100-0331.cnf,SAT,0.002,6,0
benchmarks/satlib/uf100-430/uf100-0332.cnf,SAT,0.000,0,0
benchmarks/satlib/uf100-430/uf100-0333.cnf,SAT,0.004,8,0
benchmarks/satlib/uf100-430/uf100-0334.cnf,SAT,0.000,1,0
benchmarks/satlib/uf100-430/uf100-0335.cnf,SAT,0.001,4,0
benchmarks/satlib/uf100-430/uf100-0336.cnf,SAT,0.000,2,0
benchmarks/satlib/uf100-430/uf100-0337.cnf,SAT,0.001,4,0
benchmarks/satlib/uf100-430/uf100-0338.cnf,SAT,0.000,0,0
benchmarks/satlib/uf100-430/uf100-0339.cnf,SAT,0.004,7,0
benchmarks/satlib/uf100-430/uf100-034.cnf,SAT,0.000,1,0
benchmarks/satlib/uf100-430/uf100-0340.cnf,SAT,0.000,1,0
benchmarks/satlib/uf100-430/uf100-0341.cnf,SAT,0.000,0,0
benchmarks/satlib/uf100-430/uf100-0342.cnf,SAT,0.000,0,0
benchmarks/satlib/uf100-430/uf100-0343.cnf,SAT,0.000,1,0
benchmarks/satlib/uf100-430/uf100-0344.cnf,SAT,0.000,1,0
benchmarks/satlib/uf100-430/uf100-0345.cnf,SAT,0.002,4,0
benchmarks/satlib/uf100-430/uf100-0346.cnf,SAT,0.004,7,0
benchmarks/satlib/uf100-430/uf100-0347.cnf,SAT,0.006,12,0
benchmarks/satlib/uf100-430/uf100-0348.cnf,SAT,0.003,6,0
benchmarks/satlib/uf100-430/uf100-0349.cnf,SAT,0.003,6,0
benchmarks/satlib/uf100-430/uf100-035.cnf,SAT,0.000,0,0
benchmarks/satlib/uf100-430/uf100-0350.cnf,SAT,0.002,6,0
benchmarks/satlib/uf100-430/uf100-0351.cnf,SAT,0.001,2,0
benchmarks/satlib/uf100-430/uf100-0352.cnf,SAT,0.001,3,0
benchmarks/satlib/uf100-430/uf100-0353.cnf,SAT,0.001,3,0
benchmarks/satlib/uf100-430/uf100-0354.cnf,SAT,0.000,0,0
benchmarks/satlib/uf100-430/uf100-0355.cnf,SAT,0.000,1,0
benchmarks/satlib/uf100-430/uf100-0356.cnf,SAT,0.000,0,0
benchmarks/satlib/uf100-430/uf100-0357.cnf,SAT,0.004,8,0
benchmarks/satlib/uf100-430/uf100-0358.cnf,SAT,0.002,6,0
benchmarks/satlib/uf100-430/uf100-0359.cnf,SAT,0.005,11,0
benchmarks/satlib/uf100-430/uf100-036.cnf,SAT,0.003,6,0
benchmarks/satlib/uf100-430/uf100-0360.cnf,SAT,0.006,12,0
benchmarks/satlib/uf100-430/uf100-0361.cnf,SAT,0.000,0,0
benchmarks/satlib/uf100-430/uf100-0362.cnf,SAT,0.002,5,0
benchmarks/satlib/uf100-430/uf100-0363.cnf,SAT,0.001,2,0
benchmarks/satlib/uf100-430/uf100-0364.cnf,SAT,0.001,3,0
benchmarks/satlib/uf100-430/uf100-0365.cnf,SAT,0.003,6,0
benchmarks/satlib/uf100-430/uf100-0366.cnf,SAT,0.000,0,0
benchmarks/satlib/uf100-430/uf100-0367.cnf,SAT,0.001,5,0
benchmarks/satlib/uf100-430/uf100-0368.cnf,SAT,0.006,11,0
benchmarks/satlib/uf100-430/uf100-0369.cnf,SAT,0.000,0,0
benchmarks/satlib/uf100-430/uf100-037.cnf,SAT,0.002,6,0
benchmarks/satlib/uf100-430/uf100-0370.cnf,SAT,0.011,14,0
benchmarks/satlib/uf100-430/uf100-0371.cnf,SAT,0.008,13,0
benchmarks/satlib/uf100-430/uf100-0372.cnf,SAT,0.000,1,0
benchmarks/satlib/uf100-430/uf100-0373.cnf,SAT,0.001,2,0
benchmarks/satlib/uf100-430/uf100-0374.cnf,SAT,0.000,1,0
benchmarks/satlib/uf100-430/uf100-0375.cnf,SAT,0.001,2,0
benchmarks/satlib/uf100-430/uf100-0376.cnf,SAT,0.000,1,0
benchmarks/satlib/uf100-430/uf100-0377.cnf,SAT,0.000,2,0
benchmarks/satlib/uf100-430/uf100-0378.cnf,SAT,0.000,1,0
benchmarks/satlib/uf100-430/uf100-0379.cnf,SAT,0.004,7,0
benchmarks/satlib/uf100-430/uf100-038.cnf,SAT,0.000,0,0
benchmarks/satlib/uf100-430/uf100-0380.cnf,SAT,0.006,11,0
benchmarks/satlib/uf100-430/uf100-0381.cnf,SAT,0.000,1,0
benchmarks/satlib/uf100-430/uf100-0382.cnf,SAT,0.001,4,0
benchmarks/satlib/uf100-430/uf100-0383.cnf,SAT,0.002,5,0
benchmarks/satlib/uf100-430/uf100-0384.cnf,SAT,0.000,1,0
benchmarks/satlib/uf100-430/uf100-0385.cnf,SAT,0.001,3,0
benchmarks/satlib/uf100-430/uf100-0386.cnf,SAT,0.002,6,0
benchmarks/satlib/uf100-430/uf100-0387.cnf,SAT,0.011,14,0
benchmarks/satlib/uf100-430/uf100-0388.cnf,SAT,0.000,1,0
benchmarks/satlib/uf100-430/uf100-0389.cnf,SAT,0.002,6,0
benchmarks/satlib/uf100-430/uf100-039.cnf,SAT,0.000,0,0
benchmarks/satlib/uf100-430/uf100-0390.cnf,SAT,0.001,4,0
benchmarks/satlib/uf100-430/uf100-0391.cnf,SAT,0.001,2,0
benchmarks/satlib/uf100-430/uf100-0392.cnf,SAT,0.004,7,0
benchmarks/satlib/uf100-430/uf100-0393.cnf,SAT,0.001,3,0
benchmarks/satlib/uf100-430/uf100-0394.cnf,SAT,0.000,1,0
benchmarks/satlib/uf100-430/uf100-0395.cnf,SAT,0.000,0,0
benchmarks/satlib/uf100-430/uf100-0396.cnf,SAT,0.001,4,0
benchmarks/satlib/uf100-430/uf100-0397.cnf,SAT,0.006,12,0
benchmarks/satlib/uf100-430/uf100-0398.cnf,SAT,0.000,2,0
benchmarks/satlib/uf100-430/uf100-0399.cnf,SAT,0.000,0,0
benchmarks/satlib/uf100-430/uf100-04.cnf,SAT,0.001,2,0
benchmarks/satlib/uf100-430/uf100-040.cnf,SAT,0.001,4,0
benchmarks/satlib/uf100-430/uf100-0400.cnf,SAT,0.000,2,0
benchmarks/satlib/uf100-430/uf100-0401.cnf,SAT,0.000,1,0
benchmarks/satlib/uf100-430/uf100-0402.cnf,SAT,0.006,12,0
benchmarks/satlib/uf100-430/uf100-0403.cnf,SAT,0.020,25,979
benchmarks/satlib/uf100-430/uf100-0404.cnf,SAT,0.001,2,0
benchmarks/satlib/uf100-430/uf100-0405.cnf,SAT,0.001,2,0
benchmarks/satlib/uf100-430/uf100-0406.cnf,SAT,0.001,2,0
benchmarks/satlib/uf100-430/uf100-0407.cnf,SAT,0.001,4,0
benchmarks/satlib/uf100-430/uf100-0408.cnf,SAT,0.000,0,0
benchmarks/satlib/uf100-430/uf100-0409.cnf,SAT,0.005,10,0
benchmarks/satlib/uf100-430/uf100-041.cnf,SAT,0.000,1,0
benchmarks/satlib/uf100-430/uf100-0410.cnf,SAT,0.001,2,0
benchmarks/satlib/uf100-430/uf100-0411.cnf,SAT,0.003,6,0
benchmarks/satlib/uf100-430/uf100-0412.cnf,SAT,0.000,0,0
benchmarks/satlib/uf100-430/uf100-0413.cnf,SAT,0.001,3,0
benchmarks/satlib/uf100-430/uf100-0414.cnf,SAT,0.009,14,0
benchmarks/satlib/uf100-430/uf100-0415.cnf,SAT,0.001,2,0
benchmarks/satlib/uf100-430/uf100-0416.cnf,SAT,0.005,11,0
benchmarks/satlib/uf100-430/uf100-0417.cnf,SAT,0.002,5,0
benchmarks/satlib/uf100-430/uf100-0418.cnf,SAT,0.005,10,0
benchmarks/satlib/uf100-430/uf100-0419.cnf,SAT,0.001,2,0
benchmarks/satlib/uf100-430/uf100-042.cnf,SAT,0.001,3,0
benchmarks/satlib/uf100-430/uf100-0420.cnf,SAT,0.005,10,0
benchmarks/satlib/uf100-430/uf100-0421.cnf,SAT,0.001,3,0
benchmarks/satlib/uf100-430/uf100-0422.cnf,SAT,0.001,4,0
benchmarks/satlib/uf100-430/uf100-0423.cnf,SAT,0.003,6,0
benchmarks/satlib/uf100-430/uf100-0424.cnf,SAT,0.001,2,0
benchmarks/satlib/uf100-430/uf100-0425.cnf,SAT,0.004,8,0
benchmarks/satlib/uf100-430/uf100-0426.cnf,SAT,0.001,2,0
benchmarks/satlib/uf100-430/uf100-0427.cnf,SAT,0.003,6,0
benchmarks/satlib/uf100-430/uf100-0428.cnf,SAT,0.002,6,0
benchmarks/satlib/uf100-430/uf100-0429.cnf,SAT,0.002,6,0
benchmarks/satlib/uf100-430/uf100-043.cnf,SAT,0.004,8,0
benchmarks/satlib/uf100-430/uf100-0430.cnf,SAT,0.010,14,0
benchmarks/satlib/uf100-430/uf100-0431.cnf,SAT,0.000,0,0
benchmarks/satlib/uf100-430/uf100-0432.cnf,SAT,0.001,2,0
benchmarks/satlib/uf100-430/uf100-0433.cnf,SAT,0.003,6,0
benchmarks/satlib/uf100-430/uf100-0434.cnf,SAT,0.000,1,0
benchmarks/satlib/uf100-430/uf100-0435.cnf,SAT,0.001,2,0
benchmarks/satlib/uf100-430/uf100-0436.cnf,SAT,0.002,5,0
benchmarks/satlib/uf100-430/uf100-0437.cnf,SAT,0.001,2,0
benchmarks/satlib/uf100-430/uf100-0438.cnf,SAT,0.002,6,0
benchmarks/satlib/uf100-430/uf100-0439.cnf,SAT,0.003,6,0
benchmarks/satlib/uf100-430/uf100-044.cnf,SAT,0.001,2,0
benchmarks/satlib/uf100-430/uf100-0440.cnf,SAT,0.000,0,0
benchmarks/satlib/uf100-430/uf100-0441.cnf,SAT,0.000,1,0
benchmarks/satlib/uf100-430/uf100-0442.cnf,SAT,0.002,5,0
benchmarks/satlib/uf100-430/uf100-0443.cnf,SAT,0.000,1,0
benchmarks/satlib/uf100-430/uf100-0444.cnf,SAT,0.002,6,0
benchmarks/satlib/uf100-430/uf100-0445.cnf,SAT,0.001,2,0
benchmarks/satlib/uf100-430/uf100-0446.cnf,SAT,0.002,5,0
benchmarks/satlib/uf100-430/uf100-0447.cnf,SAT,0.001,2,0
benchmarks/satlib/uf100-430/uf100-0448.cnf,SAT,0.001,3,0
benchmarks/satlib/uf100-430/uf100-0449.cnf,SAT,0.000,0,0
benchmarks/satlib/uf100-430/uf100-045.cnf,SAT,0.004,8,0
benchmarks/satlib/uf100-430/uf100-0450.cnf,SAT,0.002,6,0
benchmarks/satlib/uf100-430/uf100-0451.cnf,SAT,0.007,13,0
benchmarks/satlib/uf100-430/uf100-0452.cnf,SAT,0.007,13,0
benchmarks/satlib/uf100-430/uf100-0453.cnf,SAT,0.000,2,0
benchmarks/satlib/uf100-430/uf100-0454.cnf,SAT,0.001,2,0
benchmarks/satlib/uf100-430/uf100-0455.cnf,SAT,0.002,5,0
benchmarks/satlib/uf100-430/uf100-0456.cnf,SAT,0.000,1,0
benchmarks/satlib/uf100-430/uf100-0457.cnf,SAT,0.002,6,0
benchmarks/satlib/uf100-430/uf100-0458.cnf,SAT,0.001,4,0
benchmarks/satlib/uf100-430/uf100-0459.cnf,SAT,0.005,9,0
benchmarks/satlib/uf100-430/uf100-046.cnf,SAT,0.002,5,0
benchmarks/satlib/uf100-430/uf100-0460.cnf,SAT,0.001,2,0
benchmarks/satlib/uf100-430/uf100-0461.cnf,SAT,0.000,1,0
benchmarks/satlib/uf100-430/uf100-0462.cnf,SAT,0.006,12,0
benchmarks/satlib/uf100-430/uf100-0463.cnf,SAT,0.006,12,0
benchmarks/satlib/uf100-430/uf100-0464.cnf,SAT,0.000,0,0
benchmarks/satlib/uf100-430/uf100-0465.cnf,SAT,0.000,1,0
benchmarks/satlib/uf100-430/uf100-0466.cnf,SAT,0.001,4,0
benchmarks/satlib/uf100-430/uf100-0467.cnf,SAT,0.001,3,0
benchmarks/satlib/uf100-430/uf100-0468.cnf,SAT,0.001,3,0
benchmarks/satlib/uf100-430/uf100-0469.cnf,SAT,0.000,0,0
benchmarks/satlib/uf100-430/uf100-047.cnf,SAT,0.000,1,0
benchmarks/satlib/uf100-430/uf100-0470.cnf,SAT,0.000,0,0
benchmarks/satlib/uf100-430/uf100-0471.cnf,SAT,0.001,2,0
benchmarks/satlib/uf100-430/uf100-0472.cnf,SAT,0.001,4,0
benchmarks/satlib/uf100-430/uf100-0473.cnf,SAT,0.001,3,0
benchmarks/satlib/uf100-430/uf100-0474.cnf,SAT,0.003,6,0
benchmarks/satlib/uf100-430/uf100-0475.cnf,SAT,0.002,5,0
benchmarks/satlib/uf100-430/uf100-0476.cnf,SAT,0.002,6,0
benchmarks/satlib/uf100-430/uf100-0477.cnf,SAT,0.001,3,0
benchmarks/satlib/uf100-430/uf100-0478.cnf,SAT,0.000,2,0
benchmarks/satlib/uf100-430/uf100-0479.cnf,SAT,0.002,6,0
benchmarks/satlib/uf100-430/uf100-048.cnf,SAT,0.009,14,0
benchmarks/satlib/uf100-430/uf100-0480.cnf,SAT,0.003,6,0
benchmarks/satlib/uf100-430/uf100-0481.cnf,SAT,0.000,1,0
benchmarks/satlib/uf100-430/uf100-0482.cnf,SAT,0.001,2,0
benchmarks/satlib/uf100-430/uf100-0483.cnf,SAT,0.000,1,0
benchmarks/satlib/uf100-430/uf100-0484.cnf,SAT,0.002,5,0
benchmarks/satlib/uf100-430/uf100-0485.cnf,SAT,0.001,2,0
benchmarks/satlib/uf100-430/uf100-0486.cnf,SAT,0.001,2,0
benchmarks/satlib/uf100-430/uf100-0487.cnf,SAT,0.000,1,0
benchmarks/satlib/uf100-430/uf100-0488.cnf,SAT,0.007,12,0
benchmarks/satlib/uf100-430/uf100-0489.cnf,SAT,0.000,2,0
benchmarks/satlib/uf100-430/uf100-049.cnf,SAT,0.001,2,0
benchmarks/satlib/uf100-430/uf100-0490.cnf,SAT,0.000,0,0
benchmarks/satlib/uf100-430/uf100-0491.cnf,SAT,0.001,3,0
benchmarks/satlib/uf100-430/uf100-0492.cnf,SAT,0.005,10,0
benchmarks/satlib/uf100-430/uf100-0493.cnf,SAT,0.001,4,0
benchmarks/satlib/uf100-430/uf100-0494.cnf,SAT,0.001,2,0
benchmarks/satlib/uf100-430/uf100-0495.cnf,SAT,0.004,8,0
benchmarks/satlib/uf100-430/uf100-0496.cnf,SAT,0.001,3,0
benchmarks/satlib/uf100-430/uf100-0497.cnf,SAT,0.000,1,0
benchmarks/satlib/uf100-430/uf100-0498.cnf,SAT,0.001,2,0
benchmarks/satlib/uf100-430/uf100-0499.cnf,SAT,0.001,2,0
benchmarks/satlib/uf100-430/uf100-05.cnf,SAT,0.000,1,0
benchmarks/satlib/uf100-430/uf100-050.cnf,SAT,0.048,38,3378
benchmarks/satlib/uf100-430/uf100-0500.cnf,SAT,0.005,10,0
benchmarks/satlib/uf100-430/uf100-0501.cnf,SAT,0.001,2,0
benchmarks/satlib/uf100-430/uf100-0502.cnf,SAT,0.008,13,0
benchmarks/satlib/uf100-430/uf100-0503.cnf,SAT,0.004,8,0
benchmarks/satlib/uf100-430/uf100-0504.cnf,SAT,0.001,4,0
benchmarks/satlib/uf100-430/uf100-0505.cnf,SAT,0.001,3,0
benchmarks/satlib/uf100-430/uf100-0506.cnf,SAT,0.000,1,0
benchmarks/satlib/uf100-430/uf100-0507.cnf,SAT,0.000,2,0
benchmarks/satlib/uf100-430/uf100-0508.cnf,SAT,0.001,3,0
benchmarks/satlib/uf100-430/uf100-0509.cnf,SAT,0.001,2,0
benchmarks/satlib/uf100-430/uf100-051.cnf,SAT,0.001,4,0
benchmarks/satlib/uf100-430/uf100-0510.cnf,SAT,0.000,1,0
benchmarks/satlib/uf100-430/uf100-0511.cnf,SAT,0.001,2,0
benchmarks/satlib/uf100-430/uf100-0512.cnf,SAT,0.001,2,0
benchmarks/satlib/uf100-430/uf100-0513.cnf,SAT,0.001,2,0
benchmarks/satlib/uf100-430/uf100-0514.cnf,SAT,0.000,1,0
benchmarks/satlib/uf100-430/uf100-0515.cnf,SAT,0.004,8,0
benchmarks/satlib/uf100-430/uf100-0516.cnf,SAT,0.000,1,0
benchmarks/satlib/uf100-430/uf100-0517.cnf,SAT,0.001,3,0
benchmarks/satlib/uf100-430/uf100-0518.cnf,SAT,0.002,5,0
benchmarks/satlib/uf100-430/uf100-0519.cnf,SAT,0.004,7,0
benchmarks/satlib/uf100-430/uf100-052.cnf,SAT,0.015,20,977
benchmarks/satlib/uf100-430/uf100-0520.cnf,SAT,0.001,2,0
benchmarks/satlib/uf100-430/uf100-0521.cnf,SAT,0.000,1,0
benchmarks/satlib/uf100-430/uf100-0522.cnf,SAT,0.004,9,0
benchmarks/satlib/uf100-430/uf100-0523.cnf,SAT,0.001,2,0
benchmarks/satlib/uf100-430/uf100-0524.cnf,SAT,0.003,6,0
benchmarks/satlib/uf100-430/uf100-0525.cnf,SAT,0.000,0,0
benchmarks/satlib/uf100-430/uf100-0526.cnf,SAT,0.001,2,0
benchmarks/satlib/uf100-430/uf100-0527.cnf,SAT,0.000,1,0
benchmarks/satlib/uf100-430/uf100-0528.cnf,SAT,0.000,2,0
benchmarks/satlib/uf100-430/uf100-0529.cnf,SAT,0.000,2,0
benchmarks/satlib/uf100-430/uf100-053.cnf,SAT,0.001,2,0
benchmarks/satlib/uf100-430/uf100-0530.cnf,SAT,0.000,2,0
benchmarks/satlib/uf100-430/uf100-0531.cnf,SAT,0.003,6,0
benchmarks/satlib/uf100-430/uf100-0532.cnf,SAT,0.002,6,0
benchmarks/satlib/uf100-430/uf100-0533.cnf,SAT,0.001,3,0
benchmarks/satlib/uf100-430/uf100-0534.cnf,SAT,0.005,10,0
benchmarks/satlib/uf100-430/uf100-0535.cnf,SAT,0.001,3,0
benchmarks/satlib/uf100-430/uf100-0536.cnf,SAT,0.001,2,0
benchmarks/satlib/uf100-430/uf100-0537.cnf,SAT,0.001,5,0
benchmarks/satlib/uf100-430/uf100-0538.cnf,SAT,0.002,6,0
benchmarks/satlib/uf100-430/uf100-0539.cnf,SAT,0.002,6,0
benchmarks/satlib/uf100-430/uf100-054.cnf,SAT,0.000,2,0
benchmarks/satlib/uf100-430/uf100-0540.cnf,SAT,0.000,1,0
benchmarks/satlib/uf100-430/uf100-0541.cnf,SAT,0.001,2,0
benchmarks/satlib/uf100-430/uf100-0542.cnf,SAT,0.001,2,0
benchmarks/satlib/uf100-430/uf100-0543.cnf,SAT,0.001,3,0
benchmarks/satlib/uf100-430/uf100-0544.cnf,SAT,0.001,4,0
benchmarks/satlib/uf100-430/uf100-0545.cnf,SAT,0.000,1,0
benchmarks/satlib/uf100-430/uf100-0546.cnf,SAT,0.003,7,0
benchmarks/satlib/uf100-430/uf100-0547.cnf,SAT,0.002,6,0
benchmarks/satlib/uf100-430/uf100-0548.cnf,SAT,0.000,1,0
benchmarks/satlib/uf100-430/uf100-0549.cnf,SAT,0.001,3,0
benchmarks/satlib/uf100-430/uf100-055.cnf,SAT,0.000,1,0
benchmarks/satlib/uf100-430/uf100-0550.cnf,SAT,0.000,1,0
benchmarks/satlib/uf100-430/uf100-0551.cnf,SAT,0.000,1,0
benchmarks/satlib/uf100-430/uf100-0552.cnf,SAT,0.004,8,0
benchmarks/satlib/uf100-430/uf100-0553.cnf,SAT,0.000,1,0
benchmarks/satlib/uf100-430/uf100-0554.cnf,SAT,0.001,3,0
benchmarks/satlib/uf100-430/uf100-0555.cnf,SAT,0.002,6,0
benchmarks/satlib/uf100-430/uf100-0556.cnf,SAT,0.002,5,0
benchmarks/satlib/uf100-430/uf100-0557.cnf,SAT,0.014,17,980
benchmarks/satlib/uf100-430/uf100-0558.cnf,SAT,0.004,8,0
benchmarks/satlib/uf100-430/uf100-0559.cnf,SAT,0.001,3,0
benchmarks/satlib/uf100-430/uf100-056.cnf,SAT,0.007,13,0
benchmarks/satlib/uf100-430/uf100-0560.cnf,SAT,0.003,6,0
benchmarks/satlib/uf100-430/uf100-0561.cnf,SAT,0.002,5,0
benchmarks/satlib/uf100-430/uf100-0562.cnf,SAT,0.001,3,0
benchmarks/satlib/uf100-430/uf100-0563.cnf,SAT,0.000,1,0
benchmarks/satlib/uf100-430/uf100-0564.cnf,SAT,0.001,3,0
benchmarks/satlib/uf100-430/uf100-0565.cnf,SAT,0.014,17,984
benchmarks/satlib/uf100-430/uf100-0566.cnf,SAT,0.014,17,980
benchmarks/satlib/uf100-430/uf100-0567.cnf,SAT,0.001,2,0
benchmarks/satlib/uf100-430/uf100-0568.cnf,SAT,0.006,11,0
benchmarks/satlib/uf100-430/uf100-0569.cnf,SAT,0.000,0,0
benchmarks/satlib/uf100-430/uf100-057.cnf,SAT,0.000,1,0
benchmarks/satlib/uf100-430/uf100-0570.cnf,SAT,0.002,5,0
benchmarks/satlib/uf100-430/uf100-0571.cnf,SAT,0.001,3,0
benchmarks/satlib/uf100-430/uf100-0572.cnf,SAT,0.002,6,0
benchmarks/satlib/uf100-430/uf100-0573.cnf,SAT,0.000,1,0
benchmarks/satlib/uf100-430/uf100-0574.cnf,SAT,0.001,3,0
benchmarks/satlib/uf100-430/uf100-0575.cnf,SAT,0.001,3,0
benchmarks/satlib/uf100-430/uf100-0576.cnf,SAT,0.002,6,0
benchmarks/satlib/uf100-430/uf100-0577.cnf,SAT,0.000,0,0
benchmarks/satlib/uf100-430/uf100-0578.cnf,SAT,0.001,4,0
benchmarks/satlib/uf100-430/uf100-0579.cnf,SAT,0.000,1,0
benchmarks/satlib/uf100-430/uf100-058.cnf,SAT,0.001,4,0
benchmarks/satlib/uf100-430/uf100-0580.cnf,SAT,0.001,2,0
benchmarks/satlib/uf100-430/uf100-0581.cnf,SAT,0.000,0,0
benchmarks/satlib/uf100-430/uf100-0582.cnf,SAT,0.005,10,0
benchmarks/satlib/uf100-430/uf100-0583.cnf,SAT,0.001,2,0
benchmarks/satlib/uf100-430/uf100-0584.cnf,SAT,0.001,5,0
benchmarks/satlib/uf100-430/uf100-0585.cnf,SAT,0.004,8,0
benchmarks/satlib/uf100-430/uf100-0586.cnf,SAT,0.000,0,0
benchmarks/satlib/uf100-430/uf100-0587.cnf,SAT,0.001,2,0
benchmarks/satlib/uf100-430/uf100-0588.cnf,SAT,0.001,2,0
benchmarks/satlib/uf100-430/uf100-0589.cnf,SAT,0.005,10,0
benchmarks/satlib/uf100-430/uf100-059.cnf,SAT,0.001,2,0
benchmarks/satlib/uf100-430/uf100-0590.cnf,SAT,0.010,14,0
benchmarks/satlib/uf100-430/uf100-0591.cnf,SAT,0.019,23,984
benchmarks/satlib/uf100-430/uf100-0592.cnf,SAT,0.008,13,0
benchmarks/satlib/uf100-430/uf100-0593.cnf,SAT,0.000,0,0
benchmarks/satlib/uf100-430/uf100-0594.cnf,SAT,0.002,6,0
benchmarks/satlib/uf100-430/uf100-0595.cnf,SAT,0.001,3,0
benchmarks/satlib/uf100-430/uf100-0596.cnf,SAT,0.001,3,0
benchmarks/satlib/uf100-430/uf100-0597.cnf,SAT,0.001,2,0
benchmarks/satlib/uf100-430/uf100-0598.cnf,SAT,0.002,5,0
benchmarks/satlib/uf100-430/uf100-0599.cnf,SAT,0.001,4,0
benchmarks/satlib/uf100-430/uf100-06.cnf,SAT,0.000,0,0
benchmarks/satlib/uf100-430/uf100-060.cnf,SAT,0.000,1,0
benchmarks/satlib/uf100-430/uf100-0600.cnf,SAT,0.004,8,0
benchmarks/satlib/uf100-430/uf100-0601.cnf,SAT,0.000,1,0
benchmarks/satlib/uf100-430/uf100-0602.cnf,SAT,0.010,14,0
benchmarks/satlib/uf100-430/uf100-0603.cnf,SAT,0.001,4,0
benchmarks/satlib/uf100-430/uf100-0604.cnf,SAT,0.001,2,0
benchmarks/satlib/uf100-430/uf100-0605.cnf,SAT,0.000,1,0
benchmarks/satlib/uf100-430/uf100-0606.cnf,SAT,0.002,5,0
benchmarks/satlib/uf100-430/uf100-0607.cnf,SAT,0.003,6,0
benchmarks/satlib/uf100-430/uf100-0608.cnf,SAT,0.004,7,0
benchmarks/satlib/uf100-430/uf100-0609.cnf,SAT,0.000,2,0
benchmarks/satlib/uf100-430/uf100-061.cnf,SAT,0.012,14,979
benchmarks/satlib/uf100-430/uf100-0610.cnf,SAT,0.001,2,0
benchmarks/satlib/uf100-430/uf100-0611.cnf,SAT,0.002,6,0
benchmarks/satlib/uf100-430/uf100-0612.cnf,SAT,0.003,6,0
benchmarks/satlib/uf100-430/uf100-0613.cnf,SAT,0.001,3,0
benchmarks/satlib/uf100-430/uf100-0614.cnf,SAT,0.003,6,0
benchmarks/satlib/uf100-430/uf100-0615.cnf,SAT,0.001,3,0
benchmarks/satlib/uf100-430/uf100-0616.cnf,SAT,0.004,7,0
benchmarks/satlib/uf100-430/uf100-0617.cnf,SAT,0.001,3,0
benchmarks/satlib/uf100-430/uf100-0618.cnf,SAT,0.000,0,0
benchmarks/satlib/uf100-430/uf100-0619.cnf,SAT,0.001,2,0
benchmarks/satlib/uf100-430/uf100-062.cnf,SAT,0.002,6,0
benchmarks/satlib/uf100-430/uf100-0620.cnf,SAT,0.001,2,0
benchmarks/satlib/uf100-430/uf100-0621.cnf,SAT,0.000,0,0
benchmarks/satlib/uf100-430/uf100-0622.cnf,SAT,0.001,3,0
benchmarks/satlib/uf100-430/uf100-0623.cnf,SAT,0.004,8,0
benchmarks/satlib/uf100-430/uf100-0624.cnf,SAT,0.001,2,0
benchmarks/satlib/uf100-430/uf100-0625.cnf,SAT,0.002,5,0
benchmarks/satlib/uf100-430/uf100-0626.cnf,SAT,0.005,11,0
benchmarks/satlib/uf100-430/uf100-0627.cnf,SAT,0.002,5,0
benchmarks/satlib/uf100-430/uf100-0628.cnf,SAT,0.003,6,0
benchmarks/satlib/uf100-430/uf100-0629.cnf,SAT,0.006,12,0
benchmarks/satlib/uf100-430/uf100-063.cnf,SAT,0.000,1,0
benchmarks/satlib/uf100-430/uf100-0630.cnf,SAT,0.003,6,0
benchmarks/satlib/uf100-430/uf100-0631.cnf,SAT,0.001,2,0
benchmarks/satlib/uf100-430/uf100-0632.cnf,SAT,0.003,7,0
benchmarks/satlib/uf100-430/uf100-0633.cnf,SAT,0.003,6,0
benchmarks/satlib/uf100-430/uf100-0634.cnf,SAT,0.005,10,0
benchmarks/satlib/uf100-430/uf100-0635.cnf,SAT,0.005,9,0
benchmarks/satlib/uf100-430/uf100-0636.cnf,SAT,0.001,2,0
benchmarks/satlib/uf100-430/uf100-0637.cnf,SAT,0.001,2,0
benchmarks/satlib/uf100-430/uf100-0638.cnf,SAT,0.001,2,0
benchmarks/satlib/uf100-430/uf100-0639.cnf,SAT,0.002,5,0
benchmarks/satlib/uf100-430/uf100-064.cnf,SAT,0.000,1,0
benchmarks/satlib/uf100-430/uf100-0640.cnf,SAT,0.000,1,0
benchmarks/satlib/uf100-430/uf100-0641.cnf,SAT,0.001,2,0
benchmarks/satlib/uf100-430/uf100-0642.cnf,SAT,0.009,14,0
benchmarks/satlib/uf100-430/uf100-0643.cnf,SAT,0.001,2,0
benchmarks/satlib/uf100-430/uf100-0644.cnf,SAT,0.003,6,0
benchmarks/satlib/uf100-430/uf100-0645.cnf,SAT,0.001,3,0
benchmarks/satlib/uf100-430/uf100-0646.cnf,SAT,0.002,6,0
benchmarks/satlib/uf100-430/uf100-0647.cnf,SAT,0.003,6,0
benchmarks/satlib/uf100-430/uf100-0648.cnf,SAT,0.004,7,0
benchmarks/satlib/uf100-430/uf100-0649.cnf,SAT,0.000,1,0
benchmarks/satlib/uf100-430/uf100-065.cnf,SAT,0.003,7,0
benchmarks/satlib/uf100-430/uf100-0650.cnf,SAT,0.000,1,0
benchmarks/satlib/uf100-430/uf100-0651.cnf,SAT,0.002,5,0
benchmarks/satlib/uf100-430/uf100-0652.cnf,SAT,0.001,4,0
benchmarks/satlib/uf100-430/uf100-0653.cnf,SAT,0.009,14,0
benchmarks/satlib/uf100-430/uf100-0654.cnf,SAT,0.002,6,0
benchmarks/satlib/uf100-430/uf100-0655.cnf,SAT,0.003,7,0
benchmarks/satlib/uf100-430/uf100-0656.cnf,SAT,0.001,4,0
benchmarks/satlib/uf100-430/uf100-0657.cnf,SAT,0.002,5,0
benchmarks/satlib/uf100-430/uf100-0658.cnf,SAT,0.001,2,0
benchmarks/satlib/uf100-430/uf100-0659.cnf,SAT,0.006,11,0
benchmarks/satlib/uf100-430/uf100-066.cnf,SAT,0.001,4,0
benchmarks/satlib/uf100-430/uf100-0660.cnf,SAT,0.001,2,0
benchmarks/satlib/uf100-430/uf100-0661.cnf,SAT,0.000,0,0
benchmarks/satlib/uf100-430/uf100-0662.cnf,SAT,0.001,3,0
benchmarks/satlib/uf100-430/uf100-0663.cnf,SAT,0.001,2,0
benchmarks/satlib/uf100-430/uf100-0664.cnf,SAT,0.001,3,0
benchmarks/satlib/uf100-430/uf100-0665.cnf,SAT,0.000,0,0
benchmarks/satlib/uf100-430/uf100-0666.cnf,SAT,0.008,13,0
benchmarks/satlib/uf100-430/uf100-0667.cnf,SAT,0.004,8,0
benchmarks/satlib/uf100-430/uf100-0668.cnf,SAT,0.001,5,0
benchmarks/satlib/uf100-430/uf100-0669.cnf,SAT,0.000,2,0
benchmarks/satlib/uf100-430/uf100-067.cnf,SAT,0.002,5,0
benchmarks/satlib/uf100-430/uf100-0670.cnf,SAT,0.001,4,0
benchmarks/satlib/uf100-430/uf100-0671.cnf,SAT,0.001,2,0
benchmarks/satlib/uf100-430/uf100-0672.cnf,SAT,0.001,2,0
benchmarks/satlib/uf100-430/uf100-0673.cnf,SAT,0.002,5,0
benchmarks/satlib/uf100-430/uf100-0674.cnf,SAT,0.000,1,0
benchmarks/satlib/uf100-430/uf100-0675.cnf,SAT,0.004,9,0
benchmarks/satlib/uf100-430/uf100-0676.cnf,SAT,0.000,1,0
benchmarks/satlib/uf100-430/uf100-0677.cnf,SAT,0.001,2,0
benchmarks/satlib/uf100-430/uf100-0678.cnf,SAT,0.019,23,978
benchmarks/satlib/uf100-430/uf100-0679.cnf,SAT,0.001,2,0
benchmarks/satlib/uf100-430/uf100-068.cnf,SAT,0.000,0,0
benchmarks/satlib/uf100-430/uf100-0680.cnf,SAT,0.001,2,0
benchmarks/satlib/uf100-430/uf100-0681.cnf,SAT,0.005,10,0
benchmarks/satlib/uf100-430/uf100-0682.cnf,SAT,0.001,2,0
benchmarks/satlib/uf100-430/uf100-0683.cnf,SAT,0.019,21,981
benchmarks/satlib/uf100-430/uf100-0684.cnf,SAT,0.001,3,0
benchmarks/satlib/uf100-430/uf100-0685.cnf,SAT,0.000,1,0
benchmarks/satlib/uf100-430/uf100-0686.cnf,SAT,0.003,6,0
benchmarks/satlib/uf100-430/uf100-0687.cnf,SAT,0.000,0,0
benchmarks/satlib/uf100-430/uf100-0688.cnf,SAT,0.001,2,0
benchmarks/satlib/uf100-430/uf100-0689.cnf,SAT,0.006,12,0
benchmarks/satlib/uf100-430/uf100-069.cnf,SAT,0.001,4,0
benchmarks/satlib/uf100-430/uf100-0690.cnf,SAT,0.001,2,0
benchmarks/satlib/uf100-430/uf100-0691.cnf,SAT,0.000,1,0
benchmarks/satlib/uf100-430/uf100-0692.cnf,SAT,0.000,0,0
benchmarks/satlib/uf100-430/uf100-0693.cnf,SAT,0.002,6,0
benchmarks/satlib/uf100-430/uf100-0694.cnf,SAT,0.003,6,0
benchmarks/satlib/uf100-430/uf100-0695.cnf,SAT,0.001,3,0
benchmarks/satlib/uf100-430/uf100-0696.cnf,SAT,0.001,3,0
benchmarks/satlib/uf100-430/uf100-0697.cnf,SAT,0.001,2,0
benchmarks/satlib/uf100-430/uf100-0698.cnf,SAT,0.001,2,0
benchmarks/satlib/uf100-430/uf100-0699.cnf,SAT,0.003,7,0
benchmarks/satlib/uf100-430/uf100-07.cnf,SAT,0.000,0,0
benchmarks/satlib/uf100-430/uf100-070.cnf,SAT,0.000,1,0
benchmarks/satlib/uf100-430/uf100-0700.cnf,SAT,0.000,0,0
benchmarks/satlib/uf100-430/uf100-0701.cnf,SAT,0.001,4,0
benchmarks/satlib/uf100-430/uf100-0702.cnf,SAT,0.013,15,976
benchmarks/satlib/uf100-430/uf100-0703.cnf,SAT,0.002,5,0
benchmarks/satlib/uf100-430/uf100-0704.cnf,SAT,0.000,0,0
benchmarks/satlib/uf100-430/uf100-0705.cnf,SAT,0.006,12,0
benchmarks/satlib/uf100-430/uf100-0706.cnf,SAT,0.000,1,0
benchmarks/satlib/uf100-430/uf100-0707.cnf,SAT,0.002,6,0
benchmarks/satlib/uf100-430/uf100-0708.cnf,SAT,0.000,2,0
benchmarks/satlib/uf100-430/uf100-0709.cnf,SAT,0.000,2,0
benchmarks/satlib/uf100-430/uf100-071.cnf,SAT,0.000,0,0
benchmarks/satlib/uf100-430/uf100-0710.cnf,SAT,0.000,0,0
benchmarks/satlib/uf100-430/uf100-0711.cnf,SAT,0.000,0,0
benchmarks/satlib/uf100-430/uf100-0712.cnf,SAT,0.002,6,0
benchmarks/satlib/uf100-430/uf100-0713.cnf,SAT,0.002,6,0
benchmarks/satlib/uf100-430/uf100-0714.cnf,SAT,0.003,7,0
benchmarks/satlib/uf100-430/uf100-0715.cnf,SAT,0.002,6,0
benchmarks/satlib/uf100-430/uf100-0716.cnf,SAT,0.001,4,0
benchmarks/satlib/uf100-430/uf100-0717.cnf,SAT,0.001,2,0
benchmarks/satlib/uf100-430/uf100-0718.cnf,SAT,0.001,2,0
benchmarks/satlib/uf100-430/uf100-0719.cnf,SAT,0.005,9,0
benchmarks/satlib/uf100-430/uf100-072.cnf,SAT,0.010,14,0
benchmarks/satlib/uf100-430/uf100-0720.cnf,SAT,0.001,3,0
benchmarks/satlib/uf100-430/uf100-0721.cnf,SAT,0.000,1,0
benchmarks/satlib/uf100-430/uf100-0722.cnf,SAT,0.010,14,0
benchmarks/satlib/uf100-430/uf100-0723.cnf,SAT,0.000,1,0
benchmarks/satlib/uf100-430/uf100-0724.cnf,SAT,0.009,14,0
benchmarks/satlib/uf100-430/uf100-0725.cnf,SAT,0.002,5,0
benchmarks/satlib/uf100-430/uf100-0726.cnf,SAT,0.000,0,0
benchmarks/satlib/uf100-430/uf100-0727.cnf,SAT,0.000,0,0
benchmarks/satlib/uf100-430/uf100-0728.cnf,SAT,0.000,1,0
benchmarks/satlib/uf100-430/uf100-0729.cnf,SAT,0.000,1,0
benchmarks/satlib/uf100-430/uf100-073.cnf,SAT,0.002,6,0
benchmarks/satlib/uf100-430/uf100-0730.cnf,SAT,0.000,1,0
benchmarks/satlib/uf100-430/uf100-0731.cnf,SAT,0.006,12,0
benchmarks/satlib/uf100-430/uf100-0732.cnf,SAT,0.008,14,0
benchmarks/satlib/uf100-430/uf100-0733.cnf,SAT,0.001,3,0
benchmarks/satlib/uf100-430/uf100-0734.cnf,SAT,0.000,1,0
benchmarks/satlib/uf100-430/uf100-0735.cnf,SAT,0.001,2,0
benchmarks/satlib/uf100-430/uf100-0736.cnf,SAT,0.001,2,0
benchmarks/satlib/uf100-430/uf100-0737.cnf,SAT,0.000,0,0
benchmarks/satlib/uf100-430/uf100-0738.cnf,SAT,0.000,1,0
benchmarks/satlib/uf100-430/uf100-0739.cnf,SAT,0.000,1,0
benchmarks/satlib/uf100-430/uf100-074.cnf,SAT,0.000,1,0
benchmarks/satlib/uf100-430/uf100-0740.cnf,SAT,0.002,6,0
benchmarks/satlib/uf100-430/uf100-0741.cnf,SAT,0.001,2,0
benchmarks/satlib/uf100-430/uf100-0742.cnf,SAT,0.002,6,0
benchmarks/satlib/uf100-430/uf100-0743.cnf,SAT,0.001,3,0
benchmarks/satlib/uf100-430/uf100-0744.cnf,SAT,0.003,6,0
benchmarks/satlib/uf100-430/uf100-0745.cnf,SAT,0.001,3,0
benchmarks/satlib/uf100-430/uf100-0746.cnf,SAT,0.002,5,0
benchmarks/satlib/uf100-430/uf100-0747.cnf,SAT,0.000,1,0
benchmarks/satlib/uf100-430/uf100-0748.cnf,SAT,0.000,0,0
benchmarks/satlib/uf100-430/uf100-0749.cnf,SAT,0.001,4,0
benchmarks/satlib/uf100-430/uf100-075.cnf,SAT,0.000,1,0
benchmarks/satlib/uf100-430/uf100-0750.cnf,SAT,0.001,2,0
benchmarks/satlib/uf100-430/uf100-0751.cnf,SAT,0.001,2,0
benchmarks/satlib/uf100-430/uf100-0752.cnf,SAT,0.000,0,0
benchmarks/satlib/uf100-430/uf100-0753.cnf,SAT,0.000,2,0
benchmarks/satlib/uf100-430/uf100-0754.cnf,SAT,0.000,1,0
benchmarks/satlib/uf100-430/uf100-0755.cnf,SAT,0.001,4,0
benchmarks/satlib/uf100-430/uf100-0756.cnf,SAT,0.000,0,0
benchmarks/satlib/uf100-430/uf100-0757.cnf,SAT,0.004,9,0
benchmarks/satlib/uf100-430/uf100-0758.cnf,SAT,0.001,2,0
benchmarks/satlib/uf100-430/uf100-0759.cnf,SAT,0.000,1,0
benchmarks/satlib/uf100-430/uf100-076.cnf,SAT,0.001,2,0
benchmarks/satlib/uf100-430/uf100-0760.cnf,SAT,0.005,11,0
benchmarks/satlib/uf100-430/uf100-0761.cnf,SAT,0.000,2,0
benchmarks/satlib/uf100-430/uf100-0762.cnf,SAT,0.002,6,0
benchmarks/satlib/uf100-430/uf100-0763.cnf,SAT,0.001,2,0
benchmarks/satlib/uf100-430/uf100-0764.cnf,SAT,0.001,4,0
benchmarks/satlib/uf100-430/uf100-0765.cnf,SAT,0.001,2,0
benchmarks/satlib/uf100-430/uf100-0766.cnf,SAT,0.000,0,0
benchmarks/satlib/uf100-430/uf100-0767.cnf,SAT,0.002,6,0
benchmarks/satlib/uf100-430/uf100-0768.cnf,SAT,0.003,7,0
benchmarks/satlib/uf100-430/uf100-0769.cnf,SAT,0.000,1,0
benchmarks/satlib/uf100-430/uf100-077.cnf,SAT,0.000,1,0
benchmarks/satlib/uf100-430/uf100-0770.cnf,SAT,0.000,0,0
benchmarks/satlib/uf100-430/uf100-0771.cnf,SAT,0.002,5,0
benchmarks/satlib/uf100-430/uf100-0772.cnf,SAT,0.000,1,0
benchmarks/satlib/uf100-430/uf100-0773.cnf,SAT,0.000,0,0
benchmarks/satlib/uf100-430/uf100-0774.cnf,SAT,0.000,1,0
benchmarks/satlib/uf100-430/uf100-0775.cnf,SAT,0.001,4,0
benchmarks/satlib/uf100-430/uf100-0776.cnf,SAT,0.000,0,0
benchmarks/satlib/uf100-430/uf100-0777.cnf,SAT,0.000,2,0
benchmarks/satlib/uf100-430/uf100-0778.cnf,SAT,0.003,6,0
benchmarks/satlib/uf100-430/uf100-0779.cnf,SAT,0.002,5,0
benchmarks/satlib/uf100-430/uf100-078.cnf,SAT,0.001,3,0
benchmarks/satlib/uf100-430/uf100-0780.cnf,SAT,0.001,4,0
benchmarks/satlib/uf100-430/uf100-0781.cnf,SAT,0.000,1,0
benchmarks/satlib/uf100-430/uf100-0782.cnf,SAT,0.001,3,0
benchmarks/satlib/uf100-430/uf100-0783.cnf,SAT,0.001,2,0
benchmarks/satlib/uf100-430/uf100-0784.cnf,SAT,0.004,9,0
benchmarks/satlib/uf100-430/uf100-0785.cnf,SAT,0.002,5,0
benchmarks/satlib/uf100-430/uf100-0786.cnf,SAT,0.003,6,0
benchmarks/satlib/uf100-430/uf100-0787.cnf,SAT,0.001,2,0
benchmarks/satlib/uf100-430/uf100-0788.cnf,SAT,0.001,3,0
benchmarks/satlib/uf100-430/uf100-0789.cnf,SAT,0.002,6,0
benchmarks/satlib/uf100-430/uf100-079.cnf,SAT,0.001,4,0
benchmarks/satlib/uf100-430/uf100-0790.cnf,SAT,0.003,6,0
benchmarks/satlib/uf100-430/uf100-0791.cnf,SAT,0.010,14,0
benchmarks/satlib/uf100-430/uf100-0792.cnf,SAT,0.001,2,0
benchmarks/satlib/uf100-430/uf100-0793.cnf,SAT,0.001,2,0
benchmarks/satlib/uf100-430/uf100-0794.cnf,SAT,0.001,2,0
benchmarks/satlib/uf100-430/uf100-0795.cnf,SAT,0.001,2,0
benchmarks/satlib/uf100-430/uf100-0796.cnf,SAT,0.000,1,0
benchmarks/satlib/uf100-430/uf100-0797.cnf,SAT,0.001,3,0
benchmarks/satlib/uf100-430/uf100-0798.cnf,SAT,0.012,14,0
benchmarks/satlib/uf100-430/uf100-0799.cnf,SAT,0.001,2,0
benchmarks/satlib/uf100-430/uf100-08.cnf,SAT,0.007,13,0
benchmarks/satlib/uf100-430/uf100-080.cnf,SAT,0.001,2,0
benchmarks/satlib/uf100-430/uf100-0800.cnf,SAT,0.002,5,0
benchmarks/satlib/uf100-430/uf100-0801.cnf,SAT,0.001,3,0
benchmarks/satlib/uf100-430/uf100-0802.cnf,SAT,0.001,2,0
benchmarks/satlib/uf100-430/uf100-0803.cnf,SAT,0.000,1,0
benchmarks/satlib/uf100-430/uf100-0804.cnf,SAT,0.002,5,0
benchmarks/satlib/uf100-430/uf100-0805.cnf,SAT,0.000,1,0
benchmarks/satlib/uf100-430/uf100-0806.cnf,SAT,0.002,6,0
benchmarks/satlib/uf100-430/uf100-0807.cnf,SAT,0.000,0,0
benchmarks/satlib/uf100-430/uf100-0808.cnf,SAT,0.003,6,0
benchmarks/satlib/uf100-430/uf100-0809.cnf,SAT,0.000,1,0
benchmarks/satlib/uf100-430/uf100-081.cnf,SAT,0.001,2,0
benchmarks/satlib/uf100-430/uf100-0810.cnf,SAT,0.006,12,0
benchmarks/satlib/uf100-430/uf100-0811.cnf,SAT,0.000,1,0
benchmarks/satlib/uf100-430/uf100-0812.cnf,SAT,0.001,3,0
benchmarks/satlib/uf100-430/uf100-0813.cnf,SAT,0.001,4,0
benchmarks/satlib/uf100-430/uf100-0814.cnf,SAT,0.001,2,0
benchmarks/satlib/uf100-430/uf100-0815.cnf,SAT,0.000,2,0
benchmarks/satlib/uf100-430/uf100-0816.cnf,SAT,0.000,1,0
benchmarks/satlib/uf100-430/uf100-0817.cnf,SAT,0.003,6,0
benchmarks/satlib/uf100-430/uf100-0818.cnf,SAT,0.000,1,0
benchmarks/satlib/uf100-430/uf100-0819.cnf,SAT,0.001,3,0
benchmarks/satlib/uf100-430/uf100-082.cnf,SAT,0.001,3,0
benchmarks/satlib/uf100-430/uf100-0820.cnf,SAT,0.000,0,0
benchmarks/satlib/uf100-430/uf100-0821.cnf,SAT,0.002,5,0
benchmarks/satlib/uf100-430/uf100-0822.cnf,SAT,0.000,1,0
benchmarks/satlib/uf100-430/uf100-0823.cnf,SAT,0.001,2,0
benchmarks/satlib/uf100-430/uf100-0824.cnf,SAT,0.006,11,0
benchmarks/satlib/uf100-430/uf100-0825.cnf,SAT,0.002,5,0
benchmarks/satlib/uf100-430/uf100-0826.cnf,SAT,0.001,2,0
benchmarks/satlib/uf100-430/uf100-0827.cnf,SAT,0.001,4,0
benchmarks/satlib/uf100-430/uf100-0828.cnf,SAT,0.001,2,0
benchmarks/satlib/uf100-430/uf100-0829.cnf,SAT,0.002,5,0
benchmarks/satlib/uf100-430/uf100-083.cnf,SAT,0.001,3,0
benchmarks/satlib/uf100-430/uf100-0830.cnf,SAT,0.000,0,0
benchmarks/satlib/uf100-430/uf100-0831.cnf,SAT,0.001,2,0
benchmarks/satlib/uf100-430/uf100-0832.cnf,SAT,0.003,6,0
benchmarks/satlib/uf100-430/uf100-0833.cnf,SAT,0.005,10,0
benchmarks/satlib/uf100-430/uf100-0834.cnf,SAT,0.001,2,0
benchmarks/satlib/uf100-430/uf100-0835.cnf,SAT,0.002,5,0
benchmarks/satlib/uf100-430/uf100-0836.cnf,SAT,0.000,0,0
benchmarks/satlib/uf100-430/uf100-0837.cnf,SAT,0.000,1,0
benchmarks/satlib/uf100-430/uf100-0838.cnf,SAT,0.000,1,0
benchmarks/satlib/uf100-430/uf100-0839.cnf,SAT,0.008,13,0
benchmarks/satlib/uf100-430/uf100-084.cnf,SAT,0.010,14,0
benchmarks/satlib/uf100-430/uf100-0840.cnf,SAT,0.003,6,0
benchmarks/satlib/uf100-430/uf100-0841.cnf,SAT,0.001,2,0
benchmarks/satlib/uf100-430/uf100-0842.cnf,SAT,0.000,0,0
benchmarks/satlib/uf100-430/uf100-0843.cnf,SAT,0.000,1,0
benchmarks/satlib/uf100-430/uf100-0844.cnf,SAT,0.002,5,0
benchmarks/satlib/uf100-430/uf100-0845.cnf,SAT,0.004,8,0
benchmarks/satlib/uf100-430/uf100-0846.cnf,SAT,0.002,5,0
benchmarks/satlib/uf100-430/uf100-0847.cnf,SAT,0.005,10,0
benchmarks/satlib/uf100-430/uf100-0848.cnf,SAT,0.001,3,0
benchmarks/satlib/uf100-430/uf100-0849.cnf,SAT,0.000,1,0
benchmarks/satlib/uf100-430/uf100-085.cnf,SAT,0.001,2,0
benchmarks/satlib/uf100-430/uf100-0850.cnf,SAT,0.001,2,0
benchmarks/satlib/uf100-430/uf100-0851.cnf,SAT,0.003,6,0
benchmarks/satlib/uf100-430/uf100-0852.cnf,SAT,0.000,0,0
benchmarks/satlib/uf100-430/uf100-0853.cnf,SAT,0.002,5,0
benchmarks/satlib/uf100-430/uf100-0854.cnf,SAT,0.000,0,0
benchmarks/satlib/uf100-430/uf100-0855.cnf,SAT,0.000,2,0
benchmarks/satlib/uf100-430/uf100-0856.cnf,SAT,0.000,1,0
benchmarks/satlib/uf100-430/uf100-0857.cnf,SAT,0.001,4,0
benchmarks/satlib/uf100-430/uf100-0858.cnf,SAT,0.001,5,0
benchmarks/satlib/uf100-430/uf100-0859.cnf,SAT,0.008,13,0
benchmarks/satlib/uf100-430/uf100-086.cnf,SAT,0.000,1,0
benchmarks/satlib/uf100-430/uf100-0860.cnf,SAT,0.000,0,0
benchmarks/satlib/uf100-430/uf100-0861.cnf,SAT,0.000,1,0
benchmarks/satlib/uf100-430/uf100-0862.cnf,SAT,0.000,0,0
benchmarks/satlib/uf100-430/uf100-0863.cnf,SAT,0.000,0,0
benchmarks/satlib/uf100-430/uf100-0864.cnf,SAT,0.003,6,0
benchmarks/satlib/uf100-430/uf100-0865.cnf,SAT,0.008,14,0
benchmarks/satlib/uf100-430/uf100-0866.cnf,SAT,0.004,8,0
benchmarks/satlib/uf100-430/uf100-0867.cnf,SAT,0.001,2,0
benchmarks/satlib/uf100-430/uf100-0868.cnf,SAT,0.000,0,0
benchmarks/satlib/uf100-430/uf100-0869.cnf,SAT,0.000,2,0
benchmarks/satlib/uf100-430/uf100-087.cnf,SAT,0.000,1,0
benchmarks/satlib/uf100-430/uf100-0870.cnf,SAT,0.001,3,0
benchmarks/satlib/uf100-430/uf100-0871.cnf,SAT,0.000,1,0
benchmarks/satlib/uf100-430/uf100-0872.cnf,SAT,0.002,6,0
benchmarks/satlib/uf100-430/uf100-0873.cnf,SAT,0.002,6,0
benchmarks/satlib/uf100-430/uf100-0874.cnf,SAT,0.001,5,0
benchmarks/satlib/uf100-430/uf100-0875.cnf,SAT,0.000,0,0
benchmarks/satlib/uf100-430/uf100-0876.cnf,SAT,0.000,1,0
benchmarks/satlib/uf100-430/uf100-0877.cnf,SAT,0.003,6,0
benchmarks/satlib/uf100-430/uf100-0878.cnf,SAT,0.005,9,0
benchmarks/satlib/uf100-430/uf100-0879.cnf,SAT,0.003,6,0
benchmarks/satlib/uf100-430/uf100-088.cnf,SAT,0.001,3,0
benchmarks/satlib/uf100-430/uf100-0880.cnf,SAT,0.003,6,0
benchmarks/satlib/uf100-430/uf100-0881.cnf,SAT,0.001,2,0
benchmarks/satlib/uf100-430/uf100-0882.cnf,SAT,0.000,0,0
benchmarks/satlib/uf100-430/uf100-0883.cnf,SAT,0.000,1,0
benchmarks/satlib/uf100-430/uf100-0884.cnf,SAT,0.001,2,0
benchmarks/satlib/uf100-430/uf100-0885.cnf,SAT,0.000,0,0
benchmarks/satlib/uf100-430/uf100-0886.cnf,SAT,0.001,5,0
benchmarks/satlib/uf100-430/uf100-0887.cnf,SAT,0.001,3,0
benchmarks/satlib/uf100-430/uf100-0888.cnf,SAT,0.000,1,0
benchmarks/satlib/uf100-430/uf100-0889.cnf,SAT,0.003,6,0
benchmarks/satlib/uf100-430/uf100-089.cnf,SAT,0.001,5,0
benchmarks/satlib/uf100-430/uf100-0890.cnf,SAT,0.000,1,0
benchmarks/satlib/uf100-430/uf100-0891.cnf,SAT,0.000,1,0
benchmarks/satlib/uf100-430/uf100-0892.cnf,SAT,0.000,1,0
benchmarks/satlib/uf100-430/uf100-0893.cnf,SAT,0.004,7,0
benchmarks/satlib/uf100-430/uf100-0894.cnf,SAT,0.002,5,0
benchmarks/satlib/uf100-430/uf100-0895.cnf,SAT,0.000,0,0
benchmarks/satlib/uf100-430/uf100-0896.cnf,SAT,0.001,3,0
benchmarks/satlib/uf100-430/uf100-0897.cnf,SAT,0.001,2,0
benchmarks/satlib/uf100-430/uf100-0898.cnf,SAT,0.000,0,0
benchmarks/satlib/uf100-430/uf100-0899.cnf,SAT,0.002,5,0
benchmarks/satlib/uf100-430/uf100-09.cnf,SAT,0.002,6,0
benchmarks/satlib/uf100-430/uf100-090.cnf,SAT,0.003,6,0
benchmarks/satlib/uf100-430/uf100-0900.cnf,SAT,0.001,2,0
benchmarks/satlib/uf100-430/uf100-0901.cnf,SAT,0.008,13,0
benchmarks/satlib/uf100-430/uf100-0902.cnf,SAT,0.001,2,0
benchmarks/satlib/uf100-430/uf100-0903.cnf,SAT,0.002,6,0
benchmarks/satlib/uf100-430/uf100-0904.cnf,SAT,0.003,6,0
benchmarks/satlib/uf100-430/uf100-0905.cnf,SAT,0.000,2,0
benchmarks/satlib/uf100-430/uf100-0906.cnf,SAT,0.000,0,0
benchmarks/satlib/uf100-430/uf100-0907.cnf,SAT,0.001,2,0
benchmarks/satlib/uf100-430/uf100-0908.cnf,SAT,0.001,2,0
benchmarks/satlib/uf100-430/uf100-0909.cnf,SAT,0.000,0,0
benchmarks/satlib/uf100-430/uf100-091.cnf,SAT,0.001,2,0
benchmarks/satlib/uf100-430/uf100-0910.cnf,SAT,0.000,1,0
benchmarks/satlib/uf100-430/uf100-0911.cnf,SAT,0.001,2,0
benchmarks/satlib/uf100-430/uf100-0912.cnf,SAT,0.000,1,0
benchmarks/satlib/uf100-430/uf100-0913.cnf,SAT,0.001,2,0
benchmarks/satlib/uf100-430/uf100-0914.cnf,SAT,0.004,9,0
benchmarks/satlib/uf100-430/uf100-0915.cnf,SAT,0.000,1,0
benchmarks/satlib/uf100-430/uf100-0916.cnf,SAT,0.000,1,0
benchmarks/satlib/uf100-430/uf100-0917.cnf,SAT,0.000,1,0
benchmarks/satlib/uf100-430/uf100-0918.cnf,SAT,0.004,8,0
benchmarks/satlib/uf100-430/uf100-0919.cnf,SAT,0.001,4,0
benchmarks/satlib/uf100-430/uf100-092.cnf,SAT,0.001,3,0
benchmarks/satlib/uf100-430/uf100-0920.cnf,SAT,0.001,2,0
benchmarks/satlib/uf100-430/uf100-0921.cnf,SAT,0.000,1,0
benchmarks/satlib/uf100-430/uf100-0922.cnf,SAT,0.000,1,0
benchmarks/satlib/uf100-430/uf100-0923.cnf,SAT,0.000,1,0
benchmarks/satlib/uf100-430/uf100-0924.cnf,SAT,0.010,14,0
benchmarks/satlib/uf100-430/uf100-0925.cnf,SAT,0.000,1,0
benchmarks/satlib/uf100-430/uf100-0926.cnf,SAT,0.000,1,0
benchmarks/satlib/uf100-430/uf100-0927.cnf,SAT,0.005,10,0
benchmarks/satlib/uf100-430/uf100-0928.cnf,SAT,0.000,0,0
benchmarks/satlib/uf100-430/uf100-0929.cnf,SAT,0.001,4,0
benchmarks/satlib/uf100-430/uf100-093.cnf,SAT,0.001,2,0
benchmarks/satlib/uf100-430/uf100-0930.cnf,SAT,0.000,2,0
benchmarks/satlib/uf100-430/uf100-0931.cnf,SAT,0.007,13,0
benchmarks/satlib/uf100-430/uf100-0932.cnf,SAT,0.004,8,0
benchmarks/satlib/uf100-430/uf100-0933.cnf,SAT,0.001,2,0
benchmarks/satlib/uf100-430/uf100-0934.cnf,SAT,0.001,4,0
benchmarks/satlib/uf100-430/uf100-0935.cnf,SAT,0.014,18,975
benchmarks/satlib/uf100-430/uf100-0936.cnf,SAT,0.001,2,0
benchmarks/satlib/uf100-430/uf100-0937.cnf,SAT,0.001,3,0
benchmarks/satlib/uf100-430/uf100-0938.cnf,SAT,0.001,2,0
benchmarks/satlib/uf100-430/uf100-0939.cnf,SAT,0.000,0,0
benchmarks/satlib/uf100-430/uf100-094.cnf,SAT,0.000,1,0
benchmarks/satlib/uf100-430/uf100-0940.cnf,SAT,0.000,1,0
benchmarks/satlib/uf100-430/uf100-0941.cnf,SAT,0.001,2,0
benchmarks/satlib/uf100-430/uf100-0942.cnf,SAT,0.010,14,0
benchmarks/satlib/uf100-430/uf100-0943.cnf,SAT,0.016,21,973
benchmarks/satlib/uf100-430/uf100-0944.cnf,SAT,0.002,6,0
benchmarks/satlib/uf100-430/uf100-0945.cnf,SAT,0.000,1,0
benchmarks/satlib/uf100-430/uf100-0946.cnf,SAT,0.001,2,0
benchmarks/satlib/uf100-430/uf100-0947.cnf,SAT,0.001,2,0
benchmarks/satlib/uf100-430/uf100-0948.cnf,SAT,0.004,9,0
benchmarks/satlib/uf100-430/uf100-0949.cnf,SAT,0.001,4,0
benchmarks/satlib/uf100-430/uf100-095.cnf,SAT,0.001,2,0
benchmarks/satlib/uf100-430/uf100-0950.cnf,SAT,0.006,12,0
benchmarks/satlib/uf100-430/uf100-0951.cnf,SAT,0.002,5,0
benchmarks/satlib/uf100-430/uf100-0952.cnf,SAT,0.003,6,0
benchmarks/satlib/uf100-430/uf100-0953.cnf,SAT,0.001,2,0
benchmarks/satlib/uf100-430/uf100-0954.cnf,SAT,0.000,0,0
benchmarks/satlib/uf100-430/uf100-0955.cnf,SAT,0.013,17,973
benchmarks/satlib/uf100-430/uf100-0956.cnf,SAT,0.008,14,0
benchmarks/satlib/uf100-430/uf100-0957.cnf,SAT,0.000,0,0
benchmarks/satlib/uf100-430/uf100-0958.cnf,SAT,0.001,3,0
benchmarks/satlib/uf100-430/uf100-0959.cnf,SAT,0.001,4,0
benchmarks/satlib/uf100-430/uf100-096.cnf,SAT,0.002,5,0
benchmarks/satlib/uf100-430/uf100-0960.cnf,SAT,0.000,1,0
benchmarks/satlib/uf100-430/uf100-0961.cnf,SAT,0.001,5,0
benchmarks/satlib/uf100-430/uf100-0962.cnf,SAT,0.002,5,0
benchmarks/satlib/uf100-430/uf100-0963.cnf,SAT,0.004,7,0
benchmarks/satlib/uf100-430/uf100-0964.cnf,SAT,0.013,15,986
benchmarks/satlib/uf100-430/uf100-0965.cnf,SAT,0.003,6,0
benchmarks/satlib/uf100-430/uf100-0966.cnf,SAT,0.010,14,0
benchmarks/satlib/uf100-430/uf100-0967.cnf,SAT,0.002,5,0
benchmarks/satlib/uf100-430/uf100-0968.cnf,SAT,0.001,2,0
benchmarks/satlib/uf100-430/uf100-0969.cnf,SAT,0.000,0,0
benchmarks/satlib/uf100-430/uf100-097.cnf,SAT,0.000,0,0
benchmarks/satlib/uf100-430/uf100-0970.cnf,SAT,0.004,8,0
benchmarks/satlib/uf100-430/uf100-0971.cnf,SAT,0.001,3,0
benchmarks/satlib/uf100-430/uf100-0972.cnf,SAT,0.002,6,0
benchmarks/satlib/uf100-430/uf100-0973.cnf,SAT,0.001,2,0
benchmarks/satlib/uf100-430/uf100-0974.cnf,SAT,0.000,0,0
benchmarks/satlib/uf100-430/uf100-0975.cnf,SAT,0.003,6,0
benchmarks/satlib/uf100-430/uf100-0976.cnf,SAT,0.001,5,0
benchmarks/satlib/uf100-430/uf100-0977.cnf,SAT,0.002,6,0
benchmarks/satlib/uf100-430/uf100-0978.cnf,SAT,0.000,1,0
benchmarks/satlib/uf100-430/uf100-0979.cnf,SAT,0.002,6,0
benchmarks/satlib/uf100-430/uf100-098.cnf,SAT,0.000,0,0
benchmarks/satlib/uf100-430/uf100-0980.cnf,SAT,0.005,11,0
benchmarks/satlib/uf100-430/uf100-0981.cnf,SAT,0.000,1,0
benchmarks/satlib/uf100-430/uf100-0982.cnf,SAT,0.000,0,0
benchmarks/satlib/uf100-430/uf100-0983.cnf,SAT,0.002,5,0
benchmarks/satlib/uf100-430/uf100-0984.cnf,SAT,0.003,7,0
benchmarks/satlib/uf100-430/uf100-0985.cnf,SAT,0.002,5,0
benchmarks/satlib/uf100-430/uf100-0986.cnf,SAT,0.001,2,0
benchmarks/satlib/uf100-430/uf100-0987.cnf,SAT,0.001,2,0
benchmarks/satlib/uf100-430/uf100-0988.cnf,SAT,0.001,2,0
benchmarks/satlib/uf100-430/uf100-0989.cnf,SAT,0.010,14,0
benchmarks/satlib/uf100-430/uf100-099.cnf,SAT,0.008,14,0
benchmarks/satlib/uf100-430/uf100-0990.cnf,SAT,0.000,1,0
benchmarks/satlib/uf100-430/uf100-0991.cnf,SAT,0.000,1,0
benchmarks/satlib/uf100-430/uf100-0992.cnf,SAT,0.003,6,0
benchmarks/satlib/uf100-430/uf100-0993.cnf,SAT,0.001,2,0
benchmarks/satlib/uf100-430/uf100-0994.cnf,SAT,0.000,0,0
benchmarks/satlib/uf100-430/uf100-0995.cnf,SAT,0.006,12,0
benchmarks/satlib/uf100-430/uf100-0996.cnf,SAT,0.001,3,0
benchmarks/satlib/uf100-430/uf100-0997.cnf,SAT,0.000,1,0
benchmarks/satlib/uf100-430/uf100-0998.cnf,SAT,0.000,1,0
benchmarks/satlib/uf100-430/uf100-0999.cnf,SAT,0.001,4,0
benchmarks/satlib/uf125-538/ai/hoos/Research/SAT/Formulae/UF125.538.100/uf125-01.cnf,SAT,0.004,9,0
benchmarks/satlib/uf125-538/ai/hoos/Research/SAT/Formulae/UF125.538.100/uf125-010.cnf,SAT,0.002,6,0
benchmarks/satlib/uf125-538/ai/hoos/Research/SAT/Formulae/UF125.538.100/uf125-0100.cnf,SAT,0.012,14,0
benchmarks/satlib/uf125-538/ai/hoos/Research/SAT/Formulae/UF125.538.100/uf125-011.cnf,SAT,0.002,4,0
benchmarks/satlib/uf125-538/ai/hoos/Research/SAT/Formulae/UF125.538.100/uf125-012.cnf,SAT,0.009,14,0
benchmarks/satlib/uf125-538/ai/hoos/Research/SAT/Formulae/UF125.538.100/uf125-013.cnf,SAT,0.010,14,0
benchmarks/satlib/uf125-538/ai/hoos/Research/SAT/Formulae/UF125.538.100/uf125-014.cnf,SAT,0.015,19,980
benchmarks/satlib/uf125-538/ai/hoos/Research/SAT/Formulae/UF125.538.100/uf125-015.cnf,SAT,0.001,3,0
benchmarks/satlib/uf125-538/ai/hoos/Research/SAT/Formulae/UF125.538.100/uf125-016.cnf,SAT,0.012,14,0
benchmarks/satlib/uf125-538/ai/hoos/Research/SAT/Formulae/UF125.538.100/uf125-017.cnf,SAT,0.035,30,3392
benchmarks/satlib/uf125-538/ai/hoos/Research/SAT/Formulae/UF125.538.100/uf125-018.cnf,SAT,0.052,42,3395
benchmarks/satlib/uf125-538/ai/hoos/Research/SAT/Formulae/UF125.538.100/uf125-019.cnf,SAT,0.000,1,0
benchmarks/satlib/uf125-538/ai/hoos/Research/SAT/Formulae/UF125.538.100/uf125-02.cnf,SAT,0.020,24,976
benchmarks/satlib/uf125-538/ai/hoos/Research/SAT/Formulae/UF125.538.100/uf125-020.cnf,SAT,0.002,4,0
benchmarks/satlib/uf125-538/ai/hoos/Research/SAT/Formulae/UF125.538.100/uf125-021.cnf,SAT,0.026,28,2117
benchmarks/satlib/uf125-538/ai/hoos/Research/SAT/Formulae/UF125.538.100/uf125-022.cnf,SAT,0.001,2,0
benchmarks/satlib/uf125-538/ai/hoos/Research/SAT/Formulae/UF125.538.100/uf125-023.cnf,SAT,0.009,14,0
benchmarks/satlib/uf125-538/ai/hoos/Research/SAT/Formulae/UF125.538.100/uf125-024.cnf,SAT,0.044,37,3392
benchmarks/satlib/uf125-538/ai/hoos/Research/SAT/Formulae/UF125.538.100/uf125-025.cnf,SAT,0.003,6,0
benchmarks/satlib/uf125-538/ai/hoos/Research/SAT/Formulae/UF125.538.100/uf125-026.cnf,SAT,0.009,14,0
benchmarks/satlib/uf125-538/ai/hoos/Research/SAT/Formulae/UF125.538.100/uf125-027.cnf,SAT,0.003,6,0
benchmarks/satlib/uf125-538/ai/hoos/Research/SAT/Formulae/UF125.538.100/uf125-028.cnf,SAT,0.002,6,0
benchmarks/satlib/uf125-538/ai/hoos/Research/SAT/Formulae/UF125.538.100/uf125-029.cnf,SAT,0.011,14,0
benchmarks/satlib/uf125-538/ai/hoos/Research/SAT/Formulae/UF125.538.100/uf125-03.cnf,SAT,0.001,3,0
benchmarks/satlib/uf125-538/ai/hoos/Research/SAT/Formulae/UF125.538.100/uf125-030.cnf,SAT,0.016,20,989
benchmarks/satlib/uf125-538/ai/hoos/Research/SAT/Formulae/UF125.538.100/uf125-031.cnf,SAT,0.002,6,0
benchmarks/satlib/uf125-538/ai/hoos/Research/SAT/Formulae/UF125.538.100/uf125-032.cnf,SAT,0.003,6,0
benchmarks/satlib/uf125-538/ai/hoos/Research/SAT/Formulae/UF125.538.100/uf125-033.cnf,SAT,0.002,6,0
benchmarks/satlib/uf125-538/ai/hoos/Research/SAT/Formulae/UF125.538.100/uf125-034.cnf,SAT,0.002,5,0
benchmarks/satlib/uf125-538/ai/hoos/Research/SAT/Formulae/UF125.538.100/uf125-035.cnf,SAT,0.008,13,0
benchmarks/satlib/uf125-538/ai/hoos/Research/SAT/Formulae/UF125.538.100/uf125-036.cnf,SAT,0.001,4,0
benchmarks/satlib/uf125-538/ai/hoos/Research/SAT/Formulae/UF125.538.100/uf125-037.cnf,SAT,0.016,20,985
benchmarks/satlib/uf125-538/ai/hoos/Research/SAT/Formulae/UF125.538.100/uf125-038.cnf,SAT,0.002,5,0
benchmarks/satlib/uf125-538/ai/hoos/Research/SAT/Formulae/UF125.538.100/uf125-039.cnf,SAT,0.005,9,0
benchmarks/satlib/uf125-538/ai/hoos/Research/SAT/Formulae/UF125.538.100/uf125-04.cnf,SAT,0.005,10,0
benchmarks/satlib/uf125-538/ai/hoos/Research/SAT/Formulae/UF125.538.100/uf125-040.cnf,SAT,0.000,0,0
benchmarks/satlib/uf125-538/ai/hoos/Research/SAT/Formulae/UF125.538.100/uf125-041.cnf,SAT,0.023,26,987
benchmarks/satlib/uf125-538/ai/hoos/Research/SAT/Formulae/UF125.538.100/uf125-042.cnf,SAT,0.003,6,0
benchmarks/satlib/uf125-538/ai/hoos/Research/SAT/Formulae/UF125.538.100/uf125-043.cnf,SAT,0.044,37,3397
benchmarks/satlib/uf125-538/ai/hoos/Research/SAT/Formulae/UF125.538.100/uf125-044.cnf,SAT,0.011,14,0
benchmarks/satlib/uf125-538/ai/hoos/Research/SAT/Formulae/UF125.538.100/uf125-045.cnf,SAT,0.023,18,985
benchmarks/satlib/uf125-538/ai/hoos/Research/SAT/Formulae/UF125.538.100/uf125-046.cnf,SAT,0.003,5,0
benchmarks/satlib/uf125-538/ai/hoos/Research/SAT/Formulae/UF125.538.100/uf125-047.cnf,SAT,0.014,13,0
benchmarks/satlib/uf125-538/ai/hoos/Research/SAT/Formulae/UF125.538.100/uf125-048.cnf,SAT,0.035,26,992
benchmarks/satlib/uf125-538/ai/hoos/Research/SAT/Formulae/UF125.538.100/uf125-049.cnf,SAT,0.008,10,0
benchmarks/satlib/uf125-538/ai/hoos/Research/SAT/Formulae/UF125.538.100/uf125-05.cnf,SAT,0.004,5,0
benchmarks/satlib/uf125-538/ai/hoos/Research/SAT/Formulae/UF125.538.100/uf125-050.cnf,SAT,0.021,14,0
benchmarks/satlib/uf125-538/ai/hoos/Research/SAT/Formulae/UF125.538.100/uf125-051.cnf,SAT,0.016,14,0
benchmarks/satlib/uf125-538/ai/hoos/Research/SAT/Formulae/UF125.538.100/uf125-052.cnf,SAT,0.005,6,0
benchmarks/satlib/uf125-538/ai/hoos/Research/SAT/Formulae/UF125.538.100/uf125-053.cnf,SAT,0.008,10,0
benchmarks/satlib/uf125-538/ai/hoos/Research/SAT/Formulae/UF125.538.100/uf125-054.cnf,SAT,0.011,13,0
benchmarks/satlib/uf125-538/ai/hoos/Research/SAT/Formulae/UF125.538.100/uf125-055.cnf,SAT,0.007,6,0
benchmarks/satlib/uf125-538/ai/hoos/Research/SAT/Formulae/UF125.538.100/uf125-056.cnf,SAT,0.021,14,987
benchmarks/satlib/uf125-538/ai/hoos/Research/SAT/Formulae/UF125.538.100/uf125-057.cnf,SAT,0.005,6,0
benchmarks/satlib/uf125-538/ai/hoos/Research/SAT/Formulae/UF125.538.100/uf125-058.cnf,SAT,0.002,4,0
benchmarks/satlib/uf125-538/ai/hoos/Research/SAT/Formulae/UF125.538.100/uf125-059.cnf,SAT,0.008,10,0
benchmarks/satlib/uf125-538/ai/hoos/Research/SAT/Formulae/UF125.538.100/uf125-06.cnf,SAT,0.070,37,3395
benchmarks/satlib/uf125-538/ai/hoos/Research/SAT/Formulae/UF125.538.100/uf125-060.cnf,SAT,0.001,2,0
benchmarks/satlib/uf125-538/ai/hoos/Research/SAT/Formulae/UF125.538.100/uf125-061.cnf,SAT,0.001,2,0
benchmarks/satlib/uf125-538/ai/hoos/Research/SAT/Formulae/UF125.538.100/uf125-062.cnf,SAT,0.002,2,0
benchmarks/satlib/uf125-538/ai/hoos/Research/SAT/Formulae/UF125.538.100/uf125-063.cnf,SAT,0.004,6,0
benchmarks/satlib/uf125-538/ai/hoos/Research/SAT/Formulae/UF125.538.100/uf125-064.cnf,SAT,0.060,30,3396
benchmarks/satlib/uf125-538/ai/hoos/Research/SAT/Formulae/UF125.538.100/uf125-065.cnf,SAT,0.015,14,0
benchmarks/satlib/uf125-538/ai/hoos/Research/SAT/Formulae/UF125.538.100/uf125-066.cnf,SAT,0.000,0,0
benchmarks/satlib/uf125-538/ai/hoos/Research/SAT/Formulae/UF125.538.100/uf125-067.cnf,SAT,0.001,2,0
benchmarks/satlib/uf125-538/ai/hoos/Research/SAT/Formulae/UF125.538.100/uf125-068.cnf,SAT,0.001,1,0
benchmarks/satlib/uf125-538/ai/hoos/Research/SAT/Formulae/UF125.538.100/uf125-069.cnf,SAT,0.002,3,0
benchmarks/satlib/uf125-538/ai/hoos/Research/SAT/Formulae/UF125.538.100/uf125-07.cnf,SAT,0.002,3,0
benchmarks/satlib/uf125-538/ai/hoos/Research/SAT/Formulae/UF125.538.100/uf125-070.cnf,SAT,0.006,7,0
benchmarks/satlib/uf125-538/ai/hoos/Research/SAT/Formulae/UF125.538.100/uf125-071.cnf,SAT,0.003,5,0
benchmarks/satlib/uf125-538/ai/hoos/Research/SAT/Formulae/UF125.538.100/uf125-072.cnf,SAT,0.003,6,0
benchmarks/satlib/uf125-538/ai/hoos/Research/SAT/Formulae/UF125.538.100/uf125-073.cnf,SAT,0.310,113,16337
benchmarks/satlib/uf125-538/ai/hoos/Research/SAT/Formulae/UF125.538.100/uf125-074.cnf,SAT,0.011,12,0
benchmarks/satlib/uf125-538/ai/hoos/Research/SAT/Formulae/UF125.538.100/uf125-075.cnf,SAT,0.000,0,0
benchmarks/satlib/uf125-538/ai/hoos/Research/SAT/Formulae/UF125.538.100/uf125-076.cnf,SAT,0.001,2,0
benchmarks/satlib/uf125-538/ai/hoos/Research/SAT/Formulae/UF125.538.100/uf125-077.cnf,SAT,0.053,30,2114
benchmarks/satlib/uf125-538/ai/hoos/Research/SAT/Formulae/UF125.538.100/uf125-078.cnf,SAT,0.007,8,0
benchmarks/satlib/uf125-538/ai/hoos/Research/SAT/Formulae/UF125.538.100/uf125-079.cnf,SAT,0.003,5,0
benchmarks/satlib/uf125-538/ai/hoos/Research/SAT/Formulae/UF125.538.100/uf125-08.cnf,SAT,0.000,1,0
benchmarks/satlib/uf125-538/ai/hoos/Research/SAT/Formulae/UF125.538.100/uf125-080.cnf,SAT,0.020,16,984
benchmarks/satlib/uf125-538/ai/hoos/Research/SAT/Formulae/UF125.538.100/uf125-081.cnf,SAT,0.002,4,0
benchmarks/satlib/uf125-538/ai/hoos/Research/SAT/Formulae/UF125.538.100/uf125-082.cnf,SAT,0.012,13,0
benchmarks/satlib/uf125-538/ai/hoos/Research/SAT/Formulae/UF125.538.100/uf125-083.cnf,SAT,0.029,20,988
benchmarks/satlib/uf125-538/ai/hoos/Research/SAT/Formulae/UF125.538.100/uf125-084.cnf,SAT,0.003,5,0
benchmarks/satlib/uf125-538/ai/hoos/Research/SAT/Formulae/UF125.538.100/uf125-085.cnf,SAT,0.002,3,0
benchmarks/satlib/uf125-538/ai/hoos/Research/SAT/Formulae/UF125.538.100/uf125-086.cnf,SAT,0.027,21,980
benchmarks/satlib/uf125-538/ai/hoos/Research/SAT/Formulae/UF125.538.100/uf125-087.cnf,SAT,0.001,2,0
benchmarks/satlib/uf125-538/ai/hoos/Research/SAT/Formulae/UF125.538.100/uf125-088.cnf,SAT,0.016,14,0
benchmarks/satlib/uf125-538/ai/hoos/Research/SAT/Formulae/UF125.538.100/uf125-089.cnf,SAT,0.004,6,0
benchmarks/satlib/uf125-538/ai/hoos/Research/SAT/Formulae/UF125.538.100/uf125-09.cnf,SAT,0.003,5,0
benchmarks/satlib/uf125-538/ai/hoos/Research/SAT/Formulae/UF125.538.100/uf125-090.cnf,SAT,0.003,5,0
benchmarks/satlib/uf125-538/ai/hoos/Research/SAT/Formulae/UF125.538.100/uf125-091.cnf,SAT,0.059,30,3371
benchmarks/satlib/uf125-538/ai/hoos/Research/SAT/Formulae/UF125.538.100/uf125-092.cnf,SAT,0.001,2,0
benchmarks/satlib/uf125-538/ai/hoos/Research/SAT/Formulae/UF125.538.100/uf125-093.cnf,SAT,0.007,8,0
benchmarks/satlib/uf125-538/ai/hoos/Research/SAT/Formulae/UF125.538.100/uf125-094.cnf,SAT,0.011,13,0
benchmarks/satlib/uf125-538/ai/hoos/Research/SAT/Formulae/UF125.538.100/uf125-095.cnf,SAT,0.001,2,0
benchmarks/satlib/uf125-538/ai/hoos/Research/SAT/Formulae/UF125.538.100/uf125-096.cnf,SAT,0.001,2,0
benchmarks/satlib/uf125-538/ai/hoos/Research/SAT/Formulae/UF125.538.100/uf125-097.cnf,SAT,0.014,14,0
benchmarks/satlib/uf125-538/ai/hoos/Research/SAT/Formulae/UF125.538.100/uf125-098.cnf,SAT,0.012,13,0
benchmarks/satlib/uf125-538/ai/hoos/Research/SAT/Formulae/UF125.538.100/uf125-099.cnf,SAT,0.008,9,0
benchmarks/satlib/uf150-645/ai/hoos/Research/SAT/Formulae/UF150.645.100/uf150-01.cnf,SAT,0.037,24,990
benchmarks/satlib/uf150-645/ai/hoos/Research/SAT/Formulae/UF150.645.100/uf150-010.cnf,SAT,0.004,6,0
benchmarks/satlib/uf150-645/ai/hoos/Research/SAT/Formulae/UF150.645.100/uf150-0100.cnf,SAT,0.022,17,986
benchmarks/satlib/uf150-645/ai/hoos/Research/SAT/Formulae/UF150.645.100/uf150-011.cnf,SAT,0.000,0,0
benchmarks/satlib/uf150-645/ai/hoos/Research/SAT/Formulae/UF150.645.100/uf150-012.cnf,SAT,0.310,109,16474
benchmarks/satlib/uf150-645/ai/hoos/Research/SAT/Formulae/UF150.645.100/uf150-013.cnf,SAT,0.001,1,0
benchmarks/satlib/uf150-645/ai/hoos/Research/SAT/Formulae/UF150.645.100/uf150-014.cnf,SAT,0.031,23,987
benchmarks/satlib/uf150-645/ai/hoos/Research/SAT/Formulae/UF150.645.100/uf150-015.cnf,SAT,0.004,6,0
benchmarks/satlib/uf150-645/ai/hoos/Research/SAT/Formulae/UF150.645.100/uf150-016.cnf,SAT,0.011,12,0
benchmarks/satlib/uf150-645/ai/hoos/Research/SAT/Formulae/UF150.645.100/uf150-017.cnf,SAT,0.002,3,0
benchmarks/satlib/uf150-645/ai/hoos/Research/SAT/Formulae/UF150.645.100/uf150-018.cnf,SAT,0.005,6,0
benchmarks/satlib/uf150-645/ai/hoos/Research/SAT/Formulae/UF150.645.100/uf150-019.cnf,SAT,0.025,18,982
benchmarks/satlib/uf150-645/ai/hoos/Research/SAT/Formulae/UF150.645.100/uf150-02.cnf,SAT,0.003,5,0
benchmarks/satlib/uf150-645/ai/hoos/Research/SAT/Formulae/UF150.645.100/uf150-020.cnf,SAT,0.006,7,0
benchmarks/satlib/uf150-645/ai/hoos/Research/SAT/Formulae/UF150.645.100/uf150-021.cnf,SAT,0.015,13,0
benchmarks/satlib/uf150-645/ai/hoos/Research/SAT/Formulae/UF150.645.100/uf150-022.cnf,SAT,0.002,2,0
benchmarks/satlib/uf150-645/ai/hoos/Research/SAT/Formulae/UF150.645.100/uf150-023.cnf,SAT,0.016,14,0
benchmarks/satlib/uf150-645/ai/hoos/Research/SAT/Formulae/UF150.645.100/uf150-024.cnf,SAT,0.044,28,2119
benchmarks/satlib/uf150-645/ai/hoos/Research/SAT/Formulae/UF150.645.100/uf150-025.cnf,SAT,0.114,59,6413
benchmarks/satlib/uf150-645/ai/hoos/Research/SAT/Formulae/UF150.645.100/uf150-026.cnf,SAT,0.010,12,0
benchmarks/satlib/uf150-645/ai/hoos/Research/SAT/Formulae/UF150.645.100/uf150-027.cnf,SAT,0.068,33,3400
benchmarks/satlib/uf150-645/ai/hoos/Research/SAT/Formulae/UF150.645.100/uf150-028.cnf,SAT,0.111,46,4842
benchmarks/satlib/uf150-645/ai/hoos/Research/SAT/Formulae/UF150.645.100/uf150-029.cnf,SAT,0.001,2,0
benchmarks/satlib/uf150-645/ai/hoos/Research/SAT/Formulae/UF150.645.100/uf150-03.cnf,SAT,0.147,62,8132
benchmarks/satlib/uf150-645/ai/hoos/Research/SAT/Formulae/UF150.645.100/uf150-030.cnf,SAT,0.003,5,0
benchmarks/satlib/uf150-645/ai/hoos/Research/SAT/Formulae/UF150.645.100/uf150-031.cnf,SAT,0.105,52,4835
benchmarks/satlib/uf150-645/ai/hoos/Research/SAT/Formulae/UF150.645.100/uf150-032.cnf,SAT,0.106,55,6383
benchmarks/satlib/uf150-645/ai/hoos/Research/SAT/Formulae/UF150.645.100/uf150-033.cnf,SAT,0.091,45,4811
benchmarks/satlib/uf150-645/ai/hoos/Research/SAT/Formulae/UF150.645.100/uf150-034.cnf,SAT,0.021,16,987
benchmarks/satlib/uf150-645/ai/hoos/Research/SAT/Formulae/UF150.645.100/uf150-035.cnf,SAT,0.002,3,0
benchmarks/satlib/uf150-645/ai/hoos/Research/SAT/Formulae/UF150.645.100/uf150-036.cnf,SAT,0.007,8,0
benchmarks/satlib/uf150-645/ai/hoos/Research/SAT/Formulae/UF150.645.100/uf150-037.cnf,SAT,0.002,2,0
benchmarks/satlib/uf150-645/ai/hoos/Research/SAT/Formulae/UF150.645.100/uf150-038.cnf,SAT,0.030,21,987
benchmarks/satlib/uf150-645/ai/hoos/Research/SAT/Formulae/UF150.645.100/uf150-039.cnf,SAT,0.015,14,0
benchmarks/satlib/uf150-645/ai/hoos/Research/SAT/Formulae/UF150.645.100/uf150-04.cnf,SAT,0.129,46,4830
benchmarks/satlib/uf150-645/ai/hoos/Research/SAT/Formulae/UF150.645.100/uf150-040.cnf,SAT,0.022,15,982
benchmarks/satlib/uf150-645/ai/hoos/Research/SAT/Formulae/UF150.645.100/uf150-041.cnf,SAT,0.007,8,0
benchmarks/satlib/uf150-645/ai/hoos/Research/SAT/Formulae/UF150.645.100/uf150-042.cnf,SAT,0.282,106,14146
benchmarks/satlib/uf150-645/ai/hoos/Research/SAT/Formulae/UF150.645.100/uf150-043.cnf,SAT,0.005,6,0
benchmarks/satlib/uf150-645/ai/hoos/Research/SAT/Formulae/UF150.645.100/uf150-044.cnf,SAT,0.060,31,3402
benchmarks/satlib/uf150-645/ai/hoos/Research/SAT/Formulae/UF150.645.100/uf150-045.cnf,SAT,0.066,33,3405
benchmarks/satlib/uf150-645/ai/hoos/Research/SAT/Formulae/UF150.645.100/uf150-046.cnf,SAT,0.027,21,986
benchmarks/satlib/uf150-645/ai/hoos/Research/SAT/Formulae/UF150.645.100/uf150-047.cnf,SAT,0.006,7,0
benchmarks/satlib/uf150-645/ai/hoos/Research/SAT/Formulae/UF150.645.100/uf150-048.cnf,SAT,0.011,13,0
benchmarks/satlib/uf150-645/ai/hoos/Research/SAT/Formulae/UF150.645.100/uf150-049.cnf,SAT,0.010,12,0
benchmarks/satlib/uf150-645/ai/hoos/Research/SAT/Formulae/UF150.645.100/uf150-05.cnf,SAT,0.066,33,3404
benchmarks/satlib/uf150-645/ai/hoos/Research/SAT/Formulae/UF150.645.100/uf150-050.cnf,SAT,0.024,18,988
benchmarks/satlib/uf150-645/ai/hoos/Research/SAT/Formulae/UF150.645.100/uf150-051.cnf,SAT,0.049,30,2117
benchmarks/satlib/uf150-645/ai/hoos/Research/SAT/Formulae/UF150.645.100/uf150-052.cnf,SAT,0.004,3,0
benchmarks/satlib/uf150-645/ai/hoos/Research/SAT/Formulae/UF150.645.100/uf150-053.cnf,SAT,0.776,193,36553
benchmarks/satlib/uf150-645/ai/hoos/Research/SAT/Formulae/UF150.645.100/uf150-054.cnf,SAT,0.029,20,983
benchmarks/satlib/uf150-645/ai/hoos/Research/SAT/Formulae/UF150.645.100/uf150-055.cnf,SAT,0.011,12,0
benchmarks/satlib/uf150-645/ai/hoos/Research/SAT/Formulae/UF150.645.100/uf150-056.cnf,SAT,0.016,14,0
benchmarks/satlib/uf150-645/ai/hoos/Research/SAT/Formulae/UF150.645.100/uf150-057.cnf,SAT,0.009,10,0
benchmarks/satlib/uf150-645/ai/hoos/Research/SAT/Formulae/UF150.645.100/uf150-058.cnf,SAT,0.009,10,0
benchmarks/satlib/uf150-645/ai/hoos/Research/SAT/Formulae/UF150.645.100/uf150-059.cnf,SAT,0.009,10,0
benchmarks/satlib/uf150-645/ai/hoos/Research/SAT/Formulae/UF150.645.100/uf150-06.cnf,SAT,0.015,14,0
benchmarks/satlib/uf150-645/ai/hoos/Research/SAT/Formulae/UF150.645.100/uf150-060.cnf,SAT,0.001,1,0
benchmarks/satlib/uf150-645/ai/hoos/Research/SAT/Formulae/UF150.645.100/uf150-061.cnf,SAT,0.023,15,992
benchmarks/satlib/uf150-645/ai/hoos/Research/SAT/Formulae/UF150.645.100/uf150-062.cnf,SAT,0.008,9,0
benchmarks/satlib/uf150-645/ai/hoos/Research/SAT/Formulae/UF150.645.100/uf150-063.cnf,SAT,0.019,14,0
benchmarks/satlib/uf150-645/ai/hoos/Research/SAT/Formulae/UF150.645.100/uf150-064.cnf,SAT,0.003,5,0
benchmarks/satlib/uf150-645/ai/hoos/Research/SAT/Formulae/UF150.645.100/uf150-065.cnf,SAT,0.004,5,0
benchmarks/satlib/uf150-645/ai/hoos/Research/SAT/Formulae/UF150.645.100/uf150-066.cnf,SAT,0.009,10,0
benchmarks/satlib/uf150-645/ai/hoos/Research/SAT/Formulae/UF150.645.100/uf150-067.cnf,SAT,0.010,12,0
benchmarks/satlib/uf150-645/ai/hoos/Research/SAT/Formulae/UF150.645.100/uf150-068.cnf,SAT,0.104,54,4835
benchmarks/satlib/uf150-645/ai/hoos/Research/SAT/Formulae/UF150.645.100/uf150-069.cnf,SAT,0.226,83,11996
benchmarks/satlib/uf150-645/ai/hoos/Research/SAT/Formulae/UF150.645.100/uf150-07.cnf,SAT,0.054,30,2120
benchmarks/satlib/uf150-645/ai/hoos/Research/SAT/Formulae/UF150.645.100/uf150-070.cnf,SAT,0.004,6,0
benchmarks/satlib/uf150-645/ai/hoos/Research/SAT/Formulae/UF150.645.100/uf150-071.cnf,SAT,0.001,2,0
benchmarks/satlib/uf150-645/ai/hoos/Research/SAT/Formulae/UF150.645.100/uf150-072.cnf,SAT,0.008,9,0
benchmarks/satlib/uf150-645/ai/hoos/Research/SAT/Formulae/UF150.645.100/uf150-073.cnf,SAT,0.016,14,0
benchmarks/satlib/uf150-645/ai/hoos/Research/SAT/Formulae/UF150.645.100/uf150-074.cnf,SAT,0.005,6,0
benchmarks/satlib/uf150-645/ai/hoos/Research/SAT/Formulae/UF150.645.100/uf150-075.cnf,SAT,0.017,14,0
benchmarks/satlib/uf150-645/ai/hoos/Research/SAT/Formulae/UF150.645.100/uf150-076.cnf,SAT,0.090,45,4838
benchmarks/satlib/uf150-645/ai/hoos/Research/SAT/Formulae/UF150.645.100/uf150-077.cnf,SAT,0.137,61,6393
benchmarks/satlib/uf150-645/ai/hoos/Research/SAT/Formulae/UF150.645.100/uf150-078.cnf,SAT,0.023,15,982
benchmarks/satlib/uf150-645/ai/hoos/Research/SAT/Formulae/UF150.645.100/uf150-079.cnf,SAT,0.624,160,30211
benchmarks/satlib/uf150-645/ai/hoos/Research/SAT/Formulae/UF150.645.100/uf150-08.cnf,SAT,0.002,3,0
benchmarks/satlib/uf150-645/ai/hoos/Research/SAT/Formulae/UF150.645.100/uf150-080.cnf,SAT,0.038,28,2125
benchmarks/satlib/uf150-645/ai/hoos/Research/SAT/Formulae/UF150.645.100/uf150-081.cnf,SAT,0.014,14,0
benchmarks/satlib/uf150-645/ai/hoos/Research/SAT/Formulae/UF150.645.100/uf150-082.cnf,SAT,0.001,2,0
benchmarks/satlib/uf150-645/ai/hoos/Research/SAT/Formulae/UF150.645.100/uf150-083.cnf,SAT,0.062,30,2114
benchmarks/satlib/uf150-645/ai/hoos/Research/SAT/Formulae/UF150.645.100/uf150-084.cnf,SAT,0.122,51,4843
benchmarks/satlib/uf150-645/ai/hoos/Research/SAT/Formulae/UF150.645.100/uf150-085.cnf,SAT,0.004,6,0
benchmarks/satlib/uf150-645/ai/hoos/Research/SAT/Formulae/UF150.645.100/uf150-086.cnf,SAT,0.015,14,0
benchmarks/satlib/uf150-645/ai/hoos/Research/SAT/Formulae/UF150.645.100/uf150-087.cnf,SAT,0.003,5,0
benchmarks/satlib/uf150-645/ai/hoos/Research/SAT/Formulae/UF150.645.100/uf150-088.cnf,SAT,0.002,3,0
benchmarks/satlib/uf150-645/ai/hoos/Research/SAT/Formulae/UF150.645.100/uf150-089.cnf,SAT,0.019,14,0
benchmarks/satlib/uf150-645/ai/hoos/Research/SAT/Formulae/UF150.645.100/uf150-09.cnf,SAT,0.011,12,0
benchmarks/satlib/uf150-645/ai/hoos/Research/SAT/Formulae/UF150.645.100/uf150-090.cnf,SAT,0.022,15,986
benchmarks/satlib/uf150-645/ai/hoos/Research/SAT/Formulae/UF150.645.100/uf150-091.cnf,SAT,0.006,6,0
benchmarks/satlib/uf150-645/ai/hoos/Research/SAT/Formulae/UF150.645.100/uf150-092.cnf,SAT,0.007,9,0
benchmarks/satlib/uf150-645/ai/hoos/Research/SAT/Formulae/UF150.645.100/uf150-093.cnf,SAT,0.022,17,988
benchmarks/satlib/uf150-645/ai/hoos/Research/SAT/Formulae/UF150.645.100/uf150-094.cnf,SAT,0.019,14,0
benchmarks/satlib/uf150-645/ai/hoos/Research/SAT/Formulae/UF150.645.100/uf150-095.cnf,SAT,0.096,45,4827
benchmarks/satlib/uf150-645/ai/hoos/Research/SAT/Formulae/UF150.645.100/uf150-096.cnf,SAT,0.334,108,16477
benchmarks/satlib/uf150-645/ai/hoos/Research/SAT/Formulae/UF150.645.100/uf150-097.cnf,SAT,0.107,52,4808
benchmarks/satlib/uf150-645/ai/hoos/Research/SAT/Formulae/UF150.645.100/uf150-098.cnf,SAT,0.012,13,0
benchmarks/satlib/uf150-645/ai/hoos/Research/SAT/Formulae/UF150.645.100/uf150-099.cnf,SAT,0.016,14,0
benchmarks/satlib/uf175-753/ai/hoos/Research/SAT/Formulae/UF175.753.100/uf175-01.cnf,SAT,0.079,39,3410
benchmarks/satlib/uf175-753/ai/hoos/Research/SAT/Formulae/UF175.753.100/uf175-010.cnf,SAT,0.115,60,6420
benchmarks/satlib/uf175-753/ai/hoos/Research/SAT/Formulae/UF175.753.100/uf175-0100.cnf,SAT,0.030,21,989
benchmarks/satlib/uf175-753/ai/hoos/Research/SAT/Formulae/UF175.753.100/uf175-011.cnf,SAT,0.009,9,0
benchmarks/satlib/uf175-753/ai/hoos/Research/SAT/Formulae/UF175.753.100/uf175-012.cnf,SAT,0.010,12,0
benchmarks/satlib/uf175-753/ai/hoos/Research/SAT/Formulae/UF175.753.100/uf175-013.cnf,SAT,0.068,35,3409
benchmarks/satlib/uf175-753/ai/hoos/Research/SAT/Formulae/UF175.753.100/uf175-014.cnf,SAT,0.157,62,8114
benchmarks/satlib/uf175-753/ai/hoos/Research/SAT/Formulae/UF175.753.100/uf175-015.cnf,SAT,0.018,14,0
benchmarks/satlib/uf175-753/ai/hoos/Research/SAT/Formulae/UF175.753.100/uf175-016.cnf,SAT,0.010,11,0
benchmarks/satlib/uf175-753/ai/hoos/Research/SAT/Formulae/UF175.753.100/uf175-017.cnf,SAT,0.177,66,10003
benchmarks/satlib/uf175-753/ai/hoos/Research/SAT/Formulae/UF175.753.100/uf175-018.cnf,SAT,0.054,30,2127
benchmarks/satlib/uf175-753/ai/hoos/Research/SAT/Formulae/UF175.753.100/uf175-019.cnf,SAT,0.175,62,8141
benchmarks/satlib/uf175-753/ai/hoos/Research/SAT/Formulae/UF175.753.100/uf175-02.cnf,SAT,1.543,283,64136
benchmarks/satlib/uf175-753/ai/hoos/Research/SAT/Formulae/UF175.753.100/uf175-020.cnf,SAT,0.205,73,10004
benchmarks/satlib/uf175-753/ai/hoos/Research/SAT/Formulae/UF175.753.100/uf175-021.cnf,SAT,0.001,1,0
benchmarks/satlib/uf175-753/ai/hoos/Research/SAT/Formulae/UF175.753.100/uf175-022.cnf,SAT,0.208,72,9968
benchmarks/satlib/uf175-753/ai/hoos/Research/SAT/Formulae/UF175.753.100/uf175-023.cnf,SAT,0.043,28,2121
benchmarks/satlib/uf175-753/ai/hoos/Research/SAT/Formulae/UF175.753.100/uf175-024.cnf,SAT,0.276,95,14137
benchmarks/satlib/uf175-753/ai/hoos/Research/SAT/Formulae/UF175.753.100/uf175-025.cnf,SAT,0.043,28,2130
benchmarks/satlib/uf175-753/ai/hoos/Research/SAT/Formulae/UF175.753.100/uf175-026.cnf,SAT,0.029,20,987
benchmarks/satlib/uf175-753/ai/hoos/Research/SAT/Formulae/UF175.753.100/uf175-027.cnf,SAT,0.035,24,991
benchmarks/satlib/uf175-753/ai/hoos/Research/SAT/Formulae/UF175.753.100/uf175-028.cnf,SAT,0.024,18,993
benchmarks/satlib/uf175-753/ai/hoos/Research/SAT/Formulae/UF175.753.100/uf175-029.cnf,SAT,0.023,16,987
benchmarks/satlib/uf175-753/ai/hoos/Research/SAT/Formulae/UF175.753.100/uf175-03.cnf,SAT,0.017,13,0
benchmarks/satlib/uf175-753/ai/hoos/Research/SAT/Formulae/UF175.753.100/uf175-030.cnf,SAT,3.086,490,104395
benchmarks/satlib/uf175-753/ai/hoos/Research/SAT/Formulae/UF175.753.100/uf175-031.cnf,SAT,0.015,14,0
benchmarks/satlib/uf175-753/ai/hoos/Research/SAT/Formulae/UF175.753.100/uf175-032.cnf,SAT,0.217,77,12048
benchmarks/satlib/uf175-753/ai/hoos/Research/SAT/Formulae/UF175.753.100/uf175-033.cnf,SAT,0.106,52,4840
benchmarks/satlib/uf175-753/ai/hoos/Research/SAT/Formulae/UF175.753.100/uf175-034.cnf,SAT,0.003,4,0
benchmarks/satlib/uf175-753/ai/hoos/Research/SAT/Formulae/UF175.753.100/uf175-035.cnf,SAT,0.027,18,988
benchmarks/satlib/uf175-753/ai/hoos/Research/SAT/Formulae/UF175.753.100/uf175-036.cnf,SAT,0.872,211,36860
benchmarks/satlib/uf175-753/ai/hoos/Research/SAT/Formulae/UF175.753.100/uf175-037.cnf,SAT,0.356,122,16541
benchmarks/satlib/uf175-753/ai/hoos/Research/SAT/Formulae/UF175.753.100/uf175-038.cnf,SAT,0.098,46,4840
benchmarks/satlib/uf175-753/ai/hoos/Research/SAT/Formulae/UF175.753.100/uf175-039.cnf,SAT,0.017,14,0
benchmarks/satlib/uf175-753/ai/hoos/Research/SAT/Formulae/UF175.753.100/uf175-04.cnf,SAT,0.257,96,14187
benchmarks/satlib/uf175-753/ai/hoos/Research/SAT/Formulae/UF175.753.100/uf175-040.cnf,SAT,0.029,21,992
benchmarks/satlib/uf175-753/ai/hoos/Research/SAT/Formulae/UF175.753.100/uf175-041.cnf,SAT,0.011,12,0
benchmarks/satlib/uf175-753/ai/hoos/Research/SAT/Formulae/UF175.753.100/uf175-042.cnf,SAT,0.249,91,12056
benchmarks/satlib/uf175-753/ai/hoos/Research/SAT/Formulae/UF175.753.100/uf175-043.cnf,SAT,0.237,91,12028
benchmarks/satlib/uf175-753/ai/hoos/Research/SAT/Formulae/UF175.753.100/uf175-044.cnf,SAT,0.463,126,21450
benchmarks/satlib/uf175-753/ai/hoos/Research/SAT/Formulae/UF175.753.100/uf175-045.cnf,SAT,0.828,188,33354
benchmarks/satlib/uf175-753/ai/hoos/Research/SAT/Formulae/UF175.753.100/uf175-046.cnf,SAT,0.484,126,21561
benchmarks/satlib/uf175-753/ai/hoos/Research/SAT/Formulae/UF175.753.100/uf175-047.cnf,SAT,0.017,13,0
benchmarks/satlib/uf175-753/ai/hoos/Research/SAT/Formulae/UF175.753.100/uf175-048.cnf,SAT,0.060,30,2128
benchmarks/satlib/uf175-753/ai/hoos/Research/SAT/Formulae/UF175.753.100/uf175-049.cnf,SAT,0.441,125,19003
benchmarks/satlib/uf175-753/ai/hoos/Research/SAT/Formulae/UF175.753.100/uf175-05.cnf,SAT,0.200,62,9973
benchmarks/satlib/uf175-753/ai/hoos/Research/SAT/Formulae/UF175.753.100/uf175-050.cnf,SAT,0.004,5,0
benchmarks/satlib/uf175-753/ai/hoos/Research/SAT/Formulae/UF175.753.100/uf175-051.cnf,SAT,0.043,23,993
benchmarks/satlib/uf175-753/ai/hoos/Research/SAT/Formulae/UF175.753.100/uf175-052.cnf,SAT,0.276,89,12037
benchmarks/satlib/uf175-753/ai/hoos/Research/SAT/Formulae/UF175.753.100/uf175-053.cnf,SAT,0.335,104,14136
benchmarks/satlib/uf175-753/ai/hoos/Research/SAT/Formulae/UF175.753.100/uf175-054.cnf,SAT,1.582,255,59944
benchmarks/satlib/uf175-753/ai/hoos/Research/SAT/Formulae/UF175.753.100/uf175-055.cnf,SAT,0.517,126,24337
benchmarks/satlib/uf175-753/ai/hoos/Research/SAT/Formulae/UF175.753.100/uf175-056.cnf,SAT,0.132,60,6406
benchmarks/satlib/uf175-753/ai/hoos/Research/SAT/Formulae/UF175.753.100/uf175-057.cnf,SAT,0.001,1,0
benchmarks/satlib/uf175-753/ai/hoos/Research/SAT/Formulae/UF175.753.100/uf175-058.cnf,SAT,0.062,31,3400
benchmarks/satlib/uf175-753/ai/hoos/Research/SAT/Formulae/UF175.753.100/uf175-059.cnf,SAT,0.125,61,6407
benchmarks/satlib/uf175-753/ai/hoos/Research/SAT/Formulae/UF175.753.100/uf175-06.cnf,SAT,0.250,92,12041
benchmarks/satlib/uf175-753/ai/hoos/Research/SAT/Formulae/UF175.753.100/uf175-060.cnf,SAT,0.007,7,0
benchmarks/satlib/uf175-753/ai/hoos/Research/SAT/Formulae/UF175.753.100/uf175-061.cnf,SAT,0.044,29,2131
benchmarks/satlib/uf175-753/ai/hoos/Research/SAT/Formulae/UF175.753.100/uf175-062.cnf,SAT,0.004,6,0
benchmarks/satlib/uf175-753/ai/hoos/Research/SAT/Formulae/UF175.753.100/uf175-063.cnf,SAT,0.009,9,0
benchmarks/satlib/uf175-753/ai/hoos/Research/SAT/Formulae/UF175.753.100/uf175-064.cnf,SAT,0.044,29,2126
benchmarks/satlib/uf175-753/ai/hoos/Research/SAT/Formulae/UF175.753.100/uf175-065.cnf,SAT,0.051,30,2124
benchmarks/satlib/uf175-753/ai/hoos/Research/SAT/Formulae/UF175.753.100/uf175-066.cnf,SAT,0.004,5,0
benchmarks/satlib/uf175-753/ai/hoos/Research/SAT/Formulae/UF175.753.100/uf175-067.cnf,SAT,0.024,18,986
benchmarks/satlib/uf175-753/ai/hoos/Research/SAT/Formulae/UF175.753.100/uf175-068.cnf,SAT,0.270,94,14198
benchmarks/satlib/uf175-753/ai/hoos/Research/SAT/Formulae/UF175.753.100/uf175-069.cnf,SAT,0.022,15,987
benchmarks/satlib/uf175-753/ai/hoos/Research/SAT/Formulae/UF175.753.100/uf175-07.cnf,SAT,0.068,33,3399
benchmarks/satlib/uf175-753/ai/hoos/Research/SAT/Formulae/UF175.753.100/uf175-070.cnf,SAT,0.003,5,0
benchmarks/satlib/uf175-753/ai/hoos/Research/SAT/Formulae/UF175.753.100/uf175-071.cnf,SAT,0.003,5,0
benchmarks/satlib/uf175-753/ai/hoos/Research/SAT/Formulae/UF175.753.100/uf175-072.cnf,SAT,0.039,27,2128
benchmarks/satlib/uf175-753/ai/hoos/Research/SAT/Formulae/UF175.753.100/uf175-073.cnf,SAT,0.009,9,0
benchmarks/satlib/uf175-753/ai/hoos/Research/SAT/Formulae/UF175.753.100/uf175-074.cnf,SAT,0.427,124,18927
benchmarks/satlib/uf175-753/ai/hoos/Research/SAT/Formulae/UF175.753.100/uf175-075.cnf,SAT,0.173,62,8139
benchmarks/satlib/uf175-753/ai/hoos/Research/SAT/Formulae/UF175.753.100/uf175-076.cnf,SAT,2.158,293,64204
benchmarks/satlib/uf175-753/ai/hoos/Research/SAT/Formulae/UF175.753.100/uf175-077.cnf,SAT,0.269,84,12025
benchmarks/satlib/uf175-753/ai/hoos/Research/SAT/Formulae/UF175.753.100/uf175-078.cnf,SAT,0.015,13,0
benchmarks/satlib/uf175-753/ai/hoos/Research/SAT/Formulae/UF175.753.100/uf175-079.cnf,SAT,3.747,381,88087
benchmarks/satlib/uf175-753/ai/hoos/Research/SAT/Formulae/UF175.753.100/uf175-08.cnf,SAT,0.013,13,0
benchmarks/satlib/uf175-753/ai/hoos/Research/SAT/Formulae/UF175.753.100/uf175-080.cnf,SAT,0.065,32,3411
benchmarks/satlib/uf175-753/ai/hoos/Research/SAT/Formulae/UF175.753.100/uf175-081.cnf,SAT,2.392,381,83354
benchmarks/satlib/uf175-753/ai/hoos/Research/SAT/Formulae/UF175.753.100/uf175-082.cnf,SAT,0.088,45,4854
benchmarks/satlib/uf175-753/ai/hoos/Research/SAT/Formulae/UF175.753.100/uf175-083.cnf,SAT,0.008,8,0
benchmarks/satlib/uf175-753/ai/hoos/Research/SAT/Formulae/UF175.753.100/uf175-084.cnf,SAT,0.144,61,8155
benchmarks/satlib/uf175-753/ai/hoos/Research/SAT/Formulae/UF175.753.100/uf175-085.cnf,SAT,0.748,187,33488
benchmarks/satlib/uf175-753/ai/hoos/Research/SAT/Formulae/UF175.753.100/uf175-086.cnf,SAT,0.247,84,12012
benchmarks/satlib/uf175-753/ai/hoos/Research/SAT/Formulae/UF175.753.100/uf175-087.cnf,SAT,0.005,6,0
benchmarks/satlib/uf175-753/ai/hoos/Research/SAT/Formulae/UF175.753.100/uf175-088.cnf,SAT,0.004,6,0
benchmarks/satlib/uf175-753/ai/hoos/Research/SAT/Formulae/UF175.753.100/uf175-089.cnf,SAT,0.124,61,6415
benchmarks/satlib/uf175-753/ai/hoos/Research/SAT/Formulae/UF175.753.100/uf175-09.cnf,SAT,0.046,29,2125
benchmarks/satlib/uf175-753/ai/hoos/Research/SAT/Formulae/UF175.753.100/uf175-090.cnf,SAT,0.004,6,0
benchmarks/satlib/uf175-753/ai/hoos/Research/SAT/Formulae/UF175.753.100/uf175-091.cnf,SAT,0.338,118,16534
benchmarks/satlib/uf175-753/ai/hoos/Research/SAT/Formulae/UF175.753.100/uf175-092.cnf,SAT,0.067,31,3424
benchmarks/satlib/uf175-753/ai/hoos/Research/SAT/Formulae/UF175.753.100/uf175-093.cnf,SAT,0.117,59,6400
benchmarks/satlib/uf175-753/ai/hoos/Research/SAT/Formulae/UF175.753.100/uf175-094.cnf,SAT,0.010,11,0
benchmarks/satlib/uf175-753/ai/hoos/Research/SAT/Formulae/UF175.753.100/uf175-095.cnf,SAT,0.114,55,6409
benchmarks/satlib/uf175-753/ai/hoos/Research/SAT/Formulae/UF175.753.100/uf175-096.cnf,SAT,0.014,13,0
benchmarks/satlib/uf175-753/ai/hoos/Research/SAT/Formulae/UF175.753.100/uf175-097.cnf,SAT,0.699,179,30240
benchmarks/satlib/uf175-753/ai/hoos/Research/SAT/Formulae/UF175.753.100/uf175-098.cnf,SAT,0.057,30,2124
benchmarks/satlib/uf175-753/ai/hoos/Research/SAT/Formulae/UF175.753.100/uf175-099.cnf,SAT,0.007,6,0
benchmarks/satlib/uf20-91/uf20-01.cnf,SAT,0.000,0,0
benchmarks/satlib/uf20-91/uf20-010.cnf,SAT,0.000,0,0
benchmarks/satlib/uf20-91/uf20-0100.cnf,SAT,0.000,0,0
benchmarks/satlib/uf20-91/uf20-01000.cnf,SAT,0.000,0,0
benchmarks/satlib/uf20-91/uf20-0101.cnf,SAT,0.000,0,0
benchmarks/satlib/uf20-91/uf20-0102.cnf,SAT,0.000,0,0
benchmarks/satlib/uf20-91/uf20-0103.cnf,SAT,0.000,0,0
benchmarks/satlib/uf20-91/uf20-0104.cnf,SAT,0.000,0,0
benchmarks/satlib/uf20-91/uf20-0105.cnf,SAT,0.000,0,0
benchmarks/satlib/uf20-91/uf20-0106.cnf,SAT,0.000,0,0
benchmarks/satlib/uf20-91/uf20-0107.cnf,SAT,0.000,0,0
benchmarks/satlib/uf20-91/uf20-0108.cnf,SAT,0.000,0,0
benchmarks/satlib/uf20-91/uf20-0109.cnf,SAT,0.000,0,0
benchmarks/satlib/uf20-91/uf20-011.cnf,SAT,0.000,0,0
benchmarks/satlib/uf20-91/uf20-0110.cnf,SAT,0.000,0,0
benchmarks/satlib/uf20-91/uf20-0111.cnf,SAT,0.000,0,0
benchmarks/satlib/uf20-91/uf20-0112.cnf,SAT,0.000,0,0
benchmarks/satlib/uf20-91/uf20-0113.cnf,SAT,0.000,0,0
benchmarks/satlib/uf20-91/uf20-0114.cnf,SAT,0.000,0,0
benchmarks/satlib/uf20-91/uf20-0115.cnf,SAT,0.000,0,0
benchmarks/satlib/uf20-91/uf20-0116.cnf,SAT,0.000,0,0
benchmarks/satlib/uf20-91/uf20-0117.cnf,SAT,0.000,0,0
benchmarks/satlib/uf20-91/uf20-0118.cnf,SAT,0.000,0,0
benchmarks/satlib/uf20-91/uf20-0119.cnf,SAT,0.000,0,0
benchmarks/satlib/uf20-91/uf20-012.cnf,SAT,0.000,0,0
benchmarks/satlib/uf20-91/uf20-0120.cnf,SAT,0.000,0,0
benchmarks/satlib/uf20-91/uf20-0121.cnf,SAT,0.000,0,0
benchmarks/satlib/uf20-91/uf20-0122.cnf,SAT,0.000,0,0
benchmarks/satlib/uf20-91/uf20-0123.cnf,SAT,0.000,0,0
benchmarks/satlib/uf20-91/uf20-0124.cnf,SAT,0.000,0,0
benchmarks/satlib/uf20-91/uf20-0125.cnf,SAT,0.000,0,0
benchmarks/satlib/uf20-91/uf20-0126.cnf,SAT,0.000,0,0
benchmarks/satlib/uf20-91/uf20-0127.cnf,SAT,0.000,0,0
benchmarks/satlib/uf20-91/uf20-0128.cnf,SAT,0.000,0,0
benchmarks/satlib/uf20-91/uf20-0129.cnf,SAT,0.000,0,0
benchmarks/satlib/uf20-91/uf20-013.cnf,SAT,0.000,0,0
benchmarks/satlib/uf20-91/uf20-0130.cnf,SAT,0.000,0,0
benchmarks/satlib/uf20-91/uf20-0131.cnf,SAT,0.000,0,0
benchmarks/satlib/uf20-91/uf20-0132.cnf,SAT,0.000,0,0
benchmarks/satlib/uf20-91/uf20-0133.cnf,SAT,0.000,0,0
benchmarks/satlib/uf20-91/uf20-0134.cnf,SAT,0.000,0,0
benchmarks/satlib/uf20-91/uf20-0135.cnf,SAT,0.000,0,0
benchmarks/satlib/uf20-91/uf20-0136.cnf,SAT,0.000,0,0
benchmarks/satlib/uf20-91/uf20-0137.cnf,SAT,0.000,0,0
benchmarks/satlib/uf20-91/uf20-0138.cnf,SAT,0.000,0,0
benchmarks/satlib/uf20-91/uf20-0139.cnf,SAT,0.000,0,0
benchmarks/satlib/uf20-91/uf20-014.cnf,SAT,0.000,0,0
benchmarks/satlib/uf20-91/uf20-0140.cnf,SAT,0.000,0,0
benchmarks/satlib/uf20-91/uf20-0141.cnf,SAT,0.000,0,0
benchmarks/satlib/uf20-91/uf20-0142.cnf,SAT,0.000,0,0
benchmarks/satlib/uf20-91/uf20-0143.cnf,SAT,0.000,0,0
benchmarks/satlib/uf20-91/uf20-0144.cnf,SAT,0.000,0,0
benchmarks/satlib/uf20-91/uf20-0145.cnf,SAT,0.000,0,0
benchmarks/satlib/uf20-91/uf20-0146.cnf,SAT,0.000,0,0
benchmarks/satlib/uf20-91/uf20-0147.cnf,SAT,0.000,0,0
benchmarks/satlib/uf20-91/uf20-0148.cnf,SAT,0.000,0,0
benchmarks/satlib/uf20-91/uf20-0149.cnf,SAT,0.000,0,0
benchmarks/satlib/uf20-91/uf20-015.cnf,SAT,0.000,0,0
benchmarks/satlib/uf20-91/uf20-0150.cnf,SAT,0.000,0,0
benchmarks/satlib/uf20-91/uf20-0151.cnf,SAT,0.000,0,0
benchmarks/satlib/uf20-91/uf20-0152.cnf,SAT,0.000,0,0
benchmarks/satlib/uf20-91/uf20-0153.cnf,SAT,0.000,0,0
benchmarks/satlib/uf20-91/uf20-0154.cnf,SAT,0.000,0,0
benchmarks/satlib/uf20-91/uf20-0155.cnf,SAT,0.000,0,0
benchmarks/satlib/uf20-91/uf20-0156.cnf,SAT,0.000,0,0
benchmarks/satlib/uf20-91/uf20-0157.cnf,SAT,0.000,0,0
benchmarks/satlib/uf20-91/uf20-0158.cnf,SAT,0.000,0,0
benchmarks/satlib/uf20-91/uf20-0159.cnf,SAT,0.000,0,0
benchmarks/satlib/uf20-91/uf20-016.cnf,SAT,0.000,0,0
benchmarks/satlib/uf20-91/uf20-0160.cnf,SAT,0.000,0,0
benchmarks/satlib/uf20-91/uf20-0161.cnf,SAT,0.000,0,0
benchmarks/satlib/uf20-91/uf20-0162.cnf,SAT,0.000,0,0
benchmarks/satlib/uf20-91/uf20-0163.cnf,SAT,0.000,0,0
benchmarks/satlib/uf20-91/uf20-0164.cnf,SAT,0.000,0,0
benchmarks/satlib/uf20-91/uf20-0165.cnf,SAT,0.000,0,0
benchmarks/satlib/uf20-91/uf20-0166.cnf,SAT,0.000,0,0
benchmarks/satlib/uf20-91/uf20-0167.cnf,SAT,0.000,0,0
benchmarks/satlib/uf20-91/uf20-0168.cnf,SAT,0.000,0,0
benchmarks/satlib/uf20-91/uf20-0169.cnf,SAT,0.000,0,0
benchmarks/satlib/uf20-91/uf20-017.cnf,SAT,0.000,0,0
benchmarks/satlib/uf20-91/uf20-0170.cnf,SAT,0.000,0,0
benchmarks/satlib/uf20-91/uf20-0171.cnf,SAT,0.000,0,0
benchmarks/satlib/uf20-91/uf20-0172.cnf,SAT,0.000,0,0
benchmarks/satlib/uf20-91/uf20-0173.cnf,SAT,0.000,0,0
benchmarks/satlib/uf20-91/uf20-0174.cnf,SAT,0.000,0,0
benchmarks/satlib/uf20-91/uf20-0175.cnf,SAT,0.000,0,0
benchmarks/satlib/uf20-91/uf20-0176.cnf,SAT,0.000,0,0
benchmarks/satlib/uf20-91/uf20-0177.cnf,SAT,0.000,0,0
benchmarks/satlib/uf20-91/uf20-0178.cnf,SAT,0.000,0,0
benchmarks/satlib/uf20-91/uf20-0179.cnf,SAT,0.000,0,0
benchmarks/satlib/uf20-91/uf20-018.cnf,SAT,0.000,0,0
benchmarks/satlib/uf20-91/uf20-0180.cnf,SAT,0.000,0,0
benchmarks/satlib/uf20-91/uf20-0181.cnf,SAT,0.000,0,0
benchmarks/satlib/uf20-91/uf20-0182.cnf,SAT,0.000,0,0
benchmarks/satlib/uf20-91/uf20-0183.cnf,SAT,0.000,0,0
benchmarks/satlib/uf20-91/uf20-0184.cnf,SAT,0.000,0,0
benchmarks/satlib/uf20-91/uf20-0185.cnf,SAT,0.000,0,0
benchmarks/satlib/uf20-91/uf20-0186.cnf,SAT,0.000,0,0
benchmarks/satlib/uf20-91/uf20-0187.cnf,SAT,0.000,0,0
benchmarks/satlib/uf20-91/uf20-0188.cnf,SAT,0.000,0,0
benchmarks/satlib/uf20-91/uf20-0189.cnf,SAT,0.000,0,0
benchmarks/satlib/uf20-91/uf20-019.cnf,SAT,0.000,0,0
benchmarks/satlib/uf20-91/uf20-0190.cnf,SAT,0.000,0,0
benchmarks/satlib/uf20-91/uf20-0191.cnf,SAT,0.000,0,0
benchmarks/satlib/uf20-91/uf20-0192.cnf,SAT,0.000,0,0
benchmarks/satlib/uf20-91/uf20-0193.cnf,SAT,0.000,0,0
benchmarks/satlib/uf20-91/uf20-0194.cnf,SAT,0.000,0,0
benchmarks/satlib/uf20-91/uf20-0195.cnf,SAT,0.000,0,0
benchmarks/satlib/uf20-91/uf20-0196.cnf,SAT,0.000,0,0
benchmarks/satlib/uf20-91/uf20-0197.cnf,SAT,0.000,0,0
benchmarks/satlib/uf20-91/uf20-0198.cnf,SAT,0.000,0,0
benchmarks/satlib/uf20-91/uf20-0199.cnf,SAT,0.000,0,0
benchmarks/satlib/uf20-91/uf20-02.cnf,SAT,0.000,0,0
benchmarks/satlib/uf20-91/uf20-020.cnf,SAT,0.000,0,0
benchmarks/satlib/uf20-91/uf20-0200.cnf,SAT,0.000,0,0
benchmarks/satlib/uf20-91/uf20-0201.cnf,SAT,0.000,0,0
benchmarks/satlib/uf20-91/uf20-0202.cnf,SAT,0.000,0,0
benchmarks/satlib/uf20-91/uf20-0203.cnf,SAT,0.000,0,0
benchmarks/satlib/uf20-91/uf20-0204.cnf,SAT,0.000,0,0
benchmarks/satlib/uf20-91/uf20-0205.cnf,SAT,0.000,0,0
benchmarks/satlib/uf20-91/uf20-0206.cnf,SAT,0.000,0,0
benchmarks/satlib/uf20-91/uf20-0207.cnf,SAT,0.000,0,0
benchmarks/satlib/uf20-91/uf20-0208.cnf,SAT,0.000,0,0
benchmarks/satlib/uf20-91/uf20-0209.cnf,SAT,0.000,0,0
benchmarks/satlib/uf20-91/uf20-021.cnf,SAT,0.000,0,0
benchmarks/satlib/uf20-91/uf20-0210.cnf,SAT,0.000,0,0
benchmarks/satlib/uf20-91/uf20-0211.cnf,SAT,0.000,0,0
benchmarks/satlib/uf20-91/uf20-0212.cnf,SAT,0.000,0,0
benchmarks/satlib/uf20-91/uf20-0213.cnf,SAT,0.000,0,0
benchmarks/satlib/uf20-91/uf20-0214.cnf,SAT,0.000,0,0
benchmarks/satlib/uf20-91/uf20-0215.cnf,SAT,0.000,0,0
benchmarks/satlib/uf20-91/uf20-0216.cnf,SAT,0.000,0,0
benchmarks/satlib/uf20-91/uf20-0217.cnf,SAT,0.000,0,0
benchmarks/satlib/uf20-91/uf20-0218.cnf,SAT,0.000,0,0
benchmarks/satlib/uf20-91/uf20-0219.cnf,SAT,0.000,0,0
benchmarks/satlib/uf20-91/uf20-022.cnf,SAT,0.000,0,0
benchmarks/satlib/uf20-91/uf20-0220.cnf,SAT,0.000,0,0
benchmarks/satlib/uf20-91/uf20-0221.cnf,SAT,0.000,0,0
benchmarks/satlib/uf20-91/uf20-0222.cnf,SAT,0.000,0,0
benchmarks/satlib/uf20-91/uf20-0223.cnf,SAT,0.000,0,0
benchmarks/satlib/uf20-91/uf20-0224.cnf,SAT,0.000,0,0
benchmarks/satlib/uf20-91/uf20-0225.cnf,SAT,0.000,0,0
benchmarks/satlib/uf20-91/uf20-0226.cnf,SAT,0.000,0,0
benchmarks/satlib/uf20-91/uf20-0227.cnf,SAT,0.000,0,0
benchmarks/satlib/uf20-91/uf20-0228.cnf,SAT,0.000,0,0
benchmarks/satlib/uf20-91/uf20-0229.cnf,SAT,0.000,0,0
benchmarks/satlib/uf20-91/uf20-023.cnf,SAT,0.000,0,0
benchmarks/satlib/uf20-91/uf20-0230.cnf,SAT,0.000,0,0
benchmarks/satlib/uf20-91/uf20-0231.cnf,SAT,0.000,0,0
benchmarks/satlib/uf20-91/uf20-0232.cnf,SAT,0.000,0,0
benchmarks/satlib/uf20-91/uf20-0233.cnf,SAT,0.000,0,0
benchmarks/satlib/uf20-91/uf20-0234.cnf,SAT,0.000,0,0
benchmarks/satlib/uf20-91/uf20-0235.cnf,SAT,0.000,0,0
benchmarks/satlib/uf20-91/uf20-0236.cnf,SAT,0.000,0,0
benchmarks/satlib/uf20-91/uf20-0237.cnf,SAT,0.000,0,0
benchmarks/satlib/uf20-91/uf20-0238.cnf,SAT,0.000,0,0
benchmarks/satlib/uf20-91/uf20-0239.cnf,SAT,0.000,0,0
benchmarks/satlib/uf20-91/uf20-024.cnf,SAT,0.000,0,0
benchmarks/satlib/uf20-91/uf20-0240.cnf,SAT,0.000,0,0
benchmarks/satlib/uf20-91/uf20-0241.cnf,SAT,0.000,0,0
benchmarks/satlib/uf20-91/uf20-0242.cnf,SAT,0.000,0,0
benchmarks/satlib/uf20-91/uf20-0243.cnf,SAT,0.000,0,0
benchmarks/satlib/uf20-91/uf20-0244.cnf,SAT,0.000,0,0
benchmarks/satlib/uf20-91/uf20-0245.cnf,SAT,0.000,0,0
benchmarks/satlib/uf20-91/uf20-0246.cnf,SAT,0.000,0,0
benchmarks/satlib/uf20-91/uf20-0247.cnf,SAT,0.000,0,0
benchmarks/satlib/uf20-91/uf20-0248.cnf,SAT,0.000,0,0
benchmarks/satlib/uf20-91/uf20-0249.cnf,SAT,0.000,0,0
benchmarks/satlib/uf20-91/uf20-025.cnf,SAT,0.000,0,0
benchmarks/satlib/uf20-91/uf20-0250.cnf,SAT,0.000,0,0
benchmarks/satlib/uf20-91/uf20-0251.cnf,SAT,0.000,0,0
benchmarks/satlib/uf20-91/uf20-0252.cnf,SAT,0.000,0,0
benchmarks/satlib/uf20-91/uf20-0253.cnf,SAT,0.000,0,0
benchmarks/satlib/uf20-91/uf20-0254.cnf,SAT,0.000,0,0
benchmarks/satlib/uf20-91/uf20-0255.cnf,SAT,0.000,0,0
benchmarks/satlib/uf20-91/uf20-0256.cnf,SAT,0.000,0,0
benchmarks/satlib/uf20-91/uf20-0257.cnf,SAT,0.000,0,0
benchmarks/satlib/uf20-91/uf20-0258.cnf,SAT,0.000,0,0
benchmarks/satlib/uf20-91/uf20-0259.cnf,SAT,0.000,0,0
benchmarks/satlib/uf20-91/uf20-026.cnf,SAT,0.000,0,0
benchmarks/satlib/uf20-91/uf20-0260.cnf,SAT,0.000,0,0
benchmarks/satlib/uf20-91/uf20-0261.cnf,SAT,0.000,0,0
benchmarks/satlib/uf20-91/uf20-0262.cnf,SAT,0.000,0,0
benchmarks/satlib/uf20-91/uf20-0263.cnf,SAT,0.000,0,0
benchmarks/satlib/uf20-91/uf20-0264.cnf,SAT,0.000,0,0
benchmarks/satlib/uf20-91/uf20-0265.cnf,SAT,0.000,0,0
benchmarks/satlib/uf20-91/uf20-0266.cnf,SAT,0.000,0,0
benchmarks/satlib/uf20-91/uf20-0267.cnf,SAT,0.000,0,0
benchmarks/satlib/uf20-91/uf20-0268.cnf,SAT,0.000,0,0
benchmarks/satlib/uf20-91/uf20-0269.cnf,SAT,0.000,0,0
benchmarks/satlib/uf20-91/uf20-027.cnf,SAT,0.000,0,0
benchmarks/satlib/uf20-91/uf20-0270.cnf,SAT,0.000,0,0
benchmarks/satlib/uf20-91/uf20-0271.cnf,SAT,0.000,0,0
benchmarks/satlib/uf20-91/uf20-0272.cnf,SAT,0.000,0,0
benchmarks/satlib/uf20-91/uf20-0273.cnf,SAT,0.000,0,0
benchmarks/satlib/uf20-91/uf20-0274.cnf,SAT,0.000,0,0
benchmarks/satlib/uf20-91/uf20-0275.cnf,SAT,0.000,0,0
benchmarks/satlib/uf20-91/uf20-0276.cnf,SAT,0.000,0,0
benchmarks/satlib/uf20-91/uf20-0277.cnf,SAT,0.000,0,0
benchmarks/satlib/uf20-91/uf20-0278.cnf,SAT,0.000,0,0
benchmarks/satlib/uf20-91/uf20-0279.cnf,SAT,0.000,0,0
benchmarks/satlib/uf20-91/uf20-028.cnf,SAT,0.000,0,0
benchmarks/satlib/uf20-91/uf20-0280.cnf,SAT,0.000,0,0
benchmarks/satlib/uf20-91/uf20-0281.cnf,SAT,0.000,0,0
benchmarks/satlib/uf20-91/uf20-0282.cnf,SAT,0.000,0,0
benchmarks/satlib/uf20-91/uf20-0283.cnf,SAT,0.000,0,0
benchmarks/satlib/uf20-91/uf20-0284.cnf,SAT,0.000,0,0
benchmarks/satlib/uf20-91/uf20-0285.cnf,SAT,0.000,0,0
benchmarks/satlib/uf20-91/uf20-0286.cnf,SAT,0.000,0,0
benchmarks/satlib/uf20-91/uf20-0287.cnf,SAT,0.000,0,0
benchmarks/satlib/uf20-91/uf20-0288.cnf,SAT,0.000,0,0
benchmarks/satlib/uf20-91/uf20-0289.cnf,SAT,0.000,0,0
benchmarks/satlib/uf20-91/uf20-029.cnf,SAT,0.000,0,0
benchmarks/satlib/uf20-91/uf20-0290.cnf,SAT,0.000,0,0
benchmarks/satlib/uf20-91/uf20-0291.cnf,SAT,0.000,0,0
benchmarks/satlib/uf20-91/uf20-0292.cnf,SAT,0.000,0,0
benchmarks/satlib/uf20-91/uf20-0293.cnf,SAT,0.000,0,0
benchmarks/satlib/uf20-91/uf20-0294.cnf,SAT,0.000,0,0
benchmarks/satlib/uf20-91/uf20-0295.cnf,SAT,0.000,0,0
benchmarks/satlib/uf20-91/uf20-0296.cnf,SAT,0.000,0,0
benchmarks/satlib/uf20-91/uf20-0297.cnf,SAT,0.000,0,0
benchmarks/satlib/uf20-91/uf20-0298.cnf,SAT,0.000,0,0
benchmarks/satlib/uf20-91/uf20-0299.cnf,SAT,0.000,0,0
benchmarks/satlib/uf20-91/uf20-03.cnf,SAT,0.000,0,0
benchmarks/satlib/uf20-91/uf20-030.cnf,SAT,0.000,0,0
benchmarks/satlib/uf20-91/uf20-0300.cnf,SAT,0.000,0,0
benchmarks/satlib/uf20-91/uf20-0301.cnf,SAT,0.000,0,0
benchmarks/satlib/uf20-91/uf20-0302.cnf,SAT,0.000,0,0
benchmarks/satlib/uf20-91/uf20-0303.cnf,SAT,0.000,0,0
benchmarks/satlib/uf20-91/uf20-0304.cnf,SAT,0.000,0,0
benchmarks/satlib/uf20-91/uf20-0305.cnf,SAT,0.000,0,0
benchmarks/satlib/uf20-91/uf20-0306.cnf,SAT,0.000,0,0
benchmarks/satlib/uf20-91/uf20-0307.cnf,SAT,0.000,0,0
benchmarks/satlib/uf20-91/uf20-0308.cnf,SAT,0.000,0,0
benchmarks/satlib/uf20-91/uf20-0309.cnf,SAT,0.000,0,0
benchmarks/satlib/uf20-91/uf20-031.cnf,SAT,0.000,0,0
benchmarks/satlib/uf20-91/uf20-0310.cnf,SAT,0.000,0,0
benchmarks/satlib/uf20-91/uf20-0311.cnf,SAT,0.000,0,0
benchmarks/satlib/uf20-91/uf20-0312.cnf,SAT,0.000,0,0
benchmarks/satlib/uf20-91/uf20-0313.cnf,SAT,0.000,0,0
benchmarks/satlib/uf20-91/uf20-0314.cnf,SAT,0.000,0,0
benchmarks/satlib/uf20-91/uf20-0315.cnf,SAT,0.000,0,0
benchmarks/satlib/uf20-91/uf20-0316.cnf,SAT,0.000,0,0
benchmarks/satlib/uf20-91/uf20-0317.cnf,SAT,0.000,0,0
benchmarks/satlib/uf20-91/uf20-0318.cnf,SAT,0.000,0,0
benchmarks/satlib/uf20-91/uf20-0319.cnf,SAT,0.000,0,0
benchmarks/satlib/uf20-91/uf20-032.cnf,SAT,0.000,0,0
benchmarks/satlib/uf20-91/uf20-0320.cnf,SAT,0.000,0,0
benchmarks/satlib/uf20-91/uf20-0321.cnf,SAT,0.000,0,0
benchmarks/satlib/uf20-91/uf20-0322.cnf,SAT,0.000,0,0
benchmarks/satlib/uf20-91/uf20-0323.cnf,SAT,0.000,0,0
benchmarks/satlib/uf20-91/uf20-0324.cnf,SAT,0.000,0,0
benchmarks/satlib/uf20-91/uf20-0325.cnf,SAT,0.000,0,0
benchmarks/satlib/uf20-91/uf20-0326.cnf,SAT,0.000,0,0
benchmarks/satlib/uf20-91/uf20-0327.cnf,SAT,0.000,0,0
benchmarks/satlib/uf20-91/uf20-0328.cnf,SAT,0.000,0,0
benchmarks/satlib/uf20-91/uf20-0329.cnf,SAT,0.000,0,0
benchmarks/satlib/uf20-91/uf20-033.cnf,SAT,0.000,0,0
benchmarks/satlib/uf20-91/uf20-0330.cnf,SAT,0.000,0,0
benchmarks/satlib/uf20-91/uf20-0331.cnf,SAT,0.000,0,0
benchmarks/satlib/uf20-91/uf20-0332.cnf,SAT,0.000,0,0
benchmarks/satlib/uf20-91/uf20-0333.cnf,SAT,0.000,0,0
benchmarks/satlib/uf20-91/uf20-0334.cnf,SAT,0.000,0,0
benchmarks/satlib/uf20-91/uf20-0335.cnf,SAT,0.000,0,0
benchmarks/satlib/uf20-91/uf20-0336.cnf,SAT,0.000,0,0
benchmarks/satlib/uf20-91/uf20-0337.cnf,SAT,0.000,0,0
benchmarks/satlib/uf20-91/uf20-0338.cnf,SAT,0.000,0,0
benchmarks/satlib/uf20-91/uf20-0339.cnf,SAT,0.000,0,0
benchmarks/satlib/uf20-91/uf20-034.cnf,SAT,0.000,0,0
benchmarks/satlib/uf20-91/uf20-0340.cnf,SAT,0.000,0,0
benchmarks/satlib/uf20-91/uf20-0341.cnf,SAT,0.000,0,0
benchmarks/satlib/uf20-91/uf20-0342.cnf,SAT,0.000,0,0
benchmarks/satlib/uf20-91/uf20-0343.cnf,SAT,0.000,0,0
benchmarks/satlib/uf20-91/uf20-0344.cnf,SAT,0.000,0,0
benchmarks/satlib/uf20-91/uf20-0345.cnf,SAT,0.000,0,0
benchmarks/satlib/uf20-91/uf20-0346.cnf,SAT,0.000,0,0
benchmarks/satlib/uf20-91/uf20-0347.cnf,SAT,0.000,0,0
benchmarks/satlib/uf20-91/uf20-0348.cnf,SAT,0.000,0,0
benchmarks/satlib/uf20-91/uf20-0349.cnf,SAT,0.000,0,0
benchmarks/satlib/uf20-91/uf20-035.cnf,SAT,0.000,0,0
benchmarks/satlib/uf20-91/uf20-0350.cnf,SAT,0.000,0,0
benchmarks/satlib/uf20-91/uf20-0351.cnf,SAT,0.000,0,0
benchmarks/satlib/uf20-91/uf20-0352.cnf,SAT,0.000,0,0
benchmarks/satlib/uf20-91/uf20-0353.cnf,SAT,0.000,0,0
benchmarks/satlib/uf20-91/uf20-0354.cnf,SAT,0.000,0,0
benchmarks/satlib/uf20-91/uf20-0355.cnf,SAT,0.000,0,0
benchmarks/satlib/uf20-91/uf20-0356.cnf,SAT,0.000,0,0
benchmarks/satlib/uf20-91/uf20-0357.cnf,SAT,0.000,0,0
benchmarks/satlib/uf20-91/uf20-0358.cnf,SAT,0.000,0,0
benchmarks/satlib/uf20-91/uf20-0359.cnf,SAT,0.000,0,0
benchmarks/satlib/uf20-91/uf20-036.cnf,SAT,0.000,0,0
benchmarks/satlib/uf20-91/uf20-0360.cnf,SAT,0.000,0,0
benchmarks/satlib/uf20-91/uf20-0361.cnf,SAT,0.000,0,0
benchmarks/satlib/uf20-91/uf20-0362.cnf,SAT,0.000,0,0
benchmarks/satlib/uf20-91/uf20-0363.cnf,SAT,0.000,0,0
benchmarks/satlib/uf20-91/uf20-0364.cnf,SAT,0.000,0,0
benchmarks/satlib/uf20-91/uf20-0365.cnf,SAT,0.000,0,0
benchmarks/satlib/uf20-91/uf20-0366.cnf,SAT,0.000,0,0
benchmarks/satlib/uf20-91/uf20-0367.cnf,SAT,0.000,0,0
benchmarks/satlib/uf20-91/uf20-0368.cnf,SAT,0.000,0,0
benchmarks/satlib/uf20-91/uf20-0369.cnf,SAT,0.000,0,0
benchmarks/satlib/uf20-91/uf20-037.cnf,SAT,0.000,0,0
benchmarks/satlib/uf20-91/uf20-0370.cnf,SAT,0.000,0,0
benchmarks/satlib/uf20-91/uf20-0371.cnf,SAT,0.000,0,0
benchmarks/satlib/uf20-91/uf20-0372.cnf,SAT,0.000,0,0
benchmarks/satlib/uf20-91/uf20-0373.cnf,SAT,0.000,0,0
benchmarks/satlib/uf20-91/uf20-0374.cnf,SAT,0.000,0,0
benchmarks/satlib/uf20-91/uf20-0375.cnf,SAT,0.000,0,0
benchmarks/satlib/uf20-91/uf20-0376.cnf,SAT,0.000,0,0
benchmarks/satlib/uf20-91/uf20-0377.cnf,SAT,0.000,0,0
benchmarks/satlib/uf20-91/uf20-0378.cnf,SAT,0.000,0,0
benchmarks/satlib/uf20-91/uf20-0379.cnf,SAT,0.000,0,0
benchmarks/satlib/uf20-91/uf20-038.cnf,SAT,0.000,0,0
benchmarks/satlib/uf20-91/uf20-0380.cnf,SAT,0.000,0,0
benchmarks/satlib/uf20-91/uf20-0381.cnf,SAT,0.000,0,0
benchmarks/satlib/uf20-91/uf20-0382.cnf,SAT,0.000,0,0
benchmarks/satlib/uf20-91/uf20-0383.cnf,SAT,0.000,0,0
benchmarks/satlib/uf20-91/uf20-0384.cnf,SAT,0.000,0,0
benchmarks/satlib/uf20-91/uf20-0385.cnf,SAT,0.000,0,0
benchmarks/satlib/uf20-91/uf20-0386.cnf,SAT,0.000,0,0
benchmarks/satlib/uf20-91/uf20-0387.cnf,SAT,0.000,0,0
benchmarks/satlib/uf20-91/uf20-0388.cnf,SAT,0.000,0,0
benchmarks/satlib/uf20-91/uf20-0389.cnf,SAT,0.000,0,0
benchmarks/satlib/uf20-91/uf20-039.cnf,SAT,0.000,0,0
benchmarks/satlib/uf20-91/uf20-0390.cnf,SAT,0.000,0,0
benchmarks/satlib/uf20-91/uf20-0391.cnf,SAT,0.000,0,0
benchmarks/satlib/uf20-91/uf20-0392.cnf,SAT,0.000,0,0
benchmarks/satlib/uf20-91/uf20-0393.cnf,SAT,0.000,0,0
benchmarks/satlib/uf20-91/uf20-0394.cnf,SAT,0.000,0,0
benchmarks/satlib/uf20-91/uf20-0395.cnf,SAT,0.000,0,0
benchmarks/satlib/uf20-91/uf20-0396.cnf,SAT,0.000,0,0
benchmarks/satlib/uf20-91/uf20-0397.cnf,SAT,0.000,0,0
benchmarks/satlib/uf20-91/uf20-0398.cnf,SAT,0.000,0,0
benchmarks/satlib/uf20-91/uf20-0399.cnf,SAT,0.000,0,0
benchmarks/satlib/uf20-91/uf20-04.cnf,SAT,0.000,0,0
benchmarks/satlib/uf20-91/uf20-040.cnf,SAT,0.000,0,0
benchmarks/satlib/uf20-91/uf20-0400.cnf,SAT,0.000,0,0
benchmarks/satlib/uf20-91/uf20-0401.cnf,SAT,0.000,0,0
benchmarks/satlib/uf20-91/uf20-0402.cnf,SAT,0.000,0,0
benchmarks/satlib/uf20-91/uf20-0403.cnf,SAT,0.000,0,0
benchmarks/satlib/uf20-91/uf20-0404.cnf,SAT,0.000,0,0
benchmarks/satlib/uf20-91/uf20-0405.cnf,SAT,0.000,0,0
benchmarks/satlib/uf20-91/uf20-0406.cnf,SAT,0.000,0,0
benchmarks/satlib/uf20-91/uf20-0407.cnf,SAT,0.000,0,0
benchmarks/satlib/uf20-91/uf20-0408.cnf,SAT,0.000,0,0
benchmarks/satlib/uf20-91/uf20-0409.cnf,SAT,0.000,0,0
benchmarks/satlib/uf20-91/uf20-041.cnf,SAT,0.000,0,0
benchmarks/satlib/uf20-91/uf20-0410.cnf,SAT,0.000,0,0
benchmarks/satlib/uf20-91/uf20-0411.cnf,SAT,0.000,0,0
benchmarks/satlib/uf20-91/uf20-0412.cnf,SAT,0.000,0,0
benchmarks/satlib/uf20-91/uf20-0413.cnf,SAT,0.000,0,0
benchmarks/satlib/uf20-91/uf20-0414.cnf,SAT,0.000,0,0
benchmarks/satlib/uf20-91/uf20-0415.cnf,SAT,0.000,0,0
benchmarks/satlib/uf20-91/uf20-0416.cnf,SAT,0.000,0,0
benchmarks/satlib/uf20-91/uf20-0417.cnf,SAT,0.000,0,0
benchmarks/satlib/uf20-91/uf20-0418.cnf,SAT,0.000,0,0
benchmarks/satlib/uf20-91/uf20-0419.cnf,SAT,0.000,0,0
benchmarks/satlib/uf20-91/uf20-042.cnf,SAT,0.000,0,0
benchmarks/satlib/uf20-91/uf20-0420.cnf,SAT,0.000,0,0
benchmarks/satlib/uf20-91/uf20-0421.cnf,SAT,0.000,0,0
benchmarks/satlib/uf20-91/uf20-0422.cnf,SAT,0.000,0,0
benchmarks/satlib/uf20-91/uf20-0423.cnf,SAT,0.000,0,0
benchmarks/satlib/uf20-91/uf20-0424.cnf,SAT,0.000,0,0
benchmarks/satlib/uf20-91/uf20-0425.cnf,SAT,0.000,0,0
benchmarks/satlib/uf20-91/uf20-0426.cnf,SAT,0.000,0,0
benchmarks/satlib/uf20-91/uf20-0427.cnf,SAT,0.000,0,0
benchmarks/satlib/uf20-91/uf20-0428.cnf,SAT,0.000,0,0
benchmarks/satlib/uf20-91/uf20-0429.cnf,SAT,0.000,0,0
benchmarks/satlib/uf20-91/uf20-043.cnf,SAT,0.000,0,0
benchmarks/satlib/uf20-91/uf20-0430.cnf,SAT,0.000,0,0
benchmarks/satlib/uf20-91/uf20-0431.cnf,SAT,0.000,0,0
benchmarks/satlib/uf20-91/uf20-0432.cnf,SAT,0.000,0,0
benchmarks/satlib/uf20-91/uf20-0433.cnf,SAT,0.000,0,0
benchmarks/satlib/uf20-91/uf20-0434.cnf,SAT,0.000,0,0
benchmarks/satlib/uf20-91/uf20-0435.cnf,SAT,0.000,0,0
benchmarks/satlib/uf20-91/uf20-0436.cnf,SAT,0.000,0,0
benchmarks/satlib/uf20-91/uf20-0437.cnf,SAT,0.000,0,0
benchmarks/satlib/uf20-91/uf20-0438.cnf,SAT,0.000,0,0
benchmarks/satlib/uf20-91/uf20-0439.cnf,SAT,0.000,0,0
benchmarks/satlib/uf20-91/uf20-044.cnf,SAT,0.000,0,0
benchmarks/satlib/uf20-91/uf20-0440.cnf,SAT,0.000,0,0
benchmarks/satlib/uf20-91/uf20-0441.cnf,SAT,0.000,0,0
benchmarks/satlib/uf20-91/uf20-0442.cnf,SAT,0.000,0,0
benchmarks/satlib/uf20-91/uf20-0443.cnf,SAT,0.000,0,0
benchmarks/satlib/uf20-91/uf20-0444.cnf,SAT,0.000,0,0
benchmarks/satlib/uf20-91/uf20-0445.cnf,SAT,0.000,0,0
benchmarks/satlib/uf20-91/uf20-0446.cnf,SAT,0.000,0,0
benchmarks/satlib/uf20-91/uf20-0447.cnf,SAT,0.000,0,0
benchmarks/satlib/uf20-91/uf20-0448.cnf,SAT,0.000,0,0
benchmarks/satlib/uf20-91/uf20-0449.cnf,SAT,0.000,0,0
benchmarks/satlib/uf20-91/uf20-045.cnf,SAT,0.000,0,0
benchmarks/satlib/uf20-91/uf20-0450.cnf,SAT,0.000,0,0
benchmarks/satlib/uf20-91/uf20-0451.cnf,SAT,0.000,0,0
benchmarks/satlib/uf20-91/uf20-0452.cnf,SAT,0.000,0,0
benchmarks/satlib/uf20-91/uf20-0453.cnf,SAT,0.000,0,0
benchmarks/satlib/uf20-91/uf20-0454.cnf,SAT,0.000,0,0
benchmarks/satlib/uf20-91/uf20-0455.cnf,SAT,0.000,0,0
benchmarks/satlib/uf20-91/uf20-0456.cnf,SAT,0.000,0,0
benchmarks/satlib/uf20-91/uf20-0457.cnf,SAT,0.000,0,0
benchmarks/satlib/uf20-91/uf20-0458.cnf,SAT,0.000,0,0
benchmarks/satlib/uf20-91/uf20-0459.cnf,SAT,0.000,0,0
benchmarks/satlib/uf20-91/uf20-046.cnf,SAT,0.000,0,0
benchmarks/satlib/uf20-91/uf20-0460.cnf,SAT,0.000,0,0
benchmarks/satlib/uf20-91/uf20-0461.cnf,SAT,0.000,0,0
benchmarks/satlib/uf20-91/uf20-0462.cnf,SAT,0.000,0,0
benchmarks/satlib/uf20-91/uf20-0463.cnf,SAT,0.000,0,0
benchmarks/satlib/uf20-91/uf20-0464.cnf,SAT,0.000,0,0
benchmarks/satlib/uf20-91/uf20-0465.cnf,SAT,0.000,0,0
benchmarks/satlib/uf20-91/uf20-0466.cnf,SAT,0.000,0,0
benchmarks/satlib/uf20-91/uf20-0467.cnf,SAT,0.000,0,0
benchmarks/satlib/uf20-91/uf20-0468.cnf,SAT,0.000,0,0
benchmarks/satlib/uf20-91/uf20-0469.cnf,SAT,0.000,0,0
benchmarks/satlib/uf20-91/uf20-047.cnf,SAT,0.000,0,0
benchmarks/satlib/uf20-91/uf20-0470.cnf,SAT,0.000,0,0
benchmarks/satlib/uf20-91/uf20-0471.cnf,SAT,0.000,0,0
benchmarks/satlib/uf20-91/uf20-0472.cnf,SAT,0.000,0,0
benchmarks/satlib/uf20-91/uf20-0473.cnf,SAT,0.000,0,0
benchmarks/satlib/uf20-91/uf20-0474.cnf,SAT,0.000,0,0
benchmarks/satlib/uf20-91/uf20-0475.cnf,SAT,0.000,0,0
benchmarks/satlib/uf20-91/uf20-0476.cnf,SAT,0.000,0,0
benchmarks/satlib/uf20-91/uf20-0477.cnf,SAT,0.000,0,0
benchmarks/satlib/uf20-91/uf20-0478.cnf,SAT,0.000,0,0
benchmarks/satlib/uf20-91/uf20-0479.cnf,SAT,0.000,0,0
benchmarks/satlib/uf20-91/uf20-048.cnf,SAT,0.000,0,0
benchmarks/satlib/uf20-91/uf20-0480.cnf,SAT,0.000,0,0
benchmarks/satlib/uf20-91/uf20-0481.cnf,SAT,0.000,0,0
benchmarks/satlib/uf20-91/uf20-0482.cnf,SAT,0.000,0,0
benchmarks/satlib/uf20-91/uf20-0483.cnf,SAT,0.000,0,0
benchmarks/satlib/uf20-91/uf20-0484.cnf,SAT,0.000,0,0
benchmarks/satlib/uf20-91/uf20-0485.cnf,SAT,0.000,0,0
benchmarks/satlib/uf20-91/uf20-0486.cnf,SAT,0.000,0,0
benchmarks/satlib/uf20-91/uf20-0487.cnf,SAT,0.000,0,0
benchmarks/satlib/uf20-91/uf20-0488.cnf,SAT,0.000,0,0
benchmarks/satlib/uf20-91/uf20-0489.cnf,SAT,0.000,0,0
benchmarks/satlib/uf20-91/uf20-049.cnf,SAT,0.000,0,0
benchmarks/satlib/uf20-91/uf20-0490.cnf,SAT,0.001,0,0
benchmarks/satlib/uf20-91/uf20-0491.cnf,SAT,0.000,0,0
benchmarks/satlib/uf20-91/uf20-0492.cnf,SAT,0.000,0,0
benchmarks/satlib/uf20-91/uf20-0493.cnf,SAT,0.000,0,0
benchmarks/satlib/uf20-91/uf20-0494.cnf,SAT,0.000,0,0
benchmarks/satlib/uf20-91/uf20-0495.cnf,SAT,0.000,0,0
benchmarks/satlib/uf20-91/uf20-0496.cnf,SAT,0.000,0,0
benchmarks/satlib/uf20-91/uf20-0497.cnf,SAT,0.000,0,0
benchmarks/satlib/uf20-91/uf20-0498.cnf,SAT,0.000,0,0
benchmarks/satlib/uf20-91/uf20-0499.cnf,SAT,0.000,0,0
benchmarks/satlib/uf20-91/uf20-05.cnf,SAT,0.000,0,0
benchmarks/satlib/uf20-91/uf20-050.cnf,SAT,0.000,0,0
benchmarks/satlib/uf20-91/uf20-0500.cnf,SAT,0.000,0,0
benchmarks/satlib/uf20-91/uf20-0501.cnf,SAT,0.000,0,0
benchmarks/satlib/uf20-91/uf20-0502.cnf,SAT,0.000,0,0
benchmarks/satlib/uf20-91/uf20-0503.cnf,SAT,0.000,0,0
benchmarks/satlib/uf20-91/uf20-0504.cnf,SAT,0.000,0,0
benchmarks/satlib/uf20-91/uf20-0505.cnf,SAT,0.000,0,0
benchmarks/satlib/uf20-91/uf20-0506.cnf,SAT,0.000,0,0
benchmarks/satlib/uf20-91/uf20-0507.cnf,SAT,0.000,0,0
benchmarks/satlib/uf20-91/uf20-0508.cnf,SAT,0.000,0,0
benchmarks/satlib/uf20-91/uf20-0509.cnf,SAT,0.000,0,0
benchmarks/satlib/uf20-91/uf20-051.cnf,SAT,0.000,0,0
benchmarks/satlib/uf20-91/uf20-0510.cnf,SAT,0.000,0,0
benchmarks/satlib/uf20-91/uf20-0511.cnf,SAT,0.000,0,0
benchmarks/satlib/uf20-91/uf20-0512.cnf,SAT,0.000,0,0
benchmarks/satlib/uf20-91/uf20-0513.cnf,SAT,0.000,0,0
benchmarks/satlib/uf20-91/uf20-0514.cnf,SAT,0.000,0,0
benchmarks/satlib/uf20-91/uf20-0515.cnf,SAT,0.000,0,0
benchmarks/satlib/uf20-91/uf20-0516.cnf,SAT,0.000,0,0
benchmarks/satlib/uf20-91/uf20-0517.cnf,SAT,0.000,0,0
benchmarks/satlib/uf20-91/uf20-0518.cnf,SAT,0.000,0,0
benchmarks/satlib/uf20-91/uf20-0519.cnf,SAT,0.000,0,0
benchmarks/satlib/uf20-91/uf20-052.cnf,SAT,0.000,0,0
benchmarks/satlib/uf20-91/uf20-0520.cnf,SAT,0.000,0,0
benchmarks/satlib/uf20-91/uf20-0521.cnf,SAT,0.000,0,0
benchmarks/satlib/uf20-91/uf20-0522.cnf,SAT,0.000,0,0
benchmarks/satlib/uf20-91/uf20-0523.cnf,SAT,0.000,0,0
benchmarks/satlib/uf20-91/uf20-0524.cnf,SAT,0.000,0,0
benchmarks/satlib/uf20-91/uf20-0525.cnf,SAT,0.000,0,0
benchmarks/satlib/uf20-91/uf20-0526.cnf,SAT,0.000,0,0
benchmarks/satlib/uf20-91/uf20-0527.cnf,SAT,0.000,0,0
benchmarks/satlib/uf20-91/uf20-0528.cnf,SAT,0.000,0,0
benchmarks/satlib/uf20-91/uf20-0529.cnf,SAT,0.000,0,0
benchmarks/satlib/uf20-91/uf20-053.cnf,SAT,0.000,0,0
benchmarks/satlib/uf20-91/uf20-0530.cnf,SAT,0.000,0,0
benchmarks/satlib/uf20-91/uf20-0531.cnf,SAT,0.000,0,0
benchmarks/satlib/uf20-91/uf20-0532.cnf,SAT,0.000,0,0
benchmarks/satlib/uf20-91/uf20-0533.cnf,SAT,0.000,0,0
benchmarks/satlib/uf20-91/uf20-0534.cnf,SAT,0.000,0,0
benchmarks/satlib/uf20-91/uf20-0535.cnf,SAT,0.000,0,0
benchmarks/satlib/uf20-91/uf20-0536.cnf,SAT,0.000,0,0
benchmarks/satlib/uf20-91/uf20-0537.cnf,SAT,0.000,0,0
benchmarks/satlib/uf20-91/uf20-0538.cnf,SAT,0.000,0,0
benchmarks/satlib/uf20-91/uf20-0539.cnf,SAT,0.000,0,0
benchmarks/satlib/uf20-91/uf20-054.cnf,SAT,0.000,0,0
benchmarks/satlib/uf20-91/uf20-0540.cnf,SAT,0.000,0,0
benchmarks/satlib/uf20-91/uf20-0541.cnf,SAT,0.000,0,0
benchmarks/satlib/uf20-91/uf20-0542.cnf,SAT,0.000,0,0
benchmarks/satlib/uf20-91/uf20-0543.cnf,SAT,0.000,0,0
benchmarks/satlib/uf20-91/uf20-0544.cnf,SAT,0.000,0,0
benchmarks/satlib/uf20-91/uf20-0545.cnf,SAT,0.000,0,0
benchmarks/satlib/uf20-91/uf20-0546.cnf,SAT,0.000,0,0
benchmarks/satlib/uf20-91/uf20-0547.cnf,SAT,0.000,0,0
benchmarks/satlib/uf20-91/uf20-0548.cnf,SAT,0.000,0,0
benchmarks/satlib/uf20-91/uf20-0549.cnf,SAT,0.000,0,0
benchmarks/satlib/uf20-91/uf20-055.cnf,SAT,0.000,0,0
benchmarks/satlib/uf20-91/uf20-0550.cnf,SAT,0.000,0,0
benchmarks/satlib/uf20-91/uf20-0551.cnf,SAT,0.000,0,0
benchmarks/satlib/uf20-91/uf20-0552.cnf,SAT,0.000,0,0
benchmarks/satlib/uf20-91/uf20-0553.cnf,SAT,0.000,0,0
benchmarks/satlib/uf20-91/uf20-0554.cnf,SAT,0.000,0,0
benchmarks/satlib/uf20-91/uf20-0555.cnf,SAT,0.000,0,0
benchmarks/satlib/uf20-91/uf20-0556.cnf,SAT,0.000,0,0
benchmarks/satlib/uf20-91/uf20-0557.cnf,SAT,0.000,0,0
benchmarks/satlib/uf20-91/uf20-0558.cnf,SAT,0.000,0,0
benchmarks/satlib/uf20-91/uf20-0559.cnf,SAT,0.000,0,0
benchmarks/satlib/uf20-91/uf20-056.cnf,SAT,0.000,0,0
benchmarks/satlib/uf20-91/uf20-0560.cnf,SAT,0.000,0,0
benchmarks/satlib/uf20-91/uf20-0561.cnf,SAT,0.000,0,0
benchmarks/satlib/uf20-91/uf20-0562.cnf,SAT,0.000,0,0
benchmarks/satlib/uf20-91/uf20-0563.cnf,SAT,0.000,0,0
benchmarks/satlib/uf20-91/uf20-0564.cnf,SAT,0.000,0,0
benchmarks/satlib/uf20-91/uf20-0565.cnf,SAT,0.000,0,0
benchmarks/satlib/uf20-91/uf20-0566.cnf,SAT,0.000,0,0
benchmarks/satlib/uf20-91/uf20-0567.cnf,SAT,0.000,0,0
benchmarks/satlib/uf20-91/uf20-0568.cnf,SAT,0.000,0,0
benchmarks/satlib/uf20-91/uf20-0569.cnf,SAT,0.000,0,0
benchmarks/satlib/uf20-91/uf20-057.cnf,SAT,0.000,0,0
benchmarks/satlib/uf20-91/uf20-0570.cnf,SAT,0.000,0,0
benchmarks/satlib/uf20-91/uf20-0571.cnf,SAT,0.000,0,0
benchmarks/satlib/uf20-91/uf20-0572.cnf,SAT,0.000,0,0
benchmarks/satlib/uf20-91/uf20-0573.cnf,SAT,0.000,0,0
benchmarks/satlib/uf20-91/uf20-0574.cnf,SAT,0.000,0,0
benchmarks/satlib/uf20-91/uf20-0575.cnf,SAT,0.000,0,0
benchmarks/satlib/uf20-91/uf20-0576.cnf,SAT,0.000,0,0
benchmarks/satlib/uf20-91/uf20-0577.cnf,SAT,0.000,0,0
benchmarks/satlib/uf20-91/uf20-0578.cnf,SAT,0.000,0,0
benchmarks/satlib/uf20-91/uf20-0579.cnf,SAT,0.000,0,0
benchmarks/satlib/uf20-91/uf20-058.cnf,SAT,0.000,0,0
benchmarks/satlib/uf20-91/uf20-0580.cnf,SAT,0.000,0,0
benchmarks/satlib/uf20-91/uf20-0581.cnf,SAT,0.000,0,0
benchmarks/satlib/uf20-91/uf20-0582.cnf,SAT,0.000,0,0
benchmarks/satlib/uf20-91/uf20-0583.cnf,SAT,0.000,0,0
benchmarks/satlib/uf20-91/uf20-0584.cnf,SAT,0.000,0,0
benchmarks/satlib/uf20-91/uf20-0585.cnf,SAT,0.000,0,0
benchmarks/satlib/uf20-91/uf20-0586.cnf,SAT,0.000,0,0
benchmarks/satlib/uf20-91/uf20-0587.cnf,SAT,0.000,0,0
benchmarks/satlib/uf20-91/uf20-0588.cnf,SAT,0.000,0,0
benchmarks/satlib/uf20-91/uf20-0589.cnf,SAT,0.000,0,0
benchmarks/satlib/uf20-91/uf20-059.cnf,SAT,0.000,0,0
benchmarks/satlib/uf20-91/uf20-0590.cnf,SAT,0.000,0,0
benchmarks/satlib/uf20-91/uf20-0591.cnf,SAT,0.000,0,0
benchmarks/satlib/uf20-91/uf20-0592.cnf,SAT,0.000,0,0
benchmarks/satlib/uf20-91/uf20-0593.cnf,SAT,0.000,0,0
benchmarks/satlib/uf20-91/uf20-0594.cnf,SAT,0.000,0,0
benchmarks/satlib/uf20-91/uf20-0595.cnf,SAT,0.000,0,0
benchmarks/satlib/uf20-91/uf20-0596.cnf,SAT,0.000,0,0
benchmarks/satlib/uf20-91/uf20-0597.cnf,SAT,0.000,0,0
benchmarks/satlib/uf20-91/uf20-0598.cnf,SAT,0.000,0,0
benchmarks/satlib/uf20-91/uf20-0599.cnf,SAT,0.000,0,0
benchmarks/satlib/uf20-91/uf20-06.cnf,SAT,0.000,0,0
benchmarks/satlib/uf20-91/uf20-060.cnf,SAT,0.000,0,0
benchmarks/satlib/uf20-91/uf20-0600.cnf,SAT,0.000,0,0
benchmarks/satlib/uf20-91/uf20-0601.cnf,SAT,0.000,0,0
benchmarks/satlib/uf20-91/uf20-0602.cnf,SAT,0.000,0,0
benchmarks/satlib/uf20-91/uf20-0603.cnf,SAT,0.000,0,0
benchmarks/satlib/uf20-91/uf20-0604.cnf,SAT,0.000,0,0
benchmarks/satlib/uf20-91/uf20-0605.cnf,SAT,0.000,0,0
benchmarks/satlib/uf20-91/uf20-0606.cnf,SAT,0.000,0,0
benchmarks/satlib/uf20-91/uf20-0607.cnf,SAT,0.000,0,0
benchmarks/satlib/uf20-91/uf20-0608.cnf,SAT,0.000,0,0
benchmarks/satlib/uf20-91/uf20-0609.cnf,SAT,0.000,0,0
benchmarks/satlib/uf20-91/uf20-061.cnf,SAT,0.000,0,0
benchmarks/satlib/uf20-91/uf20-0610.cnf,SAT,0.000,0,0
benchmarks/satlib/uf20-91/uf20-0611.cnf,SAT,0.000,0,0
benchmarks/satlib/uf20-91/uf20-0612.cnf,SAT,0.000,0,0
benchmarks/satlib/uf20-91/uf20-0613.cnf,SAT,0.000,0,0
benchmarks/satlib/uf20-91/uf20-0614.cnf,SAT,0.000,0,0
benchmarks/satlib/uf20-91/uf20-0615.cnf,SAT,0.000,0,0
benchmarks/satlib/uf20-91/uf20-0616.cnf,SAT,0.000,0,0
benchmarks/satlib/uf20-91/uf20-0617.cnf,SAT,0.000,0,0
benchmarks/satlib/uf20-91/uf20-0618.cnf,SAT,0.000,0,0
benchmarks/satlib/uf20-91/uf20-0619.cnf,SAT,0.000,0,0
benchmarks/satlib/uf20-91/uf20-062.cnf,SAT,0.000,0,0
benchmarks/satlib/uf20-91/uf20-0620.cnf,SAT,0.000,0,0
benchmarks/satlib/uf20-91/uf20-0621.cnf,SAT,0.000,0,0
benchmarks/satlib/uf20-91/uf20-0622.cnf,SAT,0.000,0,0
benchmarks/satlib/uf20-91/uf20-0623.cnf,SAT,0.000,0,0
benchmarks/satlib/uf20-91/uf20-0624.cnf,SAT,0.000,0,0
benchmarks/satlib/uf20-91/uf20-0625.cnf,SAT,0.000,0,0
benchmarks/satlib/uf20-91/uf20-0626.cnf,SAT,0.000,0,0
benchmarks/satlib/uf20-91/uf20-0627.cnf,SAT,0.000,0,0
benchmarks/satlib/uf20-91/uf20-0628.cnf,SAT,0.000,0,0
benchmarks/satlib/uf20-91/uf20-0629.cnf,SAT,0.000,0,0
benchmarks/satlib/uf20-91/uf20-063.cnf,SAT,0.000,0,0
benchmarks/satlib/uf20-91/uf20-0630.cnf,SAT,0.000,0,0
benchmarks/satlib/uf20-91/uf20-0631.cnf,SAT,0.000,0,0
benchmarks/satlib/uf20-91/uf20-0632.cnf,SAT,0.000,0,0
benchmarks/satlib/uf20-91/uf20-0633.cnf,SAT,0.000,0,0
benchmarks/satlib/uf20-91/uf20-0634.cnf,SAT,0.000,0,0
benchmarks/satlib/uf20-91/uf20-0635.cnf,SAT,0.000,0,0
benchmarks/satlib/uf20-91/uf20-0636.cnf,SAT,0.000,0,0
benchmarks/satlib/uf20-91/uf20-0637.cnf,SAT,0.000,0,0
benchmarks/satlib/uf20-91/uf20-0638.cnf,SAT,0.000,0,0
benchmarks/satlib/uf20-91/uf20-0639.cnf,SAT,0.000,0,0
benchmarks/satlib/uf20-91/uf20-064.cnf,SAT,0.000,0,0
benchmarks/satlib/uf20-91/uf20-0640.cnf,SAT,0.000,0,0
benchmarks/satlib/uf20-91/uf20-0641.cnf,SAT,0.000,0,0
benchmarks/satlib/uf20-91/uf20-0642.cnf,SAT,0.000,0,0
benchmarks/satlib/uf20-91/uf20-0643.cnf,SAT,0.000,0,0
benchmarks/satlib/uf20-91/uf20-0644.cnf,SAT,0.000,0,0
benchmarks/satlib/uf20-91/uf20-0645.cnf,SAT,0.000,0,0
benchmarks/satlib/uf20-91/uf20-0646.cnf,SAT,0.000,0,0
benchmarks/satlib/uf20-91/uf20-0647.cnf,SAT,0.000,0,0
benchmarks/satlib/uf20-91/uf20-0648.cnf,SAT,0.000,0,0
benchmarks/satlib/uf20-91/uf20-0649.cnf,SAT,0.000,0,0
benchmarks/satlib/uf20-91/uf20-065.cnf,SAT,0.000,0,0
benchmarks/satlib/uf20-91/uf20-0650.cnf,SAT,0.000,0,0
benchmarks/satlib/uf20-91/uf20-0651.cnf,SAT,0.000,0,0
benchmarks/satlib/uf20-91/uf20-0652.cnf,SAT,0.000,0,0
benchmarks/satlib/uf20-91/uf20-0653.cnf,SAT,0.000,0,0
benchmarks/satlib/uf20-91/uf20-0654.cnf,SAT,0.000,0,0
benchmarks/satlib/uf20-91/uf20-0655.cnf,SAT,0.000,0,0
benchmarks/satlib/uf20-91/uf20-0656.cnf,SAT,0.000,0,0
benchmarks/satlib/uf20-91/uf20-0657.cnf,SAT,0.000,0,0
benchmarks/satlib/uf20-91/uf20-0658.cnf,SAT,0.000,0,0
benchmarks/satlib/uf20-91/uf20-0659.cnf,SAT,0.000,0,0
benchmarks/satlib/uf20-91/uf20-066.cnf,SAT,0.000,0,0
benchmarks/satlib/uf20-91/uf20-0660.cnf,SAT,0.000,0,0
benchmarks/satlib/uf20-91/uf20-0661.cnf,SAT,0.000,0,0
benchmarks/satlib/uf20-91/uf20-0662.cnf,SAT,0.000,0,0
benchmarks/satlib/uf20-91/uf20-0663.cnf,SAT,0.000,0,0
benchmarks/satlib/uf20-91/uf20-0664.cnf,SAT,0.000,0,0
benchmarks/satlib/uf20-91/uf20-0665.cnf,SAT,0.000,0,0
benchmarks/satlib/uf20-91/uf20-0666.cnf,SAT,0.000,0,0
benchmarks/satlib/uf20-91/uf20-0667.cnf,SAT,0.000,0,0
benchmarks/satlib/uf20-91/uf20-0668.cnf,SAT,0.000,0,0
benchmarks/satlib/uf20-91/uf20-0669.cnf,SAT,0.000,0,0
benchmarks/satlib/uf20-91/uf20-067.cnf,SAT,0.000,0,0
benchmarks/satlib/uf20-91/uf20-0670.cnf,SAT,0.000,0,0
benchmarks/satlib/uf20-91/uf20-0671.cnf,SAT,0.000,0,0
benchmarks/satlib/uf20-91/uf20-0672.cnf,SAT,0.000,0,0
benchmarks/satlib/uf20-91/uf20-0673.cnf,SAT,0.000,0,0
benchmarks/satlib/uf20-91/uf20-0674.cnf,SAT,0.000,0,0
benchmarks/satlib/uf20-91/uf20-0675.cnf,SAT,0.000,0,0
benchmarks/satlib/uf20-91/uf20-0676.cnf,SAT,0.000,0,0
benchmarks/satlib/uf20-91/uf20-0677.cnf,SAT,0.000,0,0
benchmarks/satlib/uf20-91/uf20-0678.cnf,SAT,0.000,0,0
benchmarks/satlib/uf20-91/uf20-0679.cnf,SAT,0.000,0,0
benchmarks/satlib/uf20-91/uf20-068.cnf,SAT,0.000,0,0
benchmarks/satlib/uf20-91/uf20-0680.cnf,SAT,0.000,0,0
benchmarks/satlib/uf20-91/uf20-0681.cnf,SAT,0.000,0,0
benchmarks/satlib/uf20-91/uf20-0682.cnf,SAT,0.000,0,0
benchmarks/satlib/uf20-91/uf20-0683.cnf,SAT,0.000,0,0
benchmarks/satlib/uf20-91/uf20-0684.cnf,SAT,0.000,0,0
benchmarks/satlib/uf20-91/uf20-0685.cnf,SAT,0.000,0,0
benchmarks/satlib/uf20-91/uf20-0686.cnf,SAT,0.000,0,0
benchmarks/satlib/uf20-91/uf20-0687.cnf,SAT,0.000,0,0
benchmarks/satlib/uf20-91/uf20-0688.cnf,SAT,0.000,0,0
benchmarks/satlib/uf20-91/uf20-0689.cnf,SAT,0.000,0,0
benchmarks/satlib/uf20-91/uf20-069.cnf,SAT,0.000,0,0
benchmarks/satlib/uf20-91/uf20-0690.cnf,SAT,0.000,0,0
benchmarks/satlib/uf20-91/uf20-0691.cnf,SAT,0.000,0,0
benchmarks/satlib/uf20-91/uf20-0692.cnf,SAT,0.000,0,0
benchmarks/satlib/uf20-91/uf20-0693.cnf,SAT,0.000,0,0
benchmarks/satlib/uf20-91/uf20-0694.cnf,SAT,0.000,0,0
benchmarks/satlib/uf20-91/uf20-0695.cnf,SAT,0.000,0,0
benchmarks/satlib/uf20-91/uf20-0696.cnf,SAT,0.000,0,0
benchmarks/satlib/uf20-91/uf20-0697.cnf,SAT,0.000,0,0
benchmarks/satlib/uf20-91/uf20-0698.cnf,SAT,0.000,0,0
benchmarks/satlib/uf20-91/uf20-0699.cnf,SAT,0.000,0,0
benchmarks/satlib/uf20-91/uf20-07.cnf,SAT,0.000,0,0
benchmarks/satlib/uf20-91/uf20-070.cnf,SAT,0.000,0,0
benchmarks/satlib/uf20-91/uf20-0700.cnf,SAT,0.000,0,0
benchmarks/satlib/uf20-91/uf20-0701.cnf,SAT,0.000,0,0
benchmarks/satlib/uf20-91/uf20-0702.cnf,SAT,0.000,0,0
benchmarks/satlib/uf20-91/uf20-0703.cnf,SAT,0.000,0,0
benchmarks/satlib/uf20-91/uf20-0704.cnf,SAT,0.000,0,0
benchmarks/satlib/uf20-91/uf20-0705.cnf,SAT,0.000,0,0
benchmarks/satlib/uf20-91/uf20-0706.cnf,SAT,0.000,0,0
benchmarks/satlib/uf20-91/uf20-0707.cnf,SAT,0.000,0,0
benchmarks/satlib/uf20-91/uf20-0708.cnf,SAT,0.000,0,0
benchmarks/satlib/uf20-91/uf20-0709.cnf,SAT,0.000,0,0
benchmarks/satlib/uf20-91/uf20-071.cnf,SAT,0.000,0,0
benchmarks/satlib/uf20-91/uf20-0710.cnf,SAT,0.000,0,0
benchmarks/satlib/uf20-91/uf20-0711.cnf,SAT,0.000,0,0
benchmarks/satlib/uf20-91/uf20-0712.cnf,SAT,0.000,0,0
benchmarks/satlib/uf20-91/uf20-0713.cnf,SAT,0.000,0,0
benchmarks/satlib/uf20-91/uf20-0714.cnf,SAT,0.000,0,0
benchmarks/satlib/uf20-91/uf20-0715.cnf,SAT,0.000,0,0
benchmarks/satlib/uf20-91/uf20-0716.cnf,SAT,0.000,0,0
benchmarks/satlib/uf20-91/uf20-0717.cnf,SAT,0.000,0,0
benchmarks/satlib/uf20-91/uf20-0718.cnf,SAT,0.000,0,0
benchmarks/satlib/uf20-91/uf20-0719.cnf,SAT,0.000,0,0
benchmarks/satlib/uf20-91/uf20-072.cnf,SAT,0.000,0,0
benchmarks/satlib/uf20-91/uf20-0720.cnf,SAT,0.000,0,0
benchmarks/satlib/uf20-91/uf20-0721.cnf,SAT,0.000,0,0
benchmarks/satlib/uf20-91/uf20-0722.cnf,SAT,0.000,0,0
benchmarks/satlib/uf20-91/uf20-0723.cnf,SAT,0.000,0,0
benchmarks/satlib/uf20-91/uf20-0724.cnf,SAT,0.000,0,0
benchmarks/satlib/uf20-91/uf20-0725.cnf,SAT,0.000,0,0
benchmarks/satlib/uf20-91/uf20-0726.cnf,SAT,0.000,0,0
benchmarks/satlib/uf20-91/uf20-0727.cnf,SAT,0.000,0,0
benchmarks/satlib/uf20-91/uf20-0728.cnf,SAT,0.000,0,0
benchmarks/satlib/uf20-91/uf20-0729.cnf,SAT,0.000,0,0
benchmarks/satlib/uf20-91/uf20-073.cnf,SAT,0.000,0,0
benchmarks/satlib/uf20-91/uf20-0730.cnf,SAT,0.000,0,0
benchmarks/satlib/uf20-91/uf20-0731.cnf,SAT,0.000,0,0
benchmarks/satlib/uf20-91/uf20-0732.cnf,SAT,0.000,0,0
benchmarks/satlib/uf20-91/uf20-0733.cnf,SAT,0.000,0,0
benchmarks/satlib/uf20-91/uf20-0734.cnf,SAT,0.000,0,0
benchmarks/satlib/uf20-91/uf20-0735.cnf,SAT,0.000,0,0
benchmarks/satlib/uf20-91/uf20-0736.cnf,SAT,0.000,0,0
benchmarks/satlib/uf20-91/uf20-0737.cnf,SAT,0.000,0,0
benchmarks/satlib/uf20-91/uf20-0738.cnf,SAT,0.000,0,0
benchmarks/satlib/uf20-91/uf20-0739.cnf,SAT,0.000,0,0
benchmarks/satlib/uf20-91/uf20-074.cnf,SAT,0.000,0,0
benchmarks/satlib/uf20-91/uf20-0740.cnf,SAT,0.000,0,0
benchmarks/satlib/uf20-91/uf20-0741.cnf,SAT,0.000,0,0
benchmarks/satlib/uf20-91/uf20-0742.cnf,SAT,0.000,0,0
benchmarks/satlib/uf20-91/uf20-0743.cnf,SAT,0.000,0,0
benchmarks/satlib/uf20-91/uf20-0744.cnf,SAT,0.000,0,0
benchmarks/satlib/uf20-91/uf20-0745.cnf,SAT,0.000,0,0
benchmarks/satlib/uf20-91/uf20-0746.cnf,SAT,0.000,0,0
benchmarks/satlib/uf20-91/uf20-0747.cnf,SAT,0.000,0,0
benchmarks/satlib/uf20-91/uf20-0748.cnf,SAT,0.000,0,0
benchmarks/satlib/uf20-91/uf20-0749.cnf,SAT,0.000,0,0
benchmarks/satlib/uf20-91/uf20-075.cnf,SAT,0.000,0,0
benchmarks/satlib/uf20-91/uf20-0750.cnf,SAT,0.000,0,0
benchmarks/satlib/uf20-91/uf20-0751.cnf,SAT,0.000,0,0
benchmarks/satlib/uf20-91/uf20-0752.cnf,SAT,0.000,0,0
benchmarks/satlib/uf20-91/uf20-0753.cnf,SAT,0.000,0,0
benchmarks/satlib/uf20-91/uf20-0754.cnf,SAT,0.000,0,0
benchmarks/satlib/uf20-91/uf20-0755.cnf,SAT,0.000,0,0
benchmarks/satlib/uf20-91/uf20-0756.cnf,SAT,0.000,0,0
benchmarks/satlib/uf20-91/uf20-0757.cnf,SAT,0.000,0,0
benchmarks/satlib/uf20-91/uf20-0758.cnf,SAT,0.000,0,0
benchmarks/satlib/uf20-91/uf20-0759.cnf,SAT,0.000,0,0
benchmarks/satlib/uf20-91/uf20-076.cnf,SAT,0.000,0,0
benchmarks/satlib/uf20-91/uf20-0760.cnf,SAT,0.000,0,0
benchmarks/satlib/uf20-91/uf20-0761.cnf,SAT,0.000,0,0
benchmarks/satlib/uf20-91/uf20-0762.cnf,SAT,0.000,0,0
benchmarks/satlib/uf20-91/uf20-0763.cnf,SAT,0.000,0,0
benchmarks/satlib/uf20-91/uf20-0764.cnf,SAT,0.000,0,0
benchmarks/satlib/uf20-91/uf20-0765.cnf,SAT,0.000,0,0
benchmarks/satlib/uf20-91/uf20-0766.cnf,SAT,0.000,0,0
benchmarks/satlib/uf20-91/uf20-0767.cnf,SAT,0.000,0,0
benchmarks/satlib/uf20-91/uf20-0768.cnf,SAT,0.000,0,0
benchmarks/satlib/uf20-91/uf20-0769.cnf,SAT,0.000,0,0
benchmarks/satlib/uf20-91/uf20-077.cnf,SAT,0.000,0,0
benchmarks/satlib/uf20-91/uf20-0770.cnf,SAT,0.000,0,0
benchmarks/satlib/uf20-91/uf20-0771.cnf,SAT,0.000,0,0
benchmarks/satlib/uf20-91/uf20-0772.cnf,SAT,0.000,0,0
benchmarks/satlib/uf20-91/uf20-0773.cnf,SAT,0.000,0,0
benchmarks/satlib/uf20-91/uf20-0774.cnf,SAT,0.000,0,0
benchmarks/satlib/uf20-91/uf20-0775.cnf,SAT,0.000,0,0
benchmarks/satlib/uf20-91/uf20-0776.cnf,SAT,0.000,0,0
benchmarks/satlib/uf20-91/uf20-0777.cnf,SAT,0.000,0,0
benchmarks/satlib/uf20-91/uf20-0778.cnf,SAT,0.000,0,0
benchmarks/satlib/uf20-91/uf20-0779.cnf,SAT,0.000,0,0
benchmarks/satlib/uf20-91/uf20-078.cnf,SAT,0.000,0,0
benchmarks/satlib/uf20-91/uf20-0780.cnf,SAT,0.000,0,0
benchmarks/satlib/uf20-91/uf20-0781.cnf,SAT,0.000,0,0
benchmarks/satlib/uf20-91/uf20-0782.cnf,SAT,0.000,0,0
benchmarks/satlib/uf20-91/uf20-0783.cnf,SAT,0.000,0,0
benchmarks/satlib/uf20-91/uf20-0784.cnf,SAT,0.000,0,0
benchmarks/satlib/uf20-91/uf20-0785.cnf,SAT,0.000,0,0
benchmarks/satlib/uf20-91/uf20-0786.cnf,SAT,0.000,0,0
benchmarks/satlib/uf20-91/uf20-0787.cnf,SAT,0.000,0,0
benchmarks/satlib/uf20-91/uf20-0788.cnf,SAT,0.000,0,0
benchmarks/satlib/uf20-91/uf20-0789.cnf,SAT,0.000,0,0
benchmarks/satlib/uf20-91/uf20-079.cnf,SAT,0.000,0,0
benchmarks/satlib/uf20-91/uf20-0790.cnf,SAT,0.000,0,0
benchmarks/satlib/uf20-91/uf20-0791.cnf,SAT,0.000,0,0
benchmarks/satlib/uf20-91/uf20-0792.cnf,SAT,0.000,0,0
benchmarks/satlib/uf20-91/uf20-0793.cnf,SAT,0.000,0,0
benchmarks/satlib/uf20-91/uf20-0794.cnf,SAT,0.000,0,0
benchmarks/satlib/uf20-91/uf20-0795.cnf,SAT,0.000,0,0
benchmarks/satlib/uf20-91/uf20-0796.cnf,SAT,0.000,0,0
benchmarks/satlib/uf20-91/uf20-0797.cnf,SAT,0.000,0,0
benchmarks/satlib/uf20-91/uf20-0798.cnf,SAT,0.000,0,0
benchmarks/satlib/uf20-91/uf20-0799.cnf,SAT,0.000,0,0
benchmarks/satlib/uf20-91/uf20-08.cnf,SAT,0.000,0,0
benchmarks/satlib/uf20-91/uf20-080.cnf,SAT,0.000,0,0
benchmarks/satlib/uf20-91/uf20-0800.cnf,SAT,0.000,0,0
benchmarks/satlib/uf20-91/uf20-0801.cnf,SAT,0.000,0,0
benchmarks/satlib/uf20-91/uf20-0802.cnf,SAT,0.000,0,0
benchmarks/satlib/uf20-91/uf20-0803.cnf,SAT,0.000,0,0
benchmarks/satlib/uf20-91/uf20-0804.cnf,SAT,0.000,0,0
benchmarks/satlib/uf20-91/uf20-0805.cnf,SAT,0.000,0,0
benchmarks/satlib/uf20-91/uf20-0806.cnf,SAT,0.000,0,0
benchmarks/satlib/uf20-91/uf20-0807.cnf,SAT,0.000,0,0
benchmarks/satlib/uf20-91/uf20-0808.cnf,SAT,0.000,0,0
benchmarks/satlib/uf20-91/uf20-0809.cnf,SAT,0.000,0,0
benchmarks/satlib/uf20-91/uf20-081.cnf,SAT,0.000,0,0
benchmarks/satlib/uf20-91/uf20-0810.cnf,SAT,0.000,0,0
benchmarks/satlib/uf20-91/uf20-0811.cnf,SAT,0.000,0,0
benchmarks/satlib/uf20-91/uf20-0812.cnf,SAT,0.000,0,0
benchmarks/satlib/uf20-91/uf20-0813.cnf,SAT,0.000,0,0
benchmarks/satlib/uf20-91/uf20-0814.cnf,SAT,0.000,0,0
benchmarks/satlib/uf20-91/uf20-0815.cnf,SAT,0.000,0,0
benchmarks/satlib/uf20-91/uf20-0816.cnf,SAT,0.000,0,0
benchmarks/satlib/uf20-91/uf20-0817.cnf,SAT,0.000,0,0
benchmarks/satlib/uf20-91/uf20-0818.cnf,SAT,0.000,0,0
benchmarks/satlib/uf20-91/uf20-0819.cnf,SAT,0.000,0,0
benchmarks/satlib/uf20-91/uf20-082.cnf,SAT,0.000,0,0
benchmarks/satlib/uf20-91/uf20-0820.cnf,SAT,0.000,0,0
benchmarks/satlib/uf20-91/uf20-0821.cnf,SAT,0.000,0,0
benchmarks/satlib/uf20-91/uf20-0822.cnf,SAT,0.000,0,0
benchmarks/satlib/uf20-91/uf20-0823.cnf,SAT,0.000,0,0
benchmarks/satlib/uf20-91/uf20-0824.cnf,SAT,0.000,0,0
benchmarks/satlib/uf20-91/uf20-0825.cnf,SAT,0.000,0,0
benchmarks/satlib/uf20-91/uf20-0826.cnf,SAT,0.000,0,0
benchmarks/satlib/uf20-91/uf20-0827.cnf,SAT,0.000,0,0
benchmarks/satlib/uf20-91/uf20-0828.cnf,SAT,0.000,0,0
benchmarks/satlib/uf20-91/uf20-0829.cnf,SAT,0.000,0,0
benchmarks/satlib/uf20-91/uf20-083.cnf,SAT,0.000,0,0
benchmarks/satlib/uf20-91/uf20-0830.cnf,SAT,0.000,0,0
benchmarks/satlib/uf20-91/uf20-0831.cnf,SAT,0.000,0,0
benchmarks/satlib/uf20-91/uf20-0832.cnf,SAT,0.000,0,0
benchmarks/satlib/uf20-91/uf20-0833.cnf,SAT,0.000,0,0
benchmarks/satlib/uf20-91/uf20-0834.cnf,SAT,0.000,0,0
benchmarks/satlib/uf20-91/uf20-0835.cnf,SAT,0.000,0,0
benchmarks/satlib/uf20-91/uf20-0836.cnf,SAT,0.000,0,0
benchmarks/satlib/uf20-91/uf20-0837.cnf,SAT,0.000,0,0
benchmarks/satlib/uf20-91/uf20-0838.cnf,SAT,0.000,0,0
benchmarks/satlib/uf20-91/uf20-0839.cnf,SAT,0.000,0,0
benchmarks/satlib/uf20-91/uf20-084.cnf,SAT,0.000,0,0
benchmarks/satlib/uf20-91/uf20-0840.cnf,SAT,0.000,0,0
benchmarks/satlib/uf20-91/uf20-0841.cnf,SAT,0.000,0,0
benchmarks/satlib/uf20-91/uf20-0842.cnf,SAT,0.000,0,0
benchmarks/satlib/uf20-91/uf20-0843.cnf,SAT,0.000,0,0
benchmarks/satlib/uf20-91/uf20-0844.cnf,SAT,0.000,0,0
benchmarks/satlib/uf20-91/uf20-0845.cnf,SAT,0.000,0,0
benchmarks/satlib/uf20-91/uf20-0846.cnf,SAT,0.000,0,0
benchmarks/satlib/uf20-91/uf20-0847.cnf,SAT,0.000,0,0
benchmarks/satlib/uf20-91/uf20-0848.cnf,SAT,0.000,0,0
benchmarks/satlib/uf20-91/uf20-0849.cnf,SAT,0.000,0,0
benchmarks/satlib/uf20-91/uf20-085.cnf,SAT,0.000,0,0
benchmarks/satlib/uf20-91/uf20-0850.cnf,SAT,0.000,0,0
benchmarks/satlib/uf20-91/uf20-0851.cnf,SAT,0.000,0,0
benchmarks/satlib/uf20-91/uf20-0852.cnf,SAT,0.000,0,0
benchmarks/satlib/uf20-91/uf20-0853.cnf,SAT,0.000,0,0
benchmarks/satlib/uf20-91/uf20-0854.cnf,SAT,0.000,0,0
benchmarks/satlib/uf20-91/uf20-0855.cnf,SAT,0.000,0,0
benchmarks/satlib/uf20-91/uf20-0856.cnf,SAT,0.000,0,0
benchmarks/satlib/uf20-91/uf20-0857.cnf,SAT,0.000,0,0
benchmarks/satlib/uf20-91/uf20-0858.cnf,SAT,0.000,0,0
benchmarks/satlib/uf20-91/uf20-0859.cnf,SAT,0.000,0,0
benchmarks/satlib/uf20-91/uf20-086.cnf,SAT,0.000,0,0
benchmarks/satlib/uf20-91/uf20-0860.cnf,SAT,0.000,0,0
benchmarks/satlib/uf20-91/uf20-0861.cnf,SAT,0.000,0,0
benchmarks/satlib/uf20-91/uf20-0862.cnf,SAT,0.000,0,0
benchmarks/satlib/uf20-91/uf20-0863.cnf,SAT,0.000,0,0
benchmarks/satlib/uf20-91/uf20-0864.cnf,SAT,0.000,0,0
benchmarks/satlib/uf20-91/uf20-0865.cnf,SAT,0.000,0,0
benchmarks/satlib/uf20-91/uf20-0866.cnf,SAT,0.000,0,0
benchmarks/satlib/uf20-91/uf20-0867.cnf,SAT,0.000,0,0
benchmarks/satlib/uf20-91/uf20-0868.cnf,SAT,0.000,0,0
benchmarks/satlib/uf20-91/uf20-0869.cnf,SAT,0.000,0,0
benchmarks/satlib/uf20-91/uf20-087.cnf,SAT,0.000,0,0
benchmarks/satlib/uf20-91/uf20-0870.cnf,SAT,0.000,0,0
benchmarks/satlib/uf20-91/uf20-0871.cnf,SAT,0.000,0,0
benchmarks/satlib/uf20-91/uf20-0872.cnf,SAT,0.000,0,0
benchmarks/satlib/uf20-91/uf20-0873.cnf,SAT,0.000,0,0
benchmarks/satlib/uf20-91/uf20-0874.cnf,SAT,0.000,0,0
benchmarks/satlib/uf20-91/uf20-0875.cnf,SAT,0.000,0,0
benchmarks/satlib/uf20-91/uf20-0876.cnf,SAT,0.000,0,0
benchmarks/satlib/uf20-91/uf20-0877.cnf,SAT,0.000,0,0
benchmarks/satlib/uf20-91/uf20-0878.cnf,SAT,0.000,0,0
benchmarks/satlib/uf20-91/uf20-0879.cnf,SAT,0.000,0,0
benchmarks/satlib/uf20-91/uf20-088.cnf,SAT,0.000,0,0
benchmarks/satlib/uf20-91/uf20-0880.cnf,SAT,0.000,0,0
benchmarks/satlib/uf20-91/uf20-0881.cnf,SAT,0.000,0,0
benchmarks/satlib/uf20-91/uf20-0882.cnf,SAT,0.000,0,0
benchmarks/satlib/uf20-91/uf20-0883.cnf,SAT,0.000,0,0
benchmarks/satlib/uf20-91/uf20-0884.cnf,SAT,0.000,0,0
benchmarks/satlib/uf20-91/uf20-0885.cnf,SAT,0.000,0,0
benchmarks/satlib/uf20-91/uf20-0886.cnf,SAT,0.000,0,0
benchmarks/satlib/uf20-91/uf20-0887.cnf,SAT,0.000,0,0
benchmarks/satlib/uf20-91/uf20-0888.cnf,SAT,0.000,0,0
benchmarks/satlib/uf20-91/uf20-0889.cnf,SAT,0.000,0,0
benchmarks/satlib/uf20-91/uf20-089.cnf,SAT,0.000,0,0
benchmarks/satlib/uf20-91/uf20-0890.cnf,SAT,0.000,0,0
benchmarks/satlib/uf20-91/uf20-0891.cnf,SAT,0.000,0,0
benchmarks/satlib/uf20-91/uf20-0892.cnf,SAT,0.000,0,0
benchmarks/satlib/uf20-91/uf20-0893.cnf,SAT,0.000,0,0
benchmarks/satlib/uf20-91/uf20-0894.cnf,SAT,0.000,0,0
benchmarks/satlib/uf20-91/uf20-0895.cnf,SAT,0.000,0,0
benchmarks/satlib/uf20-91/uf20-0896.cnf,SAT,0.000,0,0
benchmarks/satlib/uf20-91/uf20-0897.cnf,SAT,0.000,0,0
benchmarks/satlib/uf20-91/uf20-0898.cnf,SAT,0.000,0,0
benchmarks/satlib/uf20-91/uf20-0899.cnf,SAT,0.000,0,0
benchmarks/satlib/uf20-91/uf20-09.cnf,SAT,0.000,0,0
benchmarks/satlib/uf20-91/uf20-090.cnf,SAT,0.000,0,0
benchmarks/satlib/uf20-91/uf20-0900.cnf,SAT,0.000,0,0
benchmarks/satlib/uf20-91/uf20-0901.cnf,SAT,0.000,0,0
benchmarks/satlib/uf20-91/uf20-0902.cnf,SAT,0.000,0,0
benchmarks/satlib/uf20-91/uf20-0903.cnf,SAT,0.000,0,0
benchmarks/satlib/uf20-91/uf20-0904.cnf,SAT,0.000,0,0
benchmarks/satlib/uf20-91/uf20-0905.cnf,SAT,0.000,0,0
benchmarks/satlib/uf20-91/uf20-0906.cnf,SAT,0.000,0,0
benchmarks/satlib/uf20-91/uf20-0907.cnf,SAT,0.000,0,0
benchmarks/satlib/uf20-91/uf20-0908.cnf,SAT,0.000,0,0
benchmarks/satlib/uf20-91/uf20-0909.cnf,SAT,0.000,0,0
benchmarks/satlib/uf20-91/uf20-091.cnf,SAT,0.000,0,0
benchmarks/satlib/uf20-91/uf20-0910.cnf,SAT,0.000,0,0
benchmarks/satlib/uf20-91/uf20-0911.cnf,SAT,0.000,0,0
benchmarks/satlib/uf20-91/uf20-0912.cnf,SAT,0.000,0,0
benchmarks/satlib/uf20-91/uf20-0913.cnf,SAT,0.000,0,0
benchmarks/satlib/uf20-91/uf20-0914.cnf,SAT,0.000,0,0
benchmarks/satlib/uf20-91/uf20-0915.cnf,SAT,0.000,0,0
benchmarks/satlib/uf20-91/uf20-0916.cnf,SAT,0.000,0,0
benchmarks/satlib/uf20-91/uf20-0917.cnf,SAT,0.000,0,0
benchmarks/satlib/uf20-91/uf20-0918.cnf,SAT,0.000,0,0
benchmarks/satlib/uf20-91/uf20-0919.cnf,SAT,0.000,0,0
benchmarks/satlib/uf20-91/uf20-092.cnf,SAT,0.000,0,0
benchmarks/satlib/uf20-91/uf20-0920.cnf,SAT,0.000,0,0
benchmarks/satlib/uf20-91/uf20-0921.cnf,SAT,0.000,0,0
benchmarks/satlib/uf20-91/uf20-0922.cnf,SAT,0.000,0,0
benchmarks/satlib/uf20-91/uf20-0923.cnf,SAT,0.000,0,0
benchmarks/satlib/uf20-91/uf20-0924.cnf,SAT,0.000,0,0
benchmarks/satlib/uf20-91/uf20-0925.cnf,SAT,0.000,0,0
benchmarks/satlib/uf20-91/uf20-0926.cnf,SAT,0.000,0,0
benchmarks/satlib/uf20-91/uf20-0927.cnf,SAT,0.000,0,0
benchmarks/satlib/uf20-91/uf20-0928.cnf,SAT,0.000,0,0
benchmarks/satlib/uf20-91/uf20-0929.cnf,SAT,0.000,0,0
benchmarks/satlib/uf20-91/uf20-093.cnf,SAT,0.000,0,0
benchmarks/satlib/uf20-91/uf20-0930.cnf,SAT,0.000,0,0
benchmarks/satlib/uf20-91/uf20-0931.cnf,SAT,0.000,0,0
benchmarks/satlib/uf20-91/uf20-0932.cnf,SAT,0.000,0,0
benchmarks/satlib/uf20-91/uf20-0933.cnf,SAT,0.000,0,0
benchmarks/satlib/uf20-91/uf20-0934.cnf,SAT,0.000,0,0
benchmarks/satlib/uf20-91/uf20-0935.cnf,SAT,0.000,0,0
benchmarks/satlib/uf20-91/uf20-0936.cnf,SAT,0.000,0,0
benchmarks/satlib/uf20-91/uf20-0937.cnf,SAT,0.000,0,0
benchmarks/satlib/uf20-91/uf20-0938.cnf,SAT,0.000,0,0
benchmarks/satlib/uf20-91/uf20-0939.cnf,SAT,0.000,0,0
benchmarks/satlib/uf20-91/uf20-094.cnf,SAT,0.000,0,0
benchmarks/satlib/uf20-91/uf20-0940.cnf,SAT,0.000,0,0
benchmarks/satlib/uf20-91/uf20-0941.cnf,SAT,0.000,0,0
benchmarks/satlib/uf20-91/uf20-0942.cnf,SAT,0.000,0,0
benchmarks/satlib/uf20-91/uf20-0943.cnf,SAT,0.000,0,0
benchmarks/satlib/uf20-91/uf20-0944.cnf,SAT,0.000,0,0
benchmarks/satlib/uf20-91/uf20-0945.cnf,SAT,0.000,0,0
benchmarks/satlib/uf20-91/uf20-0946.cnf,SAT,0.000,0,0
benchmarks/satlib/uf20-91/uf20-0947.cnf,SAT,0.000,0,0
benchmarks/satlib/uf20-91/uf20-0948.cnf,SAT,0.000,0,0
benchmarks/satlib/uf20-91/uf20-0949.cnf,SAT,0.000,0,0
benchmarks/satlib/uf20-91/uf20-095.cnf,SAT,0.000,0,0
benchmarks/satlib/uf20-91/uf20-0950.cnf,SAT,0.000,0,0
benchmarks/satlib/uf20-91/uf20-0951.cnf,SAT,0.000,0,0
benchmarks/satlib/uf20-91/uf20-0952.cnf,SAT,0.000,0,0
benchmarks/satlib/uf20-91/uf20-0953.cnf,SAT,0.000,0,0
benchmarks/satlib/uf20-91/uf20-0954.cnf,SAT,0.000,0,0
benchmarks/satlib/uf20-91/uf20-0955.cnf,SAT,0.000,0,0
benchmarks/satlib/uf20-91/uf20-0956.cnf,SAT,0.000,0,0
benchmarks/satlib/uf20-91/uf20-0957.cnf,SAT,0.000,0,0
benchmarks/satlib/uf20-91/uf20-0958.cnf,SAT,0.000,0,0
benchmarks/satlib/uf20-91/uf20-0959.cnf,SAT,0.000,0,0
benchmarks/satlib/uf20-91/uf20-096.cnf,SAT,0.000,0,0
benchmarks/satlib/uf20-91/uf20-0960.cnf,SAT,0.000,0,0
benchmarks/satlib/uf20-91/uf20-0961.cnf,SAT,0.000,0,0
benchmarks/satlib/uf20-91/uf20-0962.cnf,SAT,0.000,0,0
benchmarks/satlib/uf20-91/uf20-0963.cnf,SAT,0.000,0,0
benchmarks/satlib/uf20-91/uf20-0964.cnf,SAT,0.000,0,0
benchmarks/satlib/uf20-91/uf20-0965.cnf,SAT,0.000,0,0
benchmarks/satlib/uf20-91/uf20-0966.cnf,SAT,0.000,0,0
benchmarks/satlib/uf20-91/uf20-0967.cnf,SAT,0.000,0,0
benchmarks/satlib/uf20-91/uf20-0968.cnf,SAT,0.000,0,0
benchmarks/satlib/uf20-91/uf20-0969.cnf,SAT,0.000,0,0
benchmarks/satlib/uf20-91/uf20-097.cnf,SAT,0.000,0,0
benchmarks/satlib/uf20-91/uf20-0970.cnf,SAT,0.000,0,0
benchmarks/satlib/uf20-91/uf20-0971.cnf,SAT,0.000,0,0
benchmarks/satlib/uf20-91/uf20-0972.cnf,SAT,0.000,0,0
benchmarks/satlib/uf20-91/uf20-0973.cnf,SAT,0.000,0,0
benchmarks/satlib/uf20-91/uf20-0974.cnf,SAT,0.000,0,0
benchmarks/satlib/uf20-91/uf20-0975.cnf,SAT,0.000,0,0
benchmarks/satlib/uf20-91/uf20-0976.cnf,SAT,0.000,0,0
benchmarks/satlib/uf20-91/uf20-0977.cnf,SAT,0.000,0,0
benchmarks/satlib/uf20-91/uf20-0978.cnf,SAT,0.000,0,0
benchmarks/satlib/uf20-91/uf20-0979.cnf,SAT,0.000,0,0
benchmarks/satlib/uf20-91/uf20-098.cnf,SAT,0.000,0,0
benchmarks/satlib/uf20-91/uf20-0980.cnf,SAT,0.000,0,0
benchmarks/satlib/uf20-91/uf20-0981.cnf,SAT,0.000,0,0
benchmarks/satlib/uf20-91/uf20-0982.cnf,SAT,0.000,0,0
benchmarks/satlib/uf20-91/uf20-0983.cnf,SAT,0.000,0,0
benchmarks/satlib/uf20-91/uf20-0984.cnf,SAT,0.000,0,0
benchmarks/satlib/uf20-91/uf20-0985.cnf,SAT,0.000,0,0
benchmarks/satlib/uf20-91/uf20-0986.cnf,SAT,0.000,0,0
benchmarks/satlib/uf20-91/uf20-0987.cnf,SAT,0.000,0,0
benchmarks/satlib/uf20-91/uf20-0988.cnf,SAT,0.000,0,0
benchmarks/satlib/uf20-91/uf20-0989.cnf,SAT,0.000,0,0
benchmarks/satlib/uf20-91/uf20-099.cnf,SAT,0.000,0,0
benchmarks/satlib/uf20-91/uf20-0990.cnf,SAT,0.000,0,0
benchmarks/satlib/uf20-91/uf20-0991.cnf,SAT,0.000,0,0
benchmarks/satlib/uf20-91/uf20-0992.cnf,SAT,0.000,0,0
benchmarks/satlib/uf20-91/uf20-0993.cnf,SAT,0.000,0,0
benchmarks/satlib/uf20-91/uf20-0994.cnf,SAT,0.000,0,0
benchmarks/satlib/uf20-91/uf20-0995.cnf,SAT,0.000,0,0
benchmarks/satlib/uf20-91/uf20-0996.cnf,SAT,0.000,0,0
benchmarks/satlib/uf20-91/uf20-0997.cnf,SAT,0.000,0,0
benchmarks/satlib/uf20-91/uf20-0998.cnf,SAT,0.000,0,0
benchmarks/satlib/uf20-91/uf20-0999.cnf,SAT,0.000,0,0
benchmarks/satlib/uf200-860/uf200-01.cnf,SAT,0.251,89,12049
benchmarks/satlib/uf200-860/uf200-010.cnf,SAT,1.238,253,47792
benchmarks/satlib/uf200-860/uf200-0100.cnf,SAT,5.515,537,141327
benchmarks/satlib/uf200-860/uf200-011.cnf,SAT,0.012,12,0
benchmarks/satlib/uf200-860/uf200-012.cnf,SAT,0.080,37,3418
benchmarks/satlib/uf200-860/uf200-013.cnf,SAT,0.444,125,18983
benchmarks/satlib/uf200-860/uf200-014.cnf,SAT,0.017,14,0
benchmarks/satlib/uf200-860/uf200-015.cnf,SAT,0.102,52,4833
benchmarks/satlib/uf200-860/uf200-016.cnf,SAT,0.075,36,3414
benchmarks/satlib/uf200-860/uf200-017.cnf,SAT,0.354,123,16551
benchmarks/satlib/uf200-860/uf200-018.cnf,SAT,0.099,48,4845
benchmarks/satlib/uf200-860/uf200-019.cnf,SAT,0.571,141,27276
benchmarks/satlib/uf200-860/uf200-02.cnf,SAT,0.479,126,21553
benchmarks/satlib/uf200-860/uf200-020.cnf,SAT,3.149,381,83499
benchmarks/satlib/uf200-860/uf200-021.cnf,SAT,0.097,60,6427
benchmarks/satlib/uf200-860/uf200-022.cnf,SAT,0.330,126,21543
benchmarks/satlib/uf200-860/uf200-023.cnf,SAT,0.161,89,12060
benchmarks/satlib/uf200-860/uf200-024.cnf,SAT,0.705,222,40197
benchmarks/satlib/uf200-860/uf200-025.cnf,SAT,0.061,44,4830
benchmarks/satlib/uf200-860/uf200-026.cnf,SAT,0.491,161,30265
benchmarks/satlib/uf200-860/uf200-027.cnf,UNKNOWN,10.042,892,230528
benchmarks/satlib/uf200-860/uf200-028.cnf,SAT,0.008,8,0
benchmarks/satlib/uf200-860/uf200-029.cnf,SAT,0.161,62,8128
benchmarks/satlib/uf200-860/uf200-03.cnf,SAT,0.047,29,2134
benchmarks/satlib/uf200-860/uf200-030.cnf,SAT,2.537,381,83575
benchmarks/satlib/uf200-860/uf200-031.cnf,SAT,0.122,55,6415
benchmarks/satlib/uf200-860/uf200-032.cnf,SAT,3.965,509,116277
benchmarks/satlib/uf200-860/uf200-033.cnf,SAT,0.006,6,0
benchmarks/satlib/uf200-860/uf200-034.cnf,SAT,0.483,126,21651
benchmarks/satlib/uf200-860/uf200-035.cnf,SAT,0.095,44,4850
benchmarks/satlib/uf200-860/uf200-036.cnf,SAT,2.497,317,68916
benchmarks/satlib/uf200-860/uf200-037.cnf,SAT,4.372,510,134662
benchmarks/satlib/uf200-860/uf200-038.cnf,SAT,0.517,129,24346
benchmarks/satlib/uf200-860/uf200-039.cnf,SAT,0.443,126,21623
benchmarks/satlib/uf200-860/uf200-04.cnf,SAT,0.873,209,36821
benchmarks/satlib/uf200-860/uf200-040.cnf,SAT,0.042,28,2131
benchmarks/satlib/uf200-860/uf200-041.cnf,SAT,1.399,254,51779
benchmarks/satlib/uf200-860/uf200-042.cnf,SAT,0.430,126,21655
benchmarks/satlib/uf200-860/uf200-043.cnf,SAT,5.862,570,148111
benchmarks/satlib/uf200-860/uf200-044.cnf,SAT,0.098,45,4851
benchmarks/satlib/uf200-860/uf200-045.cnf,SAT,0.045,29,2119
benchmarks/satlib/uf200-860/uf200-046.cnf,SAT,0.067,30,3414
benchmarks/satlib/uf200-860/uf200-047.cnf,SAT,0.114,55,6427
benchmarks/satlib/uf200-860/uf200-048.cnf,SAT,0.841,207,36889
benchmarks/satlib/uf200-860/uf200-049.cnf,SAT,0.936,223,40448
benchmarks/satlib/uf200-860/uf200-05.cnf,SAT,0.099,45,4832
benchmarks/satlib/uf200-860/uf200-050.cnf,SAT,0.248,90,12019
benchmarks/satlib/uf200-860/uf200-051.cnf,SAT,0.108,52,4859
benchmarks/satlib/uf200-860/uf200-052.cnf,SAT,0.096,45,4836
benchmarks/satlib/uf200-860/uf200-053.cnf,SAT,0.016,14,0
benchmarks/satlib/uf200-860/uf200-054.cnf,SAT,1.033,250,44058
benchmarks/satlib/uf200-860/uf200-055.cnf,SAT,0.003,3,0
benchmarks/satlib/uf200-860/uf200-056.cnf,SAT,0.025,16,994
benchmarks/satlib/uf200-860/uf200-057.cnf,SAT,0.052,30,2126
benchmarks/satlib/uf200-860/uf200-058.cnf,SAT,0.118,59,6409
benchmarks/satlib/uf200-860/uf200-059.cnf,SAT,1.708,269,60043
benchmarks/satlib/uf200-860/uf200-06.cnf,SAT,0.666,155,27254
benchmarks/satlib/uf200-860/uf200-060.cnf,SAT,0.720,168,30343
benchmarks/satlib/uf200-860/uf200-061.cnf,SAT,0.002,2,0
benchmarks/satlib/uf200-860/uf200-062.cnf,SAT,0.065,31,3406
benchmarks/satlib/uf200-860/uf200-063.cnf,SAT,1.777,265,60053
benchmarks/satlib/uf200-860/uf200-064.cnf,SAT,0.020,14,0
benchmarks/satlib/uf200-860/uf200-065.cnf,SAT,0.038,26,985
benchmarks/satlib/uf200-860/uf200-066.cnf,SAT,0.200,75,10024
benchmarks/satlib/uf200-860/uf200-067.cnf,SAT,0.013,13,0
benchmarks/satlib/uf200-860/uf200-068.cnf,SAT,0.533,136,24343
benchmarks/satlib/uf200-860/uf200-069.cnf,SAT,0.071,36,3413
benchmarks/satlib/uf200-860/uf200-07.cnf,SAT,3.006,482,104454
benchmarks/satlib/uf200-860/uf200-070.cnf,SAT,0.119,61,8163
benchmarks/satlib/uf200-860/uf200-071.cnf,SAT,0.479,126,24407
benchmarks/satlib/uf200-860/uf200-072.cnf,SAT,0.340,122,16537
benchmarks/satlib/uf200-860/uf200-073.cnf,SAT,0.043,29,2123
benchmarks/satlib/uf200-860/uf200-074.cnf,SAT,0.349,123,16518
benchmarks/satlib/uf200-860/uf200-075.cnf,SAT,0.262,93,14215
benchmarks/satlib/uf200-860/uf200-076.cnf,SAT,0.028,21,991
benchmarks/satlib/uf200-860/uf200-077.cnf,SAT,0.031,21,989
benchmarks/satlib/uf200-860/uf200-078.cnf,SAT,0.100,50,4826
benchmarks/satlib/uf200-860/uf200-079.cnf,SAT,0.125,55,6419
benchmarks/satlib/uf200-860/uf200-08.cnf,SAT,0.349,124,18958
benchmarks/satlib/uf200-860/uf200-080.cnf,SAT,0.070,36,3412
benchmarks/satlib/uf200-860/uf200-081.cnf,SAT,0.113,58,6429
benchmarks/satlib/uf200-860/uf200-082.cnf,SAT,0.228,89,12067
benchmarks/satlib/uf200-860/uf200-083.cnf,SAT,0.005,6,0
benchmarks/satlib/uf200-860/uf200-084.cnf,SAT,0.872,204,36893
benchmarks/satlib/uf200-860/uf200-085.cnf,SAT,0.007,7,0
benchmarks/satlib/uf200-860/uf200-086.cnf,SAT,0.054,30,2138
benchmarks/satlib/uf200-860/uf200-087.cnf,SAT,3.252,403,88614
benchmarks/satlib/uf200-860/uf200-088.cnf,SAT,3.509,474,99344
benchmarks/satlib/uf200-860/uf200-089.cnf,SAT,0.215,77,10016
benchmarks/satlib/uf200-860/uf200-09.cnf,SAT,0.415,126,21591
benchmarks/satlib/uf200-860/uf200-090.cnf,SAT,0.738,189,33520
benchmarks/satlib/uf200-860/uf200-091.cnf,SAT,0.043,28,2126
benchmarks/satlib/uf200-860/uf200-092.cnf,SAT,1.501,269,60145
benchmarks/satlib/uf200-860/uf200-093.cnf,SAT,0.240,92,12002
benchmarks/satlib/uf200-860/uf200-094.cnf,SAT,0.298,103,14219
benchmarks/satlib/uf200-860/uf200-095.cnf,SAT,0.949,233,40413
benchmarks/satlib/uf200-860/uf200-096.cnf,SAT,0.281,93,14205
benchmarks/satlib/uf200-860/uf200-097.cnf,SAT,0.047,29,2132
benchmarks/satlib/uf200-860/uf200-098.cnf,SAT,0.740,182,33463
benchmarks/satlib/uf200-860/uf200-099.cnf,SAT,2.449,379,78507
benchmarks/satlib/uf225-960/ai/hoos/Shortcuts/UF225.960.100/uf225-01.cnf,SAT,0.223,73,10031
benchmarks/satlib/uf225-960/ai/hoos/Shortcuts/UF225.960.100/uf225-010.cnf,UNKNOWN,10.015,891,222620
benchmarks/satlib/uf225-960/ai/hoos/Shortcuts/UF225.960.100/uf225-0100.cnf,UNKNOWN,10.049,889,222756
benchmarks/satlib/uf225-960/ai/hoos/Shortcuts/UF225.960.100/uf225-011.cnf,SAT,0.097,45,4845
benchmarks/satlib/uf225-960/ai/hoos/Shortcuts/UF225.960.100/uf225-012.cnf,SAT,2.863,362,78796
benchmarks/satlib/uf225-960/ai/hoos/Shortcuts/UF225.960.100/uf225-013.cnf,SAT,0.031,18,989
benchmarks/satlib/uf225-960/ai/hoos/Shortcuts/UF225.960.100/uf225-014.cnf,SAT,0.822,186,33603
benchmarks/satlib/uf225-960/ai/hoos/Shortcuts/UF225.960.100/uf225-015.cnf,SAT,0.424,124,19048
benchmarks/satlib/uf225-960/ai/hoos/Shortcuts/UF225.960.100/uf225-016.cnf,SAT,0.695,179,30461
benchmarks/satlib/uf225-960/ai/hoos/Shortcuts/UF225.960.100/uf225-017.cnf,SAT,0.039,27,991
benchmarks/satlib/uf225-960/ai/hoos/Shortcuts/UF225.960.100/uf225-018.cnf,SAT,0.030,21,992
benchmarks/satlib/uf225-960/ai/hoos/Shortcuts/UF225.960.100/uf225-019.cnf,SAT,0.026,18,990
benchmarks/satlib/uf225-960/ai/hoos/Shortcuts/UF225.960.100/uf225-02.cnf,SAT,0.067,30,3422
benchmarks/satlib/uf225-960/ai/hoos/Shortcuts/UF225.960.100/uf225-020.cnf,SAT,0.005,6,0
benchmarks/satlib/uf225-960/ai/hoos/Shortcuts/UF225.960.100/uf225-021.cnf,SAT,0.114,54,4858
benchmarks/satlib/uf225-960/ai/hoos/Shortcuts/UF225.960.100/uf225-022.cnf,SAT,3.470,509,116846
benchmarks/satlib/uf225-960/ai/hoos/Shortcuts/UF225.960.100/uf225-023.cnf,SAT,6.768,753,183300
benchmarks/satlib/uf225-960/ai/hoos/Shortcuts/UF225.960.100/uf225-024.cnf,SAT,0.089,45,4843
benchmarks/satlib/uf225-960/ai/hoos/Shortcuts/UF225.960.100/uf225-025.cnf,SAT,0.342,115,16540
benchmarks/satlib/uf225-960/ai/hoos/Shortcuts/UF225.960.100/uf225-026.cnf,SAT,0.031,20,989
benchmarks/satlib/uf225-960/ai/hoos/Shortcuts/UF225.960.100/uf225-027.cnf,SAT,0.461,126,21682
benchmarks/satlib/uf225-960/ai/hoos/Shortcuts/UF225.960.100/uf225-028.cnf,SAT,0.012,12,0
benchmarks/satlib/uf225-960/ai/hoos/Shortcuts/UF225.960.100/uf225-029.cnf,SAT,0.702,172,30390
benchmarks/satlib/uf225-960/ai/hoos/Shortcuts/UF225.960.100/uf225-03.cnf,SAT,0.805,188,33619
benchmarks/satlib/uf225-960/ai/hoos/Shortcuts/UF225.960.100/uf225-030.cnf,SAT,0.087,39,3415
benchmarks/satlib/uf225-960/ai/hoos/Shortcuts/UF225.960.100/uf225-031.cnf,SAT,0.137,60,6446
benchmarks/satlib/uf225-960/ai/hoos/Shortcuts/UF225.960.100/uf225-032.cnf,SAT,5.647,592,148538
benchmarks/satlib/uf225-960/ai/hoos/Shortcuts/UF225.960.100/uf225-033.cnf,SAT,8.247,828,214340
benchmarks/satlib/uf225-960/ai/hoos/Shortcuts/UF225.960.100/uf225-034.cnf,SAT,0.141,61,6431
benchmarks/satlib/uf225-960/ai/hoos/Shortcuts/UF225.960.100/uf225-035.cnf,SAT,0.202,72,10043
benchmarks/satlib/uf225-960/ai/hoos/Shortcuts/UF225.960.100/uf225-036.cnf,SAT,2.057,372,78761
benchmarks/satlib/uf225-960/ai/hoos/Shortcuts/UF225.960.100/uf225-037.cnf,SAT,0.229,81,12034
benchmarks/satlib/uf225-960/ai/hoos/Shortcuts/UF225.960.100/uf225-038.cnf,UNKNOWN,10.049,1018,256008
benchmarks/satlib/uf225-960/ai/hoos/Shortcuts/UF225.960.100/uf225-039.cnf,UNKNOWN,10.012,1018,247687
benchmarks/satlib/uf225-960/ai/hoos/Shortcuts/UF225.960.100/uf225-04.cnf,SAT,2.712,451,99652
benchmarks/satlib/uf225-960/ai/hoos/Shortcuts/UF225.960.100/uf225-040.cnf,SAT,0.240,87,12075
benchmarks/satlib/uf225-960/ai/hoos/Shortcuts/UF225.960.100/uf225-041.cnf,SAT,0.937,228,40505
benchmarks/satlib/uf225-960/ai/hoos/Shortcuts/UF225.960.100/uf225-042.cnf,UNKNOWN,10.027,1011,247283
benchmarks/satlib/uf225-960/ai/hoos/Shortcuts/UF225.960.100/uf225-043.cnf,SAT,0.040,23,992
benchmarks/satlib/uf225-960/ai/hoos/Shortcuts/UF225.960.100/uf225-044.cnf,SAT,0.243,84,12111
benchmarks/satlib/uf225-960/ai/hoos/Shortcuts/UF225.960.100/uf225-045.cnf,SAT,0.371,124,19014
benchmarks/satlib/uf225-960/ai/hoos/Shortcuts/UF225.960.100/uf225-046.cnf,SAT,8.467,882,222882
benchmarks/satlib/uf225-960/ai/hoos/Shortcuts/UF225.960.100/uf225-047.cnf,UNKNOWN,10.005,1011,247630
benchmarks/satlib/uf225-960/ai/hoos/Shortcuts/UF225.960.100/uf225-048.cnf,SAT,0.905,227,40395
benchmarks/satlib/uf225-960/ai/hoos/Shortcuts/UF225.960.100/uf225-049.cnf,UNKNOWN,10.048,1017,247680
benchmarks/satlib/uf225-960/ai/hoos/Shortcuts/UF225.960.100/uf225-05.cnf,SAT,0.027,17,992
benchmarks/satlib/uf225-960/ai/hoos/Shortcuts/UF225.960.100/uf225-050.cnf,SAT,0.640,157,27370
benchmarks/satlib/uf225-960/ai/hoos/Shortcuts/UF225.960.100/uf225-051.cnf,SAT,0.261,92,12079
benchmarks/satlib/uf225-960/ai/hoos/Shortcuts/UF225.960.100/uf225-052.cnf,SAT,0.002,2,0
benchmarks/satlib/uf225-960/ai/hoos/Shortcuts/UF225.960.100/uf225-053.cnf,SAT,9.069,922,230565
benchmarks/satlib/uf225-960/ai/hoos/Shortcuts/UF225.960.100/uf225-054.cnf,UNKNOWN,10.003,938,238653
benchmarks/satlib/uf225-960/ai/hoos/Shortcuts/UF225.960.100/uf225-055.cnf,SAT,0.043,29,2121
benchmarks/satlib/uf225-960/ai/hoos/Shortcuts/UF225.960.100/uf225-056.cnf,UNKNOWN,10.049,1018,256021
benchmarks/satlib/uf225-960/ai/hoos/Shortcuts/UF225.960.100/uf225-057.cnf,SAT,1.885,324,69166
benchmarks/satlib/uf225-960/ai/hoos/Shortcuts/UF225.960.100/uf225-058.cnf,SAT,0.067,32,3411
benchmarks/satlib/uf225-960/ai/hoos/Shortcuts/UF225.960.100/uf225-059.cnf,SAT,0.604,156,27308
benchmarks/satlib/uf225-960/ai/hoos/Shortcuts/UF225.960.100/uf225-06.cnf,UNKNOWN,10.045,948,239186
benchmarks/satlib/uf225-960/ai/hoos/Shortcuts/UF225.960.100/uf225-060.cnf,SAT,0.035,24,993
benchmarks/satlib/uf225-960/ai/hoos/Shortcuts/UF225.960.100/uf225-061.cnf,SAT,0.080,40,3412
benchmarks/satlib/uf225-960/ai/hoos/Shortcuts/UF225.960.100/uf225-062.cnf,SAT,0.644,164,30401
benchmarks/satlib/uf225-960/ai/hoos/Shortcuts/UF225.960.100/uf225-063.cnf,SAT,0.002,2,0
benchmarks/satlib/uf225-960/ai/hoos/Shortcuts/UF225.960.100/uf225-064.cnf,SAT,0.355,123,16574
benchmarks/satlib/uf225-960/ai/hoos/Shortcuts/UF225.960.100/uf225-065.cnf,SAT,0.079,37,3427
benchmarks/satlib/uf225-960/ai/hoos/Shortcuts/UF225.960.100/uf225-066.cnf,SAT,0.592,156,27313
benchmarks/satlib/uf225-960/ai/hoos/Shortcuts/UF225.960.100/uf225-067.cnf,SAT,0.114,57,6427
benchmarks/satlib/uf225-960/ai/hoos/Shortcuts/UF225.960.100/uf225-068.cnf,UNKNOWN,10.017,938,239093
benchmarks/satlib/uf225-960/ai/hoos/Shortcuts/UF225.960.100/uf225-069.cnf,UNKNOWN,10.061,996,247432
benchmarks/satlib/uf225-960/ai/hoos/Shortcuts/UF225.960.100/uf225-07.cnf,SAT,0.001,1,0
benchmarks/satlib/uf225-960/ai/hoos/Shortcuts/UF225.960.100/uf225-070.cnf,SAT,0.005,6,0
benchmarks/satlib/uf225-960/ai/hoos/Shortcuts/UF225.960.100/uf225-071.cnf,SAT,0.019,14,0
benchmarks/satlib/uf225-960/ai/hoos/Shortcuts/UF225.960.100/uf225-072.cnf,SAT,1.739,317,69119
benchmarks/satlib/uf225-960/ai/hoos/Shortcuts/UF225.960.100/uf225-073.cnf,SAT,4.217,541,141800
benchmarks/satlib/uf225-960/ai/hoos/Shortcuts/UF225.960.100/uf225-074.cnf,SAT,0.198,75,10029
benchmarks/satlib/uf225-960/ai/hoos/Shortcuts/UF225.960.100/uf225-075.cnf,SAT,0.035,16,995
benchmarks/satlib/uf225-960/ai/hoos/Shortcuts/UF225.960.100/uf225-076.cnf,SAT,0.222,78,12116
benchmarks/satlib/uf225-960/ai/hoos/Shortcuts/UF225.960.100/uf225-077.cnf,SAT,0.004,5,0
benchmarks/satlib/uf225-960/ai/hoos/Shortcuts/UF225.960.100/uf225-078.cnf,SAT,0.332,121,16585
benchmarks/satlib/uf225-960/ai/hoos/Shortcuts/UF225.960.100/uf225-079.cnf,SAT,0.051,30,2131
benchmarks/satlib/uf225-960/ai/hoos/Shortcuts/UF225.960.100/uf225-08.cnf,SAT,2.755,462,99287
benchmarks/satlib/uf225-960/ai/hoos/Shortcuts/UF225.960.100/uf225-080.cnf,SAT,0.206,74,10014
benchmarks/satlib/uf225-960/ai/hoos/Shortcuts/UF225.960.100/uf225-081.cnf,SAT,0.543,141,27304
benchmarks/satlib/uf225-960/ai/hoos/Shortcuts/UF225.960.100/uf225-082.cnf,SAT,0.041,28,2133
benchmarks/satlib/uf225-960/ai/hoos/Shortcuts/UF225.960.100/uf225-083.cnf,SAT,0.001,1,0
benchmarks/satlib/uf225-960/ai/hoos/Shortcuts/UF225.960.100/uf225-084.cnf,SAT,0.292,103,14248
benchmarks/satlib/uf225-960/ai/hoos/Shortcuts/UF225.960.100/uf225-085.cnf,SAT,0.975,243,44019
benchmarks/satlib/uf225-960/ai/hoos/Shortcuts/UF225.960.100/uf225-086.cnf,SAT,0.020,14,0
benchmarks/satlib/uf225-960/ai/hoos/Shortcuts/UF225.960.100/uf225-087.cnf,SAT,0.005,6,0
benchmarks/satlib/uf225-960/ai/hoos/Shortcuts/UF225.960.100/uf225-088.cnf,SAT,0.020,14,0
benchmarks/satlib/uf225-960/ai/hoos/Shortcuts/UF225.960.100/uf225-089.cnf,SAT,0.105,51,4841
benchmarks/satlib/uf225-960/ai/hoos/Shortcuts/UF225.960.100/uf225-09.cnf,SAT,2.898,490,105137
benchmarks/satlib/uf225-960/ai/hoos/Shortcuts/UF225.960.100/uf225-090.cnf,SAT,0.081,41,3419
benchmarks/satlib/uf225-960/ai/hoos/Shortcuts/UF225.960.100/uf225-091.cnf,SAT,0.218,70,10040
benchmarks/satlib/uf225-960/ai/hoos/Shortcuts/UF225.960.100/uf225-092.cnf,SAT,0.672,172,30327
benchmarks/satlib/uf225-960/ai/hoos/Shortcuts/UF225.960.100/uf225-093.cnf,SAT,0.288,103,14232
benchmarks/satlib/uf225-960/ai/hoos/Shortcuts/UF225.960.100/uf225-094.cnf,SAT,0.649,170,30343
benchmarks/satlib/uf225-960/ai/hoos/Shortcuts/UF225.960.100/uf225-095.cnf,SAT,0.824,218,40538
benchmarks/satlib/uf225-960/ai/hoos/Shortcuts/UF225.960.100/uf225-096.cnf,SAT,2.006,379,78720
benchmarks/satlib/uf225-960/ai/hoos/Shortcuts/UF225.960.100/uf225-097.cnf,SAT,0.128,61,6423
benchmarks/satlib/uf225-960/ai/hoos/Shortcuts/UF225.960.100/uf225-098.cnf,SAT,0.230,91,12064
benchmarks/satlib/uf225-960/ai/hoos/Shortcuts/UF225.960.100/uf225-099.cnf,SAT,0.189,69,10045
benchmarks/satlib/uf250-1065/ai/hoos/Shortcuts/UF250.1065.100/uf250-01.cnf,SAT,0.003,4,0
benchmarks/satlib/uf250-1065/ai/hoos/Shortcuts/UF250.1065.100/uf250-010.cnf,SAT,2.091,348,73981
benchmarks/satlib/uf250-1065/ai/hoos/Shortcuts/UF250.1065.100/uf250-0100.cnf,SAT,0.117,55,6441
benchmarks/satlib/uf250-1065/ai/hoos/Shortcuts/UF250.1065.100/uf250-011.cnf,UNKNOWN,10.016,764,191660
benchmarks/satlib/uf250-1065/ai/hoos/Shortcuts/UF250.1065.100/uf250-012.cnf,SAT,1.510,252,44187
benchmarks/satlib/uf250-1065/ai/hoos/Shortcuts/UF250.1065.100/uf250-013.cnf,UNKNOWN,10.011,1001,248044
benchmarks/satlib/uf250-1065/ai/hoos/Shortcuts/UF250.1065.100/uf250-014.cnf,SAT,5.832,696,176150
benchmarks/satlib/uf250-1065/ai/hoos/Shortcuts/UF250.1065.100/uf250-015.cnf,SAT,0.074,37,3411
benchmarks/satlib/uf250-1065/ai/hoos/Shortcuts/UF250.1065.100/uf250-016.cnf,SAT,0.077,37,3428
benchmarks/satlib/uf250-1065/ai/hoos/Shortcuts/UF250.1065.100/uf250-017.cnf,SAT,0.426,126,21626
benchmarks/satlib/uf250-1065/ai/hoos/Shortcuts/UF250.1065.100/uf250-018.cnf,UNKNOWN,10.015,1018,248347
benchmarks/satlib/uf250-1065/ai/hoos/Shortcuts/UF250.1065.100/uf250-019.cnf,SAT,0.073,35,3414
benchmarks/satlib/uf250-1065/ai/hoos/Shortcuts/UF250.1065.100/uf250-02.cnf,UNKNOWN,10.038,1019,257137
benchmarks/satlib/uf250-1065/ai/hoos/Shortcuts/UF250.1065.100/uf250-020.cnf,UNKNOWN,10.015,1019,257156
benchmarks/satlib/uf250-1065/ai/hoos/Shortcuts/UF250.1065.100/uf250-021.cnf,SAT,0.003,4,0
benchmarks/satlib/uf250-1065/ai/hoos/Shortcuts/UF250.1065.100/uf250-022.cnf,UNKNOWN,10.033,1018,256826
benchmarks/satlib/uf250-1065/ai/hoos/Shortcuts/UF250.1065.100/uf250-023.cnf,SAT,0.358,124,19067
benchmarks/satlib/uf250-1065/ai/hoos/Shortcuts/UF250.1065.100/uf250-024.cnf,UNKNOWN,10.048,1019,256986
benchmarks/satlib/uf250-1065/ai/hoos/Shortcuts/UF250.1065.100/uf250-025.cnf,SAT,0.982,229,40525
benchmarks/satlib/uf250-1065/ai/hoos/Shortcuts/UF250.1065.100/uf250-026.cnf,SAT,9.777,999,247763
benchmarks/satlib/uf250-1065/ai/hoos/Shortcuts/UF250.1065.100/uf250-027.cnf,SAT,2.823,461,99400
benchmarks/satlib/uf250-1065/ai/hoos/Shortcuts/UF250.1065.100/uf250-028.cnf,SAT,2.860,487,105210
benchmarks/satlib/uf250-1065/ai/hoos/Shortcuts/UF250.1065.100/uf250-029.cnf,UNKNOWN,10.007,1019,256905
benchmarks/satlib/uf250-1065/ai/hoos/Shortcuts/UF250.1065.100/uf250-03.cnf,SAT,0.582,155,27302
benchmarks/satlib/uf250-1065/ai/hoos/Shortcuts/UF250.1065.100/uf250-030.cnf,SAT,4.238,537,142021
benchmarks/satlib/uf250-1065/ai/hoos/Shortcuts/UF250.1065.100/uf250-031.cnf,SAT,5.235,636,162332
benchmarks/satlib/uf250-1065/ai/hoos/Shortcuts/UF250.1065.100/uf250-032.cnf,SAT,6.193,754,184207
benchmarks/satlib/uf250-1065/ai/hoos/Shortcuts/UF250.1065.100/uf250-033.cnf,SAT,1.768,317,69207
benchmarks/satlib/uf250-1065/ai/hoos/Shortcuts/UF250.1065.100/uf250-034.cnf,UNKNOWN,10.036,1022,283838
benchmarks/satlib/uf250-1065/ai/hoos/Shortcuts/UF250.1065.100/uf250-035.cnf,SAT,0.005,7,0
benchmarks/satlib/uf250-1065/ai/hoos/Shortcuts/UF250.1065.100/uf250-036.cnf,UNKNOWN,10.005,1227,351848
benchmarks/satlib/uf250-1065/ai/hoos/Shortcuts/UF250.1065.100/uf250-037.cnf,SAT,0.066,47,4851
benchmarks/satlib/uf250-1065/ai/hoos/Shortcuts/UF250.1065.100/uf250-038.cnf,SAT,3.169,543,141791
benchmarks/satlib/uf250-1065/ai/hoos/Shortcuts/UF250.1065.100/uf250-039.cnf,SAT,1.054,263,60184
benchmarks/satlib/uf250-1065/ai/hoos/Shortcuts/UF250.1065.100/uf250-04.cnf,SAT,0.054,37,3419
benchmarks/satlib/uf250-1065/ai/hoos/Shortcuts/UF250.1065.100/uf250-040.cnf,SAT,4.137,759,183796
benchmarks/satlib/uf250-1065/ai/hoos/Shortcuts/UF250.1065.100/uf250-041.cnf,SAT,1.817,444,99320
benchmarks/satlib/uf250-1065/ai/hoos/Shortcuts/UF250.1065.100/uf250-042.cnf,SAT,0.459,181,30431
benchmarks/satlib/uf250-1065/ai/hoos/Shortcuts/UF250.1065.100/uf250-043.cnf,SAT,2.926,572,148358
benchmarks/satlib/uf250-1065/ai/hoos/Shortcuts/UF250.1065.100/uf250-044.cnf,SAT,1.691,441,94281
benchmarks/satlib/uf250-1065/ai/hoos/Shortcuts/UF250.1065.100/uf250-045.cnf,UNKNOWN,10.052,1242,362000
benchmarks/satlib/uf250-1065/ai/hoos/Shortcuts/UF250.1065.100/uf250-046.cnf,SAT,1.571,391,88999
benchmarks/satlib/uf250-1065/ai/hoos/Shortcuts/UF250.1065.100/uf250-047.cnf,SAT,2.794,522,141968
benchmarks/satlib/uf250-1065/ai/hoos/Shortcuts/UF250.1065.100/uf250-048.cnf,SAT,0.175,93,14236
benchmarks/satlib/uf250-1065/ai/hoos/Shortcuts/UF250.1065.100/uf250-049.cnf,SAT,0.027,28,2134
benchmarks/satlib/uf250-1065/ai/hoos/Shortcuts/UF250.1065.100/uf250-05.cnf,SAT,3.070,595,148647
benchmarks/satlib/uf250-1065/ai/hoos/Shortcuts/UF250.1065.100/uf250-050.cnf,SAT,2.738,524,141905
benchmarks/satlib/uf250-1065/ai/hoos/Shortcuts/UF250.1065.100/uf250-051.cnf,SAT,5.044,890,222580
benchmarks/satlib/uf250-1065/ai/hoos/Shortcuts/UF250.1065.100/uf250-052.cnf,SAT,2.287,509,122917
benchmarks/satlib/uf250-1065/ai/hoos/Shortcuts/UF250.1065.100/uf250-053.cnf,SAT,0.472,188,33712
benchmarks/satlib/uf250-1065/ai/hoos/Shortcuts/UF250.1065.100/uf250-054.cnf,UNKNOWN,10.034,1222,351039
benchmarks/satlib/uf250-1065/ai/hoos/Shortcuts/UF250.1065.100/uf250-055.cnf,SAT,0.560,214,37038
benchmarks/satlib/uf250-1065/ai/hoos/Shortcuts/UF250.1065.100/uf250-056.cnf,UNKNOWN,10.025,1243,362917
benchmarks/satlib/uf250-1065/ai/hoos/Shortcuts/UF250.1065.100/uf250-057.cnf,SAT,2.238,509,122739
benchmarks/satlib/uf250-1065/ai/hoos/Shortcuts/UF250.1065.100/uf250-058.cnf,SAT,4.011,746,183604
benchmarks/satlib/uf250-1065/ai/hoos/Shortcuts/UF250.1065.100/uf250-059.cnf,SAT,0.608,232,40526
benchmarks/satlib/uf250-1065/ai/hoos/Shortcuts/UF250.1065.100/uf250-06.cnf,SAT,0.020,21,994
benchmarks/satlib/uf250-1065/ai/hoos/Shortcuts/UF250.1065.100/uf250-060.cnf,UNKNOWN,10.006,1253,361682
benchmarks/satlib/uf250-1065/ai/hoos/Shortcuts/UF250.1065.100/uf250-061.cnf,SAT,0.333,129,24372
benchmarks/satlib/uf250-1065/ai/hoos/Shortcuts/UF250.1065.100/uf250-062.cnf,SAT,9.414,1176,341951
benchmarks/satlib/uf250-1065/ai/hoos/Shortcuts/UF250.1065.100/uf250-063.cnf,SAT,0.711,253,48078
benchmarks/satlib/uf250-1065/ai/hoos/Shortcuts/UF250.1065.100/uf250-064.cnf,SAT,0.105,62,8159
benchmarks/satlib/uf250-1065/ai/hoos/Shortcuts/UF250.1065.100/uf250-065.cnf,SAT,0.023,24,990
benchmarks/satlib/uf250-1065/ai/hoos/Shortcuts/UF250.1065.100/uf250-066.cnf,SAT,0.223,121,16586
benchmarks/satlib/uf250-1065/ai/hoos/Shortcuts/UF250.1065.100/uf250-067.cnf,SAT,0.627,248,44178
benchmarks/satlib/uf250-1065/ai/hoos/Shortcuts/UF250.1065.100/uf250-068.cnf,SAT,0.044,33,3411
benchmarks/satlib/uf250-1065/ai/hoos/Shortcuts/UF250.1065.100/uf250-069.cnf,SAT,5.567,936,231362
benchmarks/satlib/uf250-1065/ai/hoos/Shortcuts/UF250.1065.100/uf250-07.cnf,UNKNOWN,10.025,1253,362415
benchmarks/satlib/uf250-1065/ai/hoos/Shortcuts/UF250.1065.100/uf250-070.cnf,SAT,0.985,277,60281
benchmarks/satlib/uf250-1065/ai/hoos/Shortcuts/UF250.1065.100/uf250-071.cnf,UNKNOWN,10.002,1237,351772
benchmarks/satlib/uf250-1065/ai/hoos/Shortcuts/UF250.1065.100/uf250-072.cnf,UNKNOWN,10.012,1242,352277
benchmarks/satlib/uf250-1065/ai/hoos/Shortcuts/UF250.1065.100/uf250-073.cnf,SAT,0.425,172,30485
benchmarks/satlib/uf250-1065/ai/hoos/Shortcuts/UF250.1065.100/uf250-074.cnf,SAT,0.094,61,8160
benchmarks/satlib/uf250-1065/ai/hoos/Shortcuts/UF250.1065.100/uf250-075.cnf,SAT,3.204,632,155444
benchmarks/satlib/uf250-1065/ai/hoos/Shortcuts/UF250.1065.100/uf250-076.cnf,UNKNOWN,10.029,1273,361591
benchmarks/satlib/uf250-1065/ai/hoos/Shortcuts/UF250.1065.100/uf250-077.cnf,SAT,1.015,291,64726
benchmarks/satlib/uf250-1065/ai/hoos/Shortcuts/UF250.1065.100/uf250-078.cnf,SAT,8.957,1141,332163
benchmarks/satlib/uf250-1065/ai/hoos/Shortcuts/UF250.1065.100/uf250-079.cnf,SAT,0.032,29,2129
benchmarks/satlib/uf250-1065/ai/hoos/Shortcuts/UF250.1065.100/uf250-08.cnf,SAT,0.451,185,33627
benchmarks/satlib/uf250-1065/ai/hoos/Shortcuts/UF250.1065.100/uf250-080.cnf,SAT,1.851,488,105078
benchmarks/satlib/uf250-1065/ai/hoos/Shortcuts/UF250.1065.100/uf250-081.cnf,SAT,0.055,42,3411
benchmarks/satlib/uf250-1065/ai/hoos/Shortcuts/UF250.1065.100/uf250-082.cnf,SAT,5.508,943,239303
benchmarks/satlib/uf250-1065/ai/hoos/Shortcuts/UF250.1065.100/uf250-083.cnf,SAT,0.528,198,37028
benchmarks/satlib/uf250-1065/ai/hoos/Shortcuts/UF250.1065.100/uf250-084.cnf,SAT,0.460,187,33619
benchmarks/satlib/uf250-1065/ai/hoos/Shortcuts/UF250.1065.100/uf250-085.cnf,SAT,0.448,178,30372
benchmarks/satlib/uf250-1065/ai/hoos/Shortcuts/UF250.1065.100/uf250-086.cnf,UNKNOWN,10.036,1274,361968
benchmarks/satlib/uf250-1065/ai/hoos/Shortcuts/UF250.1065.100/uf250-087.cnf,SAT,1.988,508,110860
benchmarks/satlib/uf250-1065/ai/hoos/Shortcuts/UF250.1065.100/uf250-088.cnf,SAT,0.543,201,36982
benchmarks/satlib/uf250-1065/ai/hoos/Shortcuts/UF250.1065.100/uf250-089.cnf,SAT,0.124,69,10043
benchmarks/satlib/uf250-1065/ai/hoos/Shortcuts/UF250.1065.100/uf250-09.cnf,SAT,1.578,415,89083
benchmarks/satlib/uf250-1065/ai/hoos/Shortcuts/UF250.1065.100/uf250-090.cnf,SAT,1.810,474,99557
benchmarks/satlib/uf250-1065/ai/hoos/Shortcuts/UF250.1065.100/uf250-091.cnf,SAT,0.132,69,10058
benchmarks/satlib/uf250-1065/ai/hoos/Shortcuts/UF250.1065.100/uf250-092.cnf,SAT,1.841,492,105203
benchmarks/satlib/uf250-1065/ai/hoos/Shortcuts/UF250.1065.100/uf250-093.cnf,SAT,4.690,825,206886
benchmarks/satlib/uf250-1065/ai/hoos/Shortcuts/UF250.1065.100/uf250-094.cnf,SAT,2.350,510,122851
benchmarks/satlib/uf250-1065/ai/hoos/Shortcuts/UF250.1065.100/uf250-095.cnf,SAT,0.025,26,990
benchmarks/satlib/uf250-1065/ai/hoos/Shortcuts/UF250.1065.100/uf250-096.cnf,SAT,0.981,282,60210
benchmarks/satlib/uf250-1065/ai/hoos/Shortcuts/UF250.1065.100/uf250-097.cnf,UNKNOWN,10.030,1273,361364
benchmarks/satlib/uf250-1065/ai/hoos/Shortcuts/UF250.1065.100/uf250-098.cnf,SAT,0.544,204,37010
benchmarks/satlib/uf250-1065/ai/hoos/Shortcuts/UF250.1065.100/uf250-099.cnf,UNKNOWN,10.014,1242,362089
benchmarks/satlib/uf50-218/uf50-01.cnf,SAT,0.000,1,0
benchmarks/satlib/uf50-218/uf50-010.cnf,SAT,0.000,0,0
benchmarks/satlib/uf50-218/uf50-0100.cnf,SAT,0.000,1,0
benchmarks/satlib/uf50-218/uf50-01000.cnf,SAT,0.000,1,0
benchmarks/satlib/uf50-218/uf50-0101.cnf,SAT,0.000,0,0
benchmarks/satlib/uf50-218/uf50-0102.cnf,SAT,0.000,0,0
benchmarks/satlib/uf50-218/uf50-0103.cnf,SAT,0.000,0,0
benchmarks/satlib/uf50-218/uf50-0104.cnf,SAT,0.000,1,0
benchmarks/satlib/uf50-218/uf50-0105.cnf,SAT,0.000,0,0
benchmarks/satlib/uf50-218/uf50-0106.cnf,SAT,0.000,0,0
benchmarks/satlib/uf50-218/uf50-0107.cnf,SAT,0.000,0,0
benchmarks/satlib/uf50-218/uf50-0108.cnf,SAT,0.000,0,0
benchmarks/satlib/uf50-218/uf50-0109.cnf,SAT,0.000,0,0
benchmarks/satlib/uf50-218/uf50-011.cnf,SAT,0.000,0,0
benchmarks/satlib/uf50-218/uf50-0110.cnf,SAT,0.000,0,0
benchmarks/satlib/uf50-218/uf50-0111.cnf,SAT,0.000,1,0
benchmarks/satlib/uf50-218/uf50-0112.cnf,SAT,0.000,1,0
benchmarks/satlib/uf50-218/uf50-0113.cnf,SAT,0.000,0,0
benchmarks/satlib/uf50-218/uf50-0114.cnf,SAT,0.000,0,0
benchmarks/satlib/uf50-218/uf50-0115.cnf,SAT,0.000,0,0
benchmarks/satlib/uf50-218/uf50-0116.cnf,SAT,0.000,0,0
benchmarks/satlib/uf50-218/uf50-0117.cnf,SAT,0.000,0,0
benchmarks/satlib/uf50-218/uf50-0118.cnf,SAT,0.000,0,0
benchmarks/satlib/uf50-218/uf50-0119.cnf,SAT,0.000,0,0
benchmarks/satlib/uf50-218/uf50-012.cnf,SAT,0.000,0,0
benchmarks/satlib/uf50-218/uf50-0120.cnf,SAT,0.000,0,0
benchmarks/satlib/uf50-218/uf50-0121.cnf,SAT,0.000,0,0
benchmarks/satlib/uf50-218/uf50-0122.cnf,SAT,0.000,0,0
benchmarks/satlib/uf50-218/uf50-0123.cnf,SAT,0.000,1,0
benchmarks/satlib/uf50-218/uf50-0124.cnf,SAT,0.000,0,0
benchmarks/satlib/uf50-218/uf50-0125.cnf,SAT,0.000,0,0
benchmarks/satlib/uf50-218/uf50-0126.cnf,SAT,0.000,0,0
benchmarks/satlib/uf50-218/uf50-0127.cnf,SAT,0.000,1,0
benchmarks/satlib/uf50-218/uf50-0128.cnf,SAT,0.000,1,0
benchmarks/satlib/uf50-218/uf50-0129.cnf,SAT,0.000,1,0
benchmarks/satlib/uf50-218/uf50-013.cnf,SAT,0.000,0,0
benchmarks/satlib/uf50-218/uf50-0130.cnf,SAT,0.000,0,0
benchmarks/satlib/uf50-218/uf50-0131.cnf,SAT,0.000,0,0
benchmarks/satlib/uf50-218/uf50-0132.cnf,SAT,0.000,0,0
benchmarks/satlib/uf50-218/uf50-0133.cnf,SAT,0.000,0,0
benchmarks/satlib/uf50-218/uf50-0134.cnf,SAT,0.000,0,0
benchmarks/satlib/uf50-218/uf50-0135.cnf,SAT,0.000,0,0
benchmarks/satlib/uf50-218/uf50-0136.cnf,SAT,0.000,0,0
benchmarks/satlib/uf50-218/uf50-0137.cnf,SAT,0.000,0,0
benchmarks/satlib/uf50-218/uf50-0138.cnf,SAT,0.000,0,0
benchmarks/satlib/uf50-218/uf50-0139.cnf,SAT,0.000,0,0
benchmarks/satlib/uf50-218/uf50-014.cnf,SAT,0.000,0,0
benchmarks/satlib/uf50-218/uf50-0140.cnf,SAT,0.000,0,0
benchmarks/satlib/uf50-218/uf50-0141.cnf,SAT,0.000,0,0
benchmarks/satlib/uf50-218/uf50-0142.cnf,SAT,0.000,2,0
benchmarks/satlib/uf50-218/uf50-0143.cnf,SAT,0.000,0,0
benchmarks/satlib/uf50-218/uf50-0144.cnf,SAT,0.000,0,0
benchmarks/satlib/uf50-218/uf50-0145.cnf,SAT,0.000,0,0
benchmarks/satlib/uf50-218/uf50-0146.cnf,SAT,0.000,0,0
benchmarks/satlib/uf50-218/uf50-0147.cnf,SAT,0.000,1,0
benchmarks/satlib/uf50-218/uf50-0148.cnf,SAT,0.000,0,0
benchmarks/satlib/uf50-218/uf50-0149.cnf,SAT,0.000,1,0
benchmarks/satlib/uf50-218/uf50-015.cnf,SAT,0.000,0,0
benchmarks/satlib/uf50-218/uf50-0150.cnf,SAT,0.000,0,0
benchmarks/satlib/uf50-218/uf50-0151.cnf,SAT,0.000,1,0
benchmarks/satlib/uf50-218/uf50-0152.cnf,SAT,0.000,0,0
benchmarks/satlib/uf50-218/uf50-0153.cnf,SAT,0.000,0,0
benchmarks/satlib/uf50-218/uf50-0154.cnf,SAT,0.000,0,0
benchmarks/satlib/uf50-218/uf50-0155.cnf,SAT,0.000,1,0
benchmarks/satlib/uf50-218/uf50-0156.cnf,SAT,0.000,0,0
benchmarks/satlib/uf50-218/uf50-0157.cnf,SAT,0.000,0,0
benchmarks/satlib/uf50-218/uf50-0158.cnf,SAT,0.000,0,0
benchmarks/satlib/uf50-218/uf50-0159.cnf,SAT,0.000,0,0
benchmarks/satlib/uf50-218/uf50-016.cnf,SAT,0.000,0,0
benchmarks/satlib/uf50-218/uf50-0160.cnf,SAT,0.000,1,0
benchmarks/satlib/uf50-218/uf50-0161.cnf,SAT,0.000,1,0
benchmarks/satlib/uf50-218/uf50-0162.cnf,SAT,0.000,0,0
benchmarks/satlib/uf50-218/uf50-0163.cnf,SAT,0.000,1,0
benchmarks/satlib/uf50-218/uf50-0164.cnf,SAT,0.000,0,0
benchmarks/satlib/uf50-218/uf50-0165.cnf,SAT,0.000,0,0
benchmarks/satlib/uf50-218/uf50-0166.cnf,SAT,0.000,0,0
benchmarks/satlib/uf50-218/uf50-0167.cnf,SAT,0.000,0,0
benchmarks/satlib/uf50-218/uf50-0168.cnf,SAT,0.000,0,0
benchmarks/satlib/uf50-218/uf50-0169.cnf,SAT,0.000,0,0
benchmarks/satlib/uf50-218/uf50-017.cnf,SAT,0.000,0,0
benchmarks/satlib/uf50-218/uf50-0170.cnf,SAT,0.000,1,0
benchmarks/satlib/uf50-218/uf50-0171.cnf,SAT,0.000,0,0
benchmarks/satlib/uf50-218/uf50-0172.cnf,SAT,0.000,0,0
benchmarks/satlib/uf50-218/uf50-0173.cnf,SAT,0.000,0,0
benchmarks/satlib/uf50-218/uf50-0174.cnf,SAT,0.000,0,0
benchmarks/satlib/uf50-218/uf50-0175.cnf,SAT,0.000,0,0
benchmarks/satlib/uf50-218/uf50-0176.cnf,SAT,0.000,0,0
benchmarks/satlib/uf50-218/uf50-0177.cnf,SAT,0.000,0,0
benchmarks/satlib/uf50-218/uf50-0178.cnf,SAT,0.000,0,0
benchmarks/satlib/uf50-218/uf50-0179.cnf,SAT,0.000,1,0
benchmarks/satlib/uf50-218/uf50-018.cnf,SAT,0.000,0,0
benchmarks/satlib/uf50-218/uf50-0180.cnf,SAT,0.000,0,0
benchmarks/satlib/uf50-218/uf50-0181.cnf,SAT,0.000,0,0
benchmarks/satlib/uf50-218/uf50-0182.cnf,SAT,0.000,0,0
benchmarks/satlib/uf50-218/uf50-0183.cnf,SAT,0.000,1,0
benchmarks/satlib/uf50-218/uf50-0184.cnf,SAT,0.000,0,0
benchmarks/satlib/uf50-218/uf50-0185.cnf,SAT,0.000,0,0
benchmarks/satlib/uf50-218/uf50-0186.cnf,SAT,0.000,1,0
benchmarks/satlib/uf50-218/uf50-0187.cnf,SAT,0.000,1,0
benchmarks/satlib/uf50-218/uf50-0188.cnf,SAT,0.000,0,0
benchmarks/satlib/uf50-218/uf50-0189.cnf,SAT,0.000,0,0
benchmarks/satlib/uf50-218/uf50-019.cnf,SAT,0.000,1,0
benchmarks/satlib/uf50-218/uf50-0190.cnf,SAT,0.000,0,0
benchmarks/satlib/uf50-218/uf50-0191.cnf,SAT,0.000,0,0
benchmarks/satlib/uf50-218/uf50-0192.cnf,SAT,0.000,0,0
benchmarks/satlib/uf50-218/uf50-0193.cnf,SAT,0.000,0,0
benchmarks/satlib/uf50-218/uf50-0194.cnf,SAT,0.000,0,0
benchmarks/satlib/uf50-218/uf50-0195.cnf,SAT,0.000,0,0
benchmarks/satlib/uf50-218/uf50-0196.cnf,SAT,0.000,0,0
benchmarks/satlib/uf50-218/uf50-0197.cnf,SAT,0.000,1,0
benchmarks/satlib/uf50-218/uf50-0198.cnf,SAT,0.000,0,0
benchmarks/satlib/uf50-218/uf50-0199.cnf,SAT,0.000,1,0
benchmarks/satlib/uf50-218/uf50-02.cnf,SAT,0.000,0,0
benchmarks/satlib/uf50-218/uf50-020.cnf,SAT,0.000,0,0
benchmarks/satlib/uf50-218/uf50-0200.cnf,SAT,0.000,0,0
benchmarks/satlib/uf50-218/uf50-0201.cnf,SAT,0.000,0,0
benchmarks/satlib/uf50-218/uf50-0202.cnf,SAT,0.000,0,0
benchmarks/satlib/uf50-218/uf50-0203.cnf,SAT,0.000,0,0
benchmarks/satlib/uf50-218/uf50-0204.cnf,SAT,0.000,0,0
benchmarks/satlib/uf50-218/uf50-0205.cnf,SAT,0.000,1,0
benchmarks/satlib/uf50-218/uf50-0206.cnf,SAT,0.000,0,0
benchmarks/satlib/uf50-218/uf50-0207.cnf,SAT,0.000,0,0
benchmarks/satlib/uf50-218/uf50-0208.cnf,SAT,0.000,0,0
benchmarks/satlib/uf50-218/uf50-0209.cnf,SAT,0.000,0,0
benchmarks/satlib/uf50-218/uf50-021.cnf,SAT,0.000,0,0
benchmarks/satlib/uf50-218/uf50-0210.cnf,SAT,0.000,0,0
benchmarks/satlib/uf50-218/uf50-0211.cnf,SAT,0.000,1,0
benchmarks/satlib/uf50-218/uf50-0212.cnf,SAT,0.000,0,0
benchmarks/satlib/uf50-218/uf50-0213.cnf,SAT,0.000,0,0
benchmarks/satlib/uf50-218/uf50-0214.cnf,SAT,0.000,0,0
benchmarks/satlib/uf50-218/uf50-0215.cnf,SAT,0.000,1,0
benchmarks/satlib/uf50-218/uf50-0216.cnf,SAT,0.000,0,0
benchmarks/satlib/uf50-218/uf50-0217.cnf,SAT,0.000,0,0
benchmarks/satlib/uf50-218/uf50-0218.cnf,SAT,0.000,0,0
benchmarks/satlib/uf50-218/uf50-0219.cnf,SAT,0.000,0,0
benchmarks/satlib/uf50-218/uf50-022.cnf,SAT,0.000,0,0
benchmarks/satlib/uf50-218/uf50-0220.cnf,SAT,0.000,0,0
benchmarks/satlib/uf50-218/uf50-0221.cnf,SAT,0.000,1,0
benchmarks/satlib/uf50-218/uf50-0222.cnf,SAT,0.000,1,0
benchmarks/satlib/uf50-218/uf50-0223.cnf,SAT,0.000,1,0
benchmarks/satlib/uf50-218/uf50-0224.cnf,SAT,0.000,1,0
benchmarks/satlib/uf50-218/uf50-0225.cnf,SAT,0.000,0,0
benchmarks/satlib/uf50-218/uf50-0226.cnf,SAT,0.000,0,0
benchmarks/satlib/uf50-218/uf50-0227.cnf,SAT,0.000,1,0
benchmarks/satlib/uf50-218/uf50-0228.cnf,SAT,0.000,0,0
benchmarks/satlib/uf50-218/uf50-0229.cnf,SAT,0.000,1,0
benchmarks/satlib/uf50-218/uf50-023.cnf,SAT,0.000,0,0
benchmarks/satlib/uf50-218/uf50-0230.cnf,SAT,0.000,0,0
benchmarks/satlib/uf50-218/uf50-0231.cnf,SAT,0.000,0,0
benchmarks/satlib/uf50-218/uf50-0232.cnf,SAT,0.000,0,0
benchmarks/satlib/uf50-218/uf50-0233.cnf,SAT,0.000,0,0
benchmarks/satlib/uf50-218/uf50-0234.cnf,SAT,0.000,0,0
benchmarks/satlib/uf50-218/uf50-0235.cnf,SAT,0.000,0,0
benchmarks/satlib/uf50-218/uf50-0236.cnf,SAT,0.000,0,0
benchmarks/satlib/uf50-218/uf50-0237.cnf,SAT,0.000,1,0
benchmarks/satlib/uf50-218/uf50-0238.cnf,SAT,0.000,0,0
benchmarks/satlib/uf50-218/uf50-0239.cnf,SAT,0.000,0,0
benchmarks/satlib/uf50-218/uf50-024.cnf,SAT,0.000,1,0
benchmarks/satlib/uf50-218/uf50-0240.cnf,SAT,0.000,1,0
benchmarks/satlib/uf50-218/uf50-0241.cnf,SAT,0.000,0,0
benchmarks/satlib/uf50-218/uf50-0242.cnf,SAT,0.000,0,0
benchmarks/satlib/uf50-218/uf50-0243.cnf,SAT,0.000,0,0
benchmarks/satlib/uf50-218/uf50-0244.cnf,SAT,0.000,0,0
benchmarks/satlib/uf50-218/uf50-0245.cnf,SAT,0.000,2,0
benchmarks/satlib/uf50-218/uf50-0246.cnf,SAT,0.000,0,0
benchmarks/satlib/uf50-218/uf50-0247.cnf,SAT,0.000,0,0
benchmarks/satlib/uf50-218/uf50-0248.cnf,SAT,0.000,0,0
benchmarks/satlib/uf50-218/uf50-0249.cnf,SAT,0.000,0,0
benchmarks/satlib/uf50-218/uf50-025.cnf,SAT,0.000,0,0
benchmarks/satlib/uf50-218/uf50-0250.cnf,SAT,0.000,0,0
benchmarks/satlib/uf50-218/uf50-0251.cnf,SAT,0.000,0,0
benchmarks/satlib/uf50-218/uf50-0252.cnf,SAT,0.000,0,0
benchmarks/satlib/uf50-218/uf50-0253.cnf,SAT,0.000,0,0
benchmarks/satlib/uf50-218/uf50-0254.cnf,SAT,0.000,0,0
benchmarks/satlib/uf50-218/uf50-0255.cnf,SAT,0.000,0,0
benchmarks/satlib/uf50-218/uf50-0256.cnf,SAT,0.000,0,0
benchmarks/satlib/uf50-218/uf50-0257.cnf,SAT,0.000,0,0
benchmarks/satlib/uf50-218/uf50-0258.cnf,SAT,0.000,1,0
benchmarks/satlib/uf50-218/uf50-0259.cnf,SAT,0.000,0,0
benchmarks/satlib/uf50-218/uf50-026.cnf,SAT,0.000,0,0
benchmarks/satlib/uf50-218/uf50-0260.cnf,SAT,0.000,0,0
benchmarks/satlib/uf50-218/uf50-0261.cnf,SAT,0.000,1,0
benchmarks/satlib/uf50-218/uf50-0262.cnf,SAT,0.000,0,0
benchmarks/satlib/uf50-218/uf50-0263.cnf,SAT,0.000,1,0
benchmarks/satlib/uf50-218/uf50-0264.cnf,SAT,0.000,0,0
benchmarks/satlib/uf50-218/uf50-0265.cnf,SAT,0.000,0,0
benchmarks/satlib/uf50-218/uf50-0266.cnf,SAT,0.000,1,0
benchmarks/satlib/uf50-218/uf50-0267.cnf,SAT,0.000,0,0
benchmarks/satlib/uf50-218/uf50-0268.cnf,SAT,0.000,0,0
benchmarks/satlib/uf50-218/uf50-0269.cnf,SAT,0.000,0,0
benchmarks/satlib/uf50-218/uf50-027.cnf,SAT,0.000,0,0
benchmarks/satlib/uf50-218/uf50-0270.cnf,SAT,0.000,1,0
benchmarks/satlib/uf50-218/uf50-0271.cnf,SAT,0.000,0,0
benchmarks/satlib/uf50-218/uf50-0272.cnf,SAT,0.000,0,0
benchmarks/satlib/uf50-218/uf50-0273.cnf,SAT,0.000,0,0
benchmarks/satlib/uf50-218/uf50-0274.cnf,SAT,0.000,0,0
benchmarks/satlib/uf50-218/uf50-0275.cnf,SAT,0.000,0,0
benchmarks/satlib/uf50-218/uf50-0276.cnf,SAT,0.000,0,0
benchmarks/satlib/uf50-218/uf50-0277.cnf,SAT,0.000,0,0
benchmarks/satlib/uf50-218/uf50-0278.cnf,SAT,0.000,0,0
benchmarks/satlib/uf50-218/uf50-0279.cnf,SAT,0.000,0,0
benchmarks/satlib/uf50-218/uf50-028.cnf,SAT,0.000,0,0
benchmarks/satlib/uf50-218/uf50-0280.cnf,SAT,0.000,0,0
benchmarks/satlib/uf50-218/uf50-0281.cnf,SAT,0.000,0,0
benchmarks/satlib/uf50-218/uf50-0282.cnf,SAT,0.000,0,0
benchmarks/satlib/uf50-218/uf50-0283.cnf,SAT,0.000,1,0
benchmarks/satlib/uf50-218/uf50-0284.cnf,SAT,0.000,0,0
benchmarks/satlib/uf50-218/uf50-0285.cnf,SAT,0.000,0,0
benchmarks/satlib/uf50-218/uf50-0286.cnf,SAT,0.000,1,0
benchmarks/satlib/uf50-218/uf50-0287.cnf,SAT,0.000,0,0
benchmarks/satlib/uf50-218/uf50-0288.cnf,SAT,0.000,1,0
benchmarks/satlib/uf50-218/uf50-0289.cnf,SAT,0.000,0,0
benchmarks/satlib/uf50-218/uf50-029.cnf,SAT,0.000,1,0
benchmarks/satlib/uf50-218/uf50-0290.cnf,SAT,0.000,0,0
benchmarks/satlib/uf50-218/uf50-0291.cnf,SAT,0.000,0,0
benchmarks/satlib/uf50-218/uf50-0292.cnf,SAT,0.000,0,0
benchmarks/satlib/uf50-218/uf50-0293.cnf,SAT,0.000,1,0
benchmarks/satlib/uf50-218/uf50-0294.cnf,SAT,0.000,0,0
benchmarks/satlib/uf50-218/uf50-0295.cnf,SAT,0.000,0,0
benchmarks/satlib/uf50-218/uf50-0296.cnf,SAT,0.000,0,0
benchmarks/satlib/uf50-218/uf50-0297.cnf,SAT,0.000,1,0
benchmarks/satlib/uf50-218/uf50-0298.cnf,SAT,0.000,0,0
benchmarks/satlib/uf50-218/uf50-0299.cnf,SAT,0.000,0,0
benchmarks/satlib/uf50-218/uf50-03.cnf,SAT,0.000,0,0
benchmarks/satlib/uf50-218/uf50-030.cnf,SAT,0.000,0,0
benchmarks/satlib/uf50-218/uf50-0300.cnf,SAT,0.000,0,0
benchmarks/satlib/uf50-218/uf50-0301.cnf,SAT,0.000,0,0
benchmarks/satlib/uf50-218/uf50-0302.cnf,SAT,0.000,0,0
benchmarks/satlib/uf50-218/uf50-0303.cnf,SAT,0.000,0,0
benchmarks/satlib/uf50-218/uf50-0304.cnf,SAT,0.000,0,0
benchmarks/satlib/uf50-218/uf50-0305.cnf,SAT,0.000,0,0
benchmarks/satlib/uf50-218/uf50-0306.cnf,SAT,0.000,0,0
benchmarks/satlib/uf50-218/uf50-0307.cnf,SAT,0.000,0,0
benchmarks/satlib/uf50-218/uf50-0308.cnf,SAT,0.000,0,0
benchmarks/satlib/uf50-218/uf50-0309.cnf,SAT,0.000,0,0
benchmarks/satlib/uf50-218/uf50-031.cnf,SAT,0.000,0,0
benchmarks/satlib/uf50-218/uf50-0310.cnf,SAT,0.000,1,0
benchmarks/satlib/uf50-218/uf50-0311.cnf,SAT,0.000,0,0
benchmarks/satlib/uf50-218/uf50-0312.cnf,SAT,0.000,0,0
benchmarks/satlib/uf50-218/uf50-0313.cnf,SAT,0.000,0,0
benchmarks/satlib/uf50-218/uf50-0314.cnf,SAT,0.000,0,0
benchmarks/satlib/uf50-218/uf50-0315.cnf,SAT,0.000,0,0
benchmarks/satlib/uf50-218/uf50-0316.cnf,SAT,0.000,0,0
benchmarks/satlib/uf50-218/uf50-0317.cnf,SAT,0.000,0,0
benchmarks/satlib/uf50-218/uf50-0318.cnf,SAT,0.000,0,0
benchmarks/satlib/uf50-218/uf50-0319.cnf,SAT,0.000,0,0
benchmarks/satlib/uf50-218/uf50-032.cnf,SAT,0.000,0,0
benchmarks/satlib/uf50-218/uf50-0320.cnf,SAT,0.000,0,0
benchmarks/satlib/uf50-218/uf50-0321.cnf,SAT,0.000,0,0
benchmarks/satlib/uf50-218/uf50-0322.cnf,SAT,0.000,0,0
benchmarks/satlib/uf50-218/uf50-0323.cnf,SAT,0.000,0,0
benchmarks/satlib/uf50-218/uf50-0324.cnf,SAT,0.000,0,0
benchmarks/satlib/uf50-218/uf50-0325.cnf,SAT,0.000,1,0
benchmarks/satlib/uf50-218/uf50-0326.cnf,SAT,0.000,0,0
benchmarks/satlib/uf50-218/uf50-0327.cnf,SAT,0.000,0,0
benchmarks/satlib/uf50-218/uf50-0328.cnf,SAT,0.000,0,0
benchmarks/satlib/uf50-218/uf50-0329.cnf,SAT,0.000,0,0
benchmarks/satlib/uf50-218/uf50-033.cnf,SAT,0.000,0,0
benchmarks/satlib/uf50-218/uf50-0330.cnf,SAT,0.000,0,0
benchmarks/satlib/uf50-218/uf50-0331.cnf,SAT,0.000,0,0
benchmarks/satlib/uf50-218/uf50-0332.cnf,SAT,0.000,0,0
benchmarks/satlib/uf50-218/uf50-0333.cnf,SAT,0.000,0,0
benchmarks/satlib/uf50-218/uf50-0334.cnf,SAT,0.000,0,0
benchmarks/satlib/uf50-218/uf50-0335.cnf,SAT,0.000,0,0
benchmarks/satlib/uf50-218/uf50-0336.cnf,SAT,0.000,1,0
benchmarks/satlib/uf50-218/uf50-0337.cnf,SAT,0.000,1,0
benchmarks/satlib/uf50-218/uf50-0338.cnf,SAT,0.000,0,0
benchmarks/satlib/uf50-218/uf50-0339.cnf,SAT,0.000,1,0
benchmarks/satlib/uf50-218/uf50-034.cnf,SAT,0.000,0,0
benchmarks/satlib/uf50-218/uf50-0340.cnf,SAT,0.000,1,0
benchmarks/satlib/uf50-218/uf50-0341.cnf,SAT,0.000,0,0
benchmarks/satlib/uf50-218/uf50-0342.cnf,SAT,0.000,0,0
benchmarks/satlib/uf50-218/uf50-0343.cnf,SAT,0.000,1,0
benchmarks/satlib/uf50-218/uf50-0344.cnf,SAT,0.000,1,0
benchmarks/satlib/uf50-218/uf50-0345.cnf,SAT,0.000,0,0
benchmarks/satlib/uf50-218/uf50-0346.cnf,SAT,0.000,0,0
benchmarks/satlib/uf50-218/uf50-0347.cnf,SAT,0.000,0,0
benchmarks/satlib/uf50-218/uf50-0348.cnf,SAT,0.000,0,0
benchmarks/satlib/uf50-218/uf50-0349.cnf,SAT,0.000,0,0
benchmarks/satlib/uf50-218/uf50-035.cnf,SAT,0.000,0,0
benchmarks/satlib/uf50-218/uf50-0350.cnf,SAT,0.000,0,0
benchmarks/satlib/uf50-218/uf50-0351.cnf,SAT,0.000,0,0
benchmarks/satlib/uf50-218/uf50-0352.cnf,SAT,0.000,0,0
benchmarks/satlib/uf50-218/uf50-0353.cnf,SAT,0.000,0,0
benchmarks/satlib/uf50-218/uf50-0354.cnf,SAT,0.000,0,0
benchmarks/satlib/uf50-218/uf50-0355.cnf,SAT,0.000,0,0
benchmarks/satlib/uf50-218/uf50-0356.cnf,SAT,0.000,1,0
benchmarks/satlib/uf50-218/uf50-0357.cnf,SAT,0.000,0,0
benchmarks/satlib/uf50-218/uf50-0358.cnf,SAT,0.000,1,0
benchmarks/satlib/uf50-218/uf50-0359.cnf,SAT,0.000,1,0
benchmarks/satlib/uf50-218/uf50-036.cnf,SAT,0.000,1,0
benchmarks/satlib/uf50-218/uf50-0360.cnf,SAT,0.000,0,0
benchmarks/satlib/uf50-218/uf50-0361.cnf,SAT,0.000,0,0
benchmarks/satlib/uf50-218/uf50-0362.cnf,SAT,0.000,0,0
benchmarks/satlib/uf50-218/uf50-0363.cnf,SAT,0.000,0,0
benchmarks/satlib/uf50-218/uf50-0364.cnf,SAT,0.000,0,0
benchmarks/satlib/uf50-218/uf50-0365.cnf,SAT,0.000,0,0
benchmarks/satlib/uf50-218/uf50-0366.cnf,SAT,0.000,0,0
benchmarks/satlib/uf50-218/uf50-0367.cnf,SAT,0.000,0,0
benchmarks/satlib/uf50-218/uf50-0368.cnf,SAT,0.000,1,0
benchmarks/satlib/uf50-218/uf50-0369.cnf,SAT,0.000,0,0
benchmarks/satlib/uf50-218/uf50-037.cnf,SAT,0.000,0,0
benchmarks/satlib/uf50-218/uf50-0370.cnf,SAT,0.000,0,0
benchmarks/satlib/uf50-218/uf50-0371.cnf,SAT,0.000,0,0
benchmarks/satlib/uf50-218/uf50-0372.cnf,SAT,0.000,0,0
benchmarks/satlib/uf50-218/uf50-0373.cnf,SAT,0.000,0,0
benchmarks/satlib/uf50-218/uf50-0374.cnf,SAT,0.000,1,0
benchmarks/satlib/uf50-218/uf50-0375.cnf,SAT,0.000,0,0
benchmarks/satlib/uf50-218/uf50-0376.cnf,SAT,0.000,0,0
benchmarks/satlib/uf50-218/uf50-0377.cnf,SAT,0.000,0,0
benchmarks/satlib/uf50-218/uf50-0378.cnf,SAT,0.000,0,0
benchmarks/satlib/uf50-218/uf50-0379.cnf,SAT,0.000,0,0
benchmarks/satlib/uf50-218/uf50-038.cnf,SAT,0.000,0,0
benchmarks/satlib/uf50-218/uf50-0380.cnf,SAT,0.000,0,0
benchmarks/satlib/uf50-218/uf50-0381.cnf,SAT,0.000,0,0
benchmarks/satlib/uf50-218/uf50-0382.cnf,SAT,0.000,0,0
benchmarks/satlib/uf50-218/uf50-0383.cnf,SAT,0.000,0,0
benchmarks/satlib/uf50-218/uf50-0384.cnf,SAT,0.000,0,0
benchmarks/satlib/uf50-218/uf50-0385.cnf,SAT,0.000,0,0
benchmarks/satlib/uf50-218/uf50-0386.cnf,SAT,0.000,0,0
benchmarks/satlib/uf50-218/uf50-0387.cnf,SAT,0.000,0,0
benchmarks/satlib/uf50-218/uf50-0388.cnf,SAT,0.000,0,0
benchmarks/satlib/uf50-218/uf50-0389.cnf,SAT,0.000,1,0
benchmarks/satlib/uf50-218/uf50-039.cnf,SAT,0.000,0,0
benchmarks/satlib/uf50-218/uf50-0390.cnf,SAT,0.000,1,0
benchmarks/satlib/uf50-218/uf50-0391.cnf,SAT,0.000,1,0
benchmarks/satlib/uf50-218/uf50-0392.cnf,SAT,0.000,0,0
benchmarks/satlib/uf50-218/uf50-0393.cnf,SAT,0.000,0,0
benchmarks/satlib/uf50-218/uf50-0394.cnf,SAT,0.000,0,0
benchmarks/satlib/uf50-218/uf50-0395.cnf,SAT,0.000,0,0
benchmarks/satlib/uf50-218/uf50-0396.cnf,SAT,0.000,0,0
benchmarks/satlib/uf50-218/uf50-0397.cnf,SAT,0.000,0,0
benchmarks/satlib/uf50-218/uf50-0398.cnf,SAT,0.000,1,0
benchmarks/satlib/uf50-218/uf50-0399.cnf,SAT,0.000,1,0
benchmarks/satlib/uf50-218/uf50-04.cnf,SAT,0.000,0,0
benchmarks/satlib/uf50-218/uf50-040.cnf,SAT,0.000,0,0
benchmarks/satlib/uf50-218/uf50-0400.cnf,SAT,0.000,0,0
benchmarks/satlib/uf50-218/uf50-0401.cnf,SAT,0.000,1,0
benchmarks/satlib/uf50-218/uf50-0402.cnf,SAT,0.000,0,0
benchmarks/satlib/uf50-218/uf50-0403.cnf,SAT,0.000,1,0
benchmarks/satlib/uf50-218/uf50-0404.cnf,SAT,0.000,0,0
benchmarks/satlib/uf50-218/uf50-0405.cnf,SAT,0.000,0,0
benchmarks/satlib/uf50-218/uf50-0406.cnf,SAT,0.000,0,0
benchmarks/satlib/uf50-218/uf50-0407.cnf,SAT,0.000,0,0
benchmarks/satlib/uf50-218/uf50-0408.cnf,SAT,0.000,0,0
benchmarks/satlib/uf50-218/uf50-0409.cnf,SAT,0.000,0,0
benchmarks/satlib/uf50-218/uf50-041.cnf,SAT,0.000,0,0
benchmarks/satlib/uf50-218/uf50-0410.cnf,SAT,0.000,0,0
benchmarks/satlib/uf50-218/uf50-0411.cnf,SAT,0.000,0,0
benchmarks/satlib/uf50-218/uf50-0412.cnf,SAT,0.000,1,0
benchmarks/satlib/uf50-218/uf50-0413.cnf,SAT,0.000,0,0
benchmarks/satlib/uf50-218/uf50-0414.cnf,SAT,0.000,0,0
benchmarks/satlib/uf50-218/uf50-0415.cnf,SAT,0.000,0,0
benchmarks/satlib/uf50-218/uf50-0416.cnf,SAT,0.000,2,0
benchmarks/satlib/uf50-218/uf50-0417.cnf,SAT,0.000,0,0
benchmarks/satlib/uf50-218/uf50-0418.cnf,SAT,0.000,0,0
benchmarks/satlib/uf50-218/uf50-0419.cnf,SAT,0.000,0,0
benchmarks/satlib/uf50-218/uf50-042.cnf,SAT,0.000,2,0
benchmarks/satlib/uf50-218/uf50-0420.cnf,SAT,0.000,0,0
benchmarks/satlib/uf50-218/uf50-0421.cnf,SAT,0.000,1,0
benchmarks/satlib/uf50-218/uf50-0422.cnf,SAT,0.000,0,0
benchmarks/satlib/uf50-218/uf50-0423.cnf,SAT,0.000,0,0
benchmarks/satlib/uf50-218/uf50-0424.cnf,SAT,0.000,0,0
benchmarks/satlib/uf50-218/uf50-0425.cnf,SAT,0.000,1,0
benchmarks/satlib/uf50-218/uf50-0426.cnf,SAT,0.000,0,0
benchmarks/satlib/uf50-218/uf50-0427.cnf,SAT,0.000,0,0
benchmarks/satlib/uf50-218/uf50-0428.cnf,SAT,0.000,0,0
benchmarks/satlib/uf50-218/uf50-0429.cnf,SAT,0.000,1,0
benchmarks/satlib/uf50-218/uf50-043.cnf,SAT,0.000,0,0
benchmarks/satlib/uf50-218/uf50-0430.cnf,SAT,0.000,1,0
benchmarks/satlib/uf50-218/uf50-0431.cnf,SAT,0.000,0,0
benchmarks/satlib/uf50-218/uf50-0432.cnf,SAT,0.000,0,0
benchmarks/satlib/uf50-218/uf50-0433.cnf,SAT,0.000,0,0
benchmarks/satlib/uf50-218/uf50-0434.cnf,SAT,0.000,0,0
benchmarks/satlib/uf50-218/uf50-0435.cnf,SAT,0.000,1,0
benchmarks/satlib/uf50-218/uf50-0436.cnf,SAT,0.000,1,0
benchmarks/satlib/uf50-218/uf50-0437.cnf,SAT,0.000,0,0
benchmarks/satlib/uf50-218/uf50-0438.cnf,SAT,0.000,0,0
benchmarks/satlib/uf50-218/uf50-0439.cnf,SAT,0.000,0,0
benchmarks/satlib/uf50-218/uf50-044.cnf,SAT,0.000,0,0
benchmarks/satlib/uf50-218/uf50-0440.cnf,SAT,0.000,2,0
benchmarks/satlib/uf50-218/uf50-0441.cnf,SAT,0.000,0,0
benchmarks/satlib/uf50-218/uf50-0442.cnf,SAT,0.000,1,0
benchmarks/satlib/uf50-218/uf50-0443.cnf,SAT,0.000,0,0
benchmarks/satlib/uf50-218/uf50-0444.cnf,SAT,0.000,0,0
benchmarks/satlib/uf50-218/uf50-0445.cnf,SAT,0.000,0,0
benchmarks/satlib/uf50-218/uf50-0446.cnf,SAT,0.000,0,0
benchmarks/satlib/uf50-218/uf50-0447.cnf,SAT,0.000,0,0
benchmarks/satlib/uf50-218/uf50-0448.cnf,SAT,0.000,0,0
benchmarks/satlib/uf50-218/uf50-0449.cnf,SAT,0.000,0,0
benchmarks/satlib/uf50-218/uf50-045.cnf,SAT,0.000,0,0
benchmarks/satlib/uf50-218/uf50-0450.cnf,SAT,0.000,0,0
benchmarks/satlib/uf50-218/uf50-0451.cnf,SAT,0.000,0,0
benchmarks/satlib/uf50-218/uf50-0452.cnf,SAT,0.000,0,0
benchmarks/satlib/uf50-218/uf50-0453.cnf,SAT,0.000,0,0
benchmarks/satlib/uf50-218/uf50-0454.cnf,SAT,0.000,0,0
benchmarks/satlib/uf50-218/uf50-0455.cnf,SAT,0.000,1,0
benchmarks/satlib/uf50-218/uf50-0456.cnf,SAT,0.000,0,0
benchmarks/satlib/uf50-218/uf50-0457.cnf,SAT,0.000,0,0
benchmarks/satlib/uf50-218/uf50-0458.cnf,SAT,0.000,0,0
benchmarks/satlib/uf50-218/uf50-0459.cnf,SAT,0.000,0,0
benchmarks/satlib/uf50-218/uf50-046.cnf,SAT,0.000,0,0
benchmarks/satlib/uf50-218/uf50-0460.cnf,SAT,0.000,1,0
benchmarks/satlib/uf50-218/uf50-0461.cnf,SAT,0.000,0,0
benchmarks/satlib/uf50-218/uf50-0462.cnf,SAT,0.000,0,0
benchmarks/satlib/uf50-218/uf50-0463.cnf,SAT,0.000,0,0
benchmarks/satlib/uf50-218/uf50-0464.cnf,SAT,0.000,0,0
benchmarks/satlib/uf50-218/uf50-0465.cnf,SAT,0.000,0,0
benchmarks/satlib/uf50-218/uf50-0466.cnf,SAT,0.000,1,0
benchmarks/satlib/uf50-218/uf50-0467.cnf,SAT,0.000,0,0
benchmarks/satlib/uf50-218/uf50-0468.cnf,SAT,0.000,0,0
benchmarks/satlib/uf50-218/uf50-0469.cnf,SAT,0.000,0,0
benchmarks/satlib/uf50-218/uf50-047.cnf,SAT,0.000,1,0
benchmarks/satlib/uf50-218/uf50-0470.cnf,SAT,0.000,0,0
benchmarks/satlib/uf50-218/uf50-0471.cnf,SAT,0.000,1,0
benchmarks/satlib/uf50-218/uf50-0472.cnf,SAT,0.000,0,0
benchmarks/satlib/uf50-218/uf50-0473.cnf,SAT,0.000,0,0
benchmarks/satlib/uf50-218/uf50-0474.cnf,SAT,0.000,0,0
benchmarks/satlib/uf50-218/uf50-0475.cnf,SAT,0.000,0,0
benchmarks/satlib/uf50-218/uf50-0476.cnf,SAT,0.000,0,0
benchmarks/satlib/uf50-218/uf50-0477.cnf,SAT,0.000,0,0
benchmarks/satlib/uf50-218/uf50-0478.cnf,SAT,0.000,1,0
benchmarks/satlib/uf50-218/uf50-0479.cnf,SAT,0.000,0,0
benchmarks/satlib/uf50-218/uf50-048.cnf,SAT,0.000,1,0
benchmarks/satlib/uf50-218/uf50-0480.cnf,SAT,0.000,1,0
benchmarks/satlib/uf50-218/uf50-0481.cnf,SAT,0.000,0,0
benchmarks/satlib/uf50-218/uf50-0482.cnf,SAT,0.000,0,0
benchmarks/satlib/uf50-218/uf50-0483.cnf,SAT,0.000,0,0
benchmarks/satlib/uf50-218/uf50-0484.cnf,SAT,0.000,0,0
benchmarks/satlib/uf50-218/uf50-0485.cnf,SAT,0.000,0,0
benchmarks/satlib/uf50-218/uf50-0486.cnf,SAT,0.000,0,0
benchmarks/satlib/uf50-218/uf50-0487.cnf,SAT,0.000,0,0
benchmarks/satlib/uf50-218/uf50-0488.cnf,SAT,0.000,0,0
benchmarks/satlib/uf50-218/uf50-0489.cnf,SAT,0.000,0,0
benchmarks/satlib/uf50-218/uf50-049.cnf,SAT,0.000,0,0
benchmarks/satlib/uf50-218/uf50-0490.cnf,SAT,0.000,0,0
benchmarks/satlib/uf50-218/uf50-0491.cnf,SAT,0.000,0,0
benchmarks/satlib/uf50-218/uf50-0492.cnf,SAT,0.000,0,0
benchmarks/satlib/uf50-218/uf50-0493.cnf,SAT,0.000,0,0
benchmarks/satlib/uf50-218/uf50-0494.cnf,SAT,0.000,0,0
benchmarks/satlib/uf50-218/uf50-0495.cnf,SAT,0.000,1,0
benchmarks/satlib/uf50-218/uf50-0496.cnf,SAT,0.000,0,0
benchmarks/satlib/uf50-218/uf50-0497.cnf,SAT,0.000,1,0
benchmarks/satlib/uf50-218/uf50-0498.cnf,SAT,0.000,0,0
benchmarks/satlib/uf50-218/uf50-0499.cnf,SAT,0.000,0,0
benchmarks/satlib/uf50-218/uf50-05.cnf,SAT,0.000,0,0
benchmarks/satlib/uf50-218/uf50-050.cnf,SAT,0.000,0,0
benchmarks/satlib/uf50-218/uf50-0500.cnf,SAT,0.000,0,0
benchmarks/satlib/uf50-218/uf50-0501.cnf,SAT,0.000,0,0
benchmarks/satlib/uf50-218/uf50-0502.cnf,SAT,0.000,0,0
benchmarks/satlib/uf50-218/uf50-0503.cnf,SAT,0.000,0,0
benchmarks/satlib/uf50-218/uf50-0504.cnf,SAT,0.000,0,0
benchmarks/satlib/uf50-218/uf50-0505.cnf,SAT,0.000,0,0
benchmarks/satlib/uf50-218/uf50-0506.cnf,SAT,0.000,0,0
benchmarks/satlib/uf50-218/uf50-0507.cnf,SAT,0.000,0,0
benchmarks/satlib/uf50-218/uf50-0508.cnf,SAT,0.000,0,0
benchmarks/satlib/uf50-218/uf50-0509.cnf,SAT,0.000,0,0
benchmarks/satlib/uf50-218/uf50-051.cnf,SAT,0.000,0,0
benchmarks/satlib/uf50-218/uf50-0510.cnf,SAT,0.000,0,0
benchmarks/satlib/uf50-218/uf50-0511.cnf,SAT,0.000,0,0
benchmarks/satlib/uf50-218/uf50-0512.cnf,SAT,0.000,0,0
benchmarks/satlib/uf50-218/uf50-0513.cnf,SAT,0.000,1,0
benchmarks/satlib/uf50-218/uf50-0514.cnf,SAT,0.000,1,0
benchmarks/satlib/uf50-218/uf50-0515.cnf,SAT,0.000,0,0
benchmarks/satlib/uf50-218/uf50-0516.cnf,SAT,0.000,0,0
benchmarks/satlib/uf50-218/uf50-0517.cnf,SAT,0.000,0,0
benchmarks/satlib/uf50-218/uf50-0518.cnf,SAT,0.000,0,0
benchmarks/satlib/uf50-218/uf50-0519.cnf,SAT,0.000,0,0
benchmarks/satlib/uf50-218/uf50-052.cnf,SAT,0.000,1,0
benchmarks/satlib/uf50-218/uf50-0520.cnf,SAT,0.000,0,0
benchmarks/satlib/uf50-218/uf50-0521.cnf,SAT,0.000,0,0
benchmarks/satlib/uf50-218/uf50-0522.cnf,SAT,0.000,0,0
benchmarks/satlib/uf50-218/uf50-0523.cnf,SAT,0.000,0,0
benchmarks/satlib/uf50-218/uf50-0524.cnf,SAT,0.000,0,0
benchmarks/satlib/uf50-218/uf50-0525.cnf,SAT,0.000,0,0
benchmarks/satlib/uf50-218/uf50-0526.cnf,SAT,0.000,0,0
benchmarks/satlib/uf50-218/uf50-0527.cnf,SAT,0.000,0,0
benchmarks/satlib/uf50-218/uf50-0528.cnf,SAT,0.000,0,0
benchmarks/satlib/uf50-218/uf50-0529.cnf,SAT,0.000,0,0
benchmarks/satlib/uf50-218/uf50-053.cnf,SAT,0.000,0,0
benchmarks/satlib/uf50-218/uf50-0530.cnf,SAT,0.000,0,0
benchmarks/satlib/uf50-218/uf50-0531.cnf,SAT,0.000,0,0
benchmarks/satlib/uf50-218/uf50-0532.cnf,SAT,0.000,0,0
benchmarks/satlib/uf50-218/uf50-0533.cnf,SAT,0.000,1,0
benchmarks/satlib/uf50-218/uf50-0534.cnf,SAT,0.000,1,0
benchmarks/satlib/uf50-218/uf50-0535.cnf,SAT,0.000,1,0
benchmarks/satlib/uf50-218/uf50-0536.cnf,SAT,0.000,0,0
benchmarks/satlib/uf50-218/uf50-0537.cnf,SAT,0.000,0,0
benchmarks/satlib/uf50-218/uf50-0538.cnf,SAT,0.000,0,0
benchmarks/satlib/uf50-218/uf50-0539.cnf,SAT,0.000,0,0
benchmarks/satlib/uf50-218/uf50-054.cnf,SAT,0.000,0,0
benchmarks/satlib/uf50-218/uf50-0540.cnf,SAT,0.000,0,0
benchmarks/satlib/uf50-218/uf50-0541.cnf,SAT,0.000,0,0
benchmarks/satlib/uf50-218/uf50-0542.cnf,SAT,0.000,0,0
benchmarks/satlib/uf50-218/uf50-0543.cnf,SAT,0.000,0,0
benchmarks/satlib/uf50-218/uf50-0544.cnf,SAT,0.000,1,0
benchmarks/satlib/uf50-218/uf50-0545.cnf,SAT,0.000,0,0
benchmarks/satlib/uf50-218/uf50-0546.cnf,SAT,0.000,0,0
benchmarks/satlib/uf50-218/uf50-0547.cnf,SAT,0.000,0,0
benchmarks/satlib/uf50-218/uf50-0548.cnf,SAT,0.000,0,0
benchmarks/satlib/uf50-218/uf50-0549.cnf,SAT,0.000,1,0
benchmarks/satlib/uf50-218/uf50-055.cnf,SAT,0.000,0,0
benchmarks/satlib/uf50-218/uf50-0550.cnf,SAT,0.000,0,0
benchmarks/satlib/uf50-218/uf50-0551.cnf,SAT,0.000,0,0
benchmarks/satlib/uf50-218/uf50-0552.cnf,SAT,0.000,1,0
benchmarks/satlib/uf50-218/uf50-0553.cnf,SAT,0.000,1,0
benchmarks/satlib/uf50-218/uf50-0554.cnf,SAT,0.000,1,0
benchmarks/satlib/uf50-218/uf50-0555.cnf,SAT,0.000,0,0
benchmarks/satlib/uf50-218/uf50-0556.cnf,SAT,0.000,1,0
benchmarks/satlib/uf50-218/uf50-0557.cnf,SAT,0.000,0,0
benchmarks/satlib/uf50-218/uf50-0558.cnf,SAT,0.000,0,0
benchmarks/satlib/uf50-218/uf50-0559.cnf,SAT,0.000,0,0
benchmarks/satlib/uf50-218/uf50-056.cnf,SAT,0.000,1,0
benchmarks/satlib/uf50-218/uf50-0560.cnf,SAT,0.000,0,0
benchmarks/satlib/uf50-218/uf50-0561.cnf,SAT,0.000,0,0
benchmarks/satlib/uf50-218/uf50-0562.cnf,SAT,0.000,0,0
benchmarks/satlib/uf50-218/uf50-0563.cnf,SAT,0.000,0,0
benchmarks/satlib/uf50-218/uf50-0564.cnf,SAT,0.000,0,0
benchmarks/satlib/uf50-218/uf50-0565.cnf,SAT,0.000,0,0
benchmarks/satlib/uf50-218/uf50-0566.cnf,SAT,0.000,1,0
benchmarks/satlib/uf50-218/uf50-0567.cnf,SAT,0.000,0,0
benchmarks/satlib/uf50-218/uf50-0568.cnf,SAT,0.000,1,0
benchmarks/satlib/uf50-218/uf50-0569.cnf,SAT,0.000,0,0
benchmarks/satlib/uf50-218/uf50-057.cnf,SAT,0.000,0,0
benchmarks/satlib/uf50-218/uf50-0570.cnf,SAT,0.000,0,0
benchmarks/satlib/uf50-218/uf50-0571.cnf,SAT,0.000,0,0
benchmarks/satlib/uf50-218/uf50-0572.cnf,SAT,0.000,0,0
benchmarks/satlib/uf50-218/uf50-0573.cnf,SAT,0.000,0,0
benchmarks/satlib/uf50-218/uf50-0574.cnf,SAT,0.000,0,0
benchmarks/satlib/uf50-218/uf50-0575.cnf,SAT,0.000,0,0
benchmarks/satlib/uf50-218/uf50-0576.cnf,SAT,0.000,0,0
benchmarks/satlib/uf50-218/uf50-0577.cnf,SAT,0.000,0,0
benchmarks/satlib/uf50-218/uf50-0578.cnf,SAT,0.000,0,0
benchmarks/satlib/uf50-218/uf50-0579.cnf,SAT,0.000,0,0
benchmarks/satlib/uf50-218/uf50-058.cnf,SAT,0.000,1,0
benchmarks/satlib/uf50-218/uf50-0580.cnf,SAT,0.000,2,0
benchmarks/satlib/uf50-218/uf50-0581.cnf,SAT,0.000,0,0
benchmarks/satlib/uf50-218/uf50-0582.cnf,SAT,0.000,0,0
benchmarks/satlib/uf50-218/uf50-0583.cnf,SAT,0.000,0,0
benchmarks/satlib/uf50-218/uf50-0584.cnf,SAT,0.000,0,0
benchmarks/satlib/uf50-218/uf50-0585.cnf,SAT,0.000,2,0
benchmarks/satlib/uf50-218/uf50-0586.cnf,SAT,0.000,1,0
benchmarks/satlib/uf50-218/uf50-0587.cnf,SAT,0.000,0,0
benchmarks/satlib/uf50-218/uf50-0588.cnf,SAT,0.000,0,0
benchmarks/satlib/uf50-218/uf50-0589.cnf,SAT,0.000,0,0
benchmarks/satlib/uf50-218/uf50-059.cnf,SAT,0.000,0,0
benchmarks/satlib/uf50-218/uf50-0590.cnf,SAT,0.000,0,0
benchmarks/satlib/uf50-218/uf50-0591.cnf,SAT,0.000,0,0
benchmarks/satlib/uf50-218/uf50-0592.cnf,SAT,0.000,0,0
benchmarks/satlib/uf50-218/uf50-0593.cnf,SAT,0.000,0,0
benchmarks/satlib/uf50-218/uf50-0594.cnf,SAT,0.000,0,0
benchmarks/satlib/uf50-218/uf50-0595.cnf,SAT,0.000,1,0
benchmarks/satlib/uf50-218/uf50-0596.cnf,SAT,0.000,0,0
benchmarks/satlib/uf50-218/uf50-0597.cnf,SAT,0.000,0,0
benchmarks/satlib/uf50-218/uf50-0598.cnf,SAT,0.000,0,0
benchmarks/satlib/uf50-218/uf50-0599.cnf,SAT,0.000,0,0
benchmarks/satlib/uf50-218/uf50-06.cnf,SAT,0.000,0,0
benchmarks/satlib/uf50-218/uf50-060.cnf,SAT,0.000,0,0
benchmarks/satlib/uf50-218/uf50-0600.cnf,SAT,0.000,0,0
benchmarks/satlib/uf50-218/uf50-0601.cnf,SAT,0.000,0,0
benchmarks/satlib/uf50-218/uf50-0602.cnf,SAT,0.000,0,0
benchmarks/satlib/uf50-218/uf50-0603.cnf,SAT,0.000,0,0
benchmarks/satlib/uf50-218/uf50-0604.cnf,SAT,0.000,0,0
benchmarks/satlib/uf50-218/uf50-0605.cnf,SAT,0.000,0,0
benchmarks/satlib/uf50-218/uf50-0606.cnf,SAT,0.000,0,0
benchmarks/satlib/uf50-218/uf50-0607.cnf,SAT,0.000,0,0
benchmarks/satlib/uf50-218/uf50-0608.cnf,SAT,0.000,0,0
benchmarks/satlib/uf50-218/uf50-0609.cnf,SAT,0.000,0,0
benchmarks/satlib/uf50-218/uf50-061.cnf,SAT,0.000,0,0
benchmarks/satlib/uf50-218/uf50-0610.cnf,SAT,0.000,0,0
benchmarks/satlib/uf50-218/uf50-0611.cnf,SAT,0.000,0,0
benchmarks/satlib/uf50-218/uf50-0612.cnf,SAT,0.000,1,0
benchmarks/satlib/uf50-218/uf50-0613.cnf,SAT,0.000,0,0
benchmarks/satlib/uf50-218/uf50-0614.cnf,SAT,0.000,0,0
benchmarks/satlib/uf50-218/uf50-0615.cnf,SAT,0.000,1,0
benchmarks/satlib/uf50-218/uf50-0616.cnf,SAT,0.000,0,0
benchmarks/satlib/uf50-218/uf50-0617.cnf,SAT,0.000,0,0
benchmarks/satlib/uf50-218/uf50-0618.cnf,SAT,0.000,0,0
benchmarks/satlib/uf50-218/uf50-0619.cnf,SAT,0.000,0,0
benchmarks/satlib/uf50-218/uf50-062.cnf,SAT,0.000,0,0
benchmarks/satlib/uf50-218/uf50-0620.cnf,SAT,0.000,1,0
benchmarks/satlib/uf50-218/uf50-0621.cnf,SAT,0.000,0,0
benchmarks/satlib/uf50-218/uf50-0622.cnf,SAT,0.000,0,0
benchmarks/satlib/uf50-218/uf50-0623.cnf,SAT,0.000,0,0
benchmarks/satlib/uf50-218/uf50-0624.cnf,SAT,0.000,2,0
benchmarks/satlib/uf50-218/uf50-0625.cnf,SAT,0.000,0,0
benchmarks/satlib/uf50-218/uf50-0626.cnf,SAT,0.000,0,0
benchmarks/satlib/uf50-218/uf50-0627.cnf,SAT,0.000,0,0
benchmarks/satlib/uf50-218/uf50-0628.cnf,SAT,0.000,0,0
benchmarks/satlib/uf50-218/uf50-0629.cnf,SAT,0.000,0,0
benchmarks/satlib/uf50-218/uf50-063.cnf,SAT,0.000,0,0
benchmarks/satlib/uf50-218/uf50-0630.cnf,SAT,0.000,0,0
benchmarks/satlib/uf50-218/uf50-0631.cnf,SAT,0.000,0,0
benchmarks/satlib/uf50-218/uf50-0632.cnf,SAT,0.000,0,0
benchmarks/satlib/uf50-218/uf50-0633.cnf,SAT,0.000,0,0
benchmarks/satlib/uf50-218/uf50-0634.cnf,SAT,0.000,0,0
benchmarks/satlib/uf50-218/uf50-0635.cnf,SAT,0.000,0,0
benchmarks/satlib/uf50-218/uf50-0636.cnf,SAT,0.000,0,0
benchmarks/satlib/uf50-218/uf50-0637.cnf,SAT,0.000,0,0
benchmarks/satlib/uf50-218/uf50-0638.cnf,SAT,0.000,1,0
benchmarks/satlib/uf50-218/uf50-0639.cnf,SAT,0.000,0,0
benchmarks/satlib/uf50-218/uf50-064.cnf,SAT,0.000,1,0
benchmarks/satlib/uf50-218/uf50-0640.cnf,SAT,0.000,0,0
benchmarks/satlib/uf50-218/uf50-0641.cnf,SAT,0.000,0,0
benchmarks/satlib/uf50-218/uf50-0642.cnf,SAT,0.000,0,0
benchmarks/satlib/uf50-218/uf50-0643.cnf,SAT,0.000,0,0
benchmarks/satlib/uf50-218/uf50-0644.cnf,SAT,0.000,0,0
benchmarks/satlib/uf50-218/uf50-0645.cnf,SAT,0.000,0,0
benchmarks/satlib/uf50-218/uf50-0646.cnf,SAT,0.000,0,0
benchmarks/satlib/uf50-218/uf50-0647.cnf,SAT,0.000,0,0
benchmarks/satlib/uf50-218/uf50-0648.cnf,SAT,0.000,1,0
benchmarks/satlib/uf50-218/uf50-0649.cnf,SAT,0.000,0,0
benchmarks/satlib/uf50-218/uf50-065.cnf,SAT,0.000,0,0
benchmarks/satlib/uf50-218/uf50-0650.cnf,SAT,0.000,0,0
benchmarks/satlib/uf50-218/uf50-0651.cnf,SAT,0.000,0,0
benchmarks/satlib/uf50-218/uf50-0652.cnf,SAT,0.000,0,0
benchmarks/satlib/uf50-218/uf50-0653.cnf,SAT,0.000,0,0
benchmarks/satlib/uf50-218/uf50-0654.cnf,SAT,0.000,0,0
benchmarks/satlib/uf50-218/uf50-0655.cnf,SAT,0.000,0,0
benchmarks/satlib/uf50-218/uf50-0656.cnf,SAT,0.000,0,0
benchmarks/satlib/uf50-218/uf50-0657.cnf,SAT,0.000,0,0
benchmarks/satlib/uf50-218/uf50-0658.cnf,SAT,0.000,1,0
benchmarks/satlib/uf50-218/uf50-0659.cnf,SAT,0.000,0,0
benchmarks/satlib/uf50-218/uf50-066.cnf,SAT,0.000,1,0
benchmarks/satlib/uf50-218/uf50-0660.cnf,SAT,0.000,0,0
benchmarks/satlib/uf50-218/uf50-0661.cnf,SAT,0.000,0,0
benchmarks/satlib/uf50-218/uf50-0662.cnf,SAT,0.000,0,0
benchmarks/satlib/uf50-218/uf50-0663.cnf,SAT,0.000,0,0
benchmarks/satlib/uf50-218/uf50-0664.cnf,SAT,0.000,0,0
benchmarks/satlib/uf50-218/uf50-0665.cnf,SAT,0.000,0,0
benchmarks/satlib/uf50-218/uf50-0666.cnf,SAT,0.000,0,0
benchmarks/satlib/uf50-218/uf50-0667.cnf,SAT,0.000,1,0
benchmarks/satlib/uf50-218/uf50-0668.cnf,SAT,0.000,0,0
benchmarks/satlib/uf50-218/uf50-0669.cnf,SAT,0.000,0,0
benchmarks/satlib/uf50-218/uf50-067.cnf,SAT,0.000,0,0
benchmarks/satlib/uf50-218/uf50-0670.cnf,SAT,0.000,0,0
benchmarks/satlib/uf50-218/uf50-0671.cnf,SAT,0.000,0,0
benchmarks/satlib/uf50-218/uf50-0672.cnf,SAT,0.000,2,0
benchmarks/satlib/uf50-218/uf50-0673.cnf,SAT,0.000,0,0
benchmarks/satlib/uf50-218/uf50-0674.cnf,SAT,0.000,0,0
benchmarks/satlib/uf50-218/uf50-0675.cnf,SAT,0.000,0,0
benchmarks/satlib/uf50-218/uf50-0676.cnf,SAT,0.000,0,0
benchmarks/satlib/uf50-218/uf50-0677.cnf,SAT,0.000,0,0
benchmarks/satlib/uf50-218/uf50-0678.cnf,SAT,0.000,0,0
benchmarks/satlib/uf50-218/uf50-0679.cnf,SAT,0.000,0,0
benchmarks/satlib/uf50-218/uf50-068.cnf,SAT,0.000,0,0
benchmarks/satlib/uf50-218/uf50-0680.cnf,SAT,0.000,0,0
benchmarks/satlib/uf50-218/uf50-0681.cnf,SAT,0.000,0,0
benchmarks/satlib/uf50-218/uf50-0682.cnf,SAT,0.000,0,0
benchmarks/satlib/uf50-218/uf50-0683.cnf,SAT,0.000,0,0
benchmarks/satlib/uf50-218/uf50-0684.cnf,SAT,0.000,1,0
benchmarks/satlib/uf50-218/uf50-0685.cnf,SAT,0.000,0,0
benchmarks/satlib/uf50-218/uf50-0686.cnf,SAT,0.000,0,0
benchmarks/satlib/uf50-218/uf50-0687.cnf,SAT,0.000,0,0
benchmarks/satlib/uf50-218/uf50-0688.cnf,SAT,0.000,0,0
benchmarks/satlib/uf50-218/uf50-0689.cnf,SAT,0.000,1,0
benchmarks/satlib/uf50-218/uf50-069.cnf,SAT,0.000,1,0
benchmarks/satlib/uf50-218/uf50-0690.cnf,SAT,0.000,1,0
benchmarks/satlib/uf50-218/uf50-0691.cnf,SAT,0.000,0,0
benchmarks/satlib/uf50-218/uf50-0692.cnf,SAT,0.000,0,0
benchmarks/satlib/uf50-218/uf50-0693.cnf,SAT,0.000,1,0
benchmarks/satlib/uf50-218/uf50-0694.cnf,SAT,0.000,0,0
benchmarks/satlib/uf50-218/uf50-0695.cnf,SAT,0.000,0,0
benchmarks/satlib/uf50-218/uf50-0696.cnf,SAT,0.000,1,0
benchmarks/satlib/uf50-218/uf50-0697.cnf,SAT,0.000,0,0
benchmarks/satlib/uf50-218/uf50-0698.cnf,SAT,0.000,0,0
benchmarks/satlib/uf50-218/uf50-0699.cnf,SAT,0.000,1,0
benchmarks/satlib/uf50-218/uf50-07.cnf,SAT,0.000,0,0
benchmarks/satlib/uf50-218/uf50-070.cnf,SAT,0.000,1,0
benchmarks/satlib/uf50-218/uf50-0700.cnf,SAT,0.000,1,0
benchmarks/satlib/uf50-218/uf50-0701.cnf,SAT,0.000,0,0
benchmarks/satlib/uf50-218/uf50-0702.cnf,SAT,0.000,0,0
benchmarks/satlib/uf50-218/uf50-0703.cnf,SAT,0.000,0,0
benchmarks/satlib/uf50-218/uf50-0704.cnf,SAT,0.000,0,0
benchmarks/satlib/uf50-218/uf50-0705.cnf,SAT,0.000,1,0
benchmarks/satlib/uf50-218/uf50-0706.cnf,SAT,0.000,0,0
benchmarks/satlib/uf50-218/uf50-0707.cnf,SAT,0.000,2,0
benchmarks/satlib/uf50-218/uf50-0708.cnf,SAT,0.000,0,0
benchmarks/satlib/uf50-218/uf50-0709.cnf,SAT,0.000,0,0
benchmarks/satlib/uf50-218/uf50-071.cnf,SAT,0.000,0,0
benchmarks/satlib/uf50-218/uf50-0710.cnf,SAT,0.000,1,0
benchmarks/satlib/uf50-218/uf50-0711.cnf,SAT,0.000,0,0
benchmarks/satlib/uf50-218/uf50-0712.cnf,SAT,0.000,0,0
benchmarks/satlib/uf50-218/uf50-0713.cnf,SAT,0.000,0,0
benchmarks/satlib/uf50-218/uf50-0714.cnf,SAT,0.000,0,0
benchmarks/satlib/uf50-218/uf50-0715.cnf,SAT,0.000,0,0
benchmarks/satlib/uf50-218/uf50-0716.cnf,SAT,0.000,0,0
benchmarks/satlib/uf50-218/uf50-0717.cnf,SAT,0.000,0,0
benchmarks/satlib/uf50-218/uf50-0718.cnf,SAT,0.000,1,0
benchmarks/satlib/uf50-218/uf50-0719.cnf,SAT,0.000,0,0
benchmarks/satlib/uf50-218/uf50-072.cnf,SAT,0.000,0,0
benchmarks/satlib/uf50-218/uf50-0720.cnf,SAT,0.000,0,0
benchmarks/satlib/uf50-218/uf50-0721.cnf,SAT,0.000,0,0
benchmarks/satlib/uf50-218/uf50-0722.cnf,SAT,0.000,0,0
benchmarks/satlib/uf50-218/uf50-0723.cnf,SAT,0.000,0,0
benchmarks/satlib/uf50-218/uf50-0724.cnf,SAT,0.000,0,0
benchmarks/satlib/uf50-218/uf50-0725.cnf,SAT,0.000,0,0
benchmarks/satlib/uf50-218/uf50-0726.cnf,SAT,0.000,0,0
benchmarks/satlib/uf50-218/uf50-0727.cnf,SAT,0.000,0,0
benchmarks/satlib/uf50-218/uf50-0728.cnf,SAT,0.000,0,0
benchmarks/satlib/uf50-218/uf50-0729.cnf,SAT,0.000,1,0
benchmarks/satlib/uf50-218/uf50-073.cnf,SAT,0.000,0,0
benchmarks/satlib/uf50-218/uf50-0730.cnf,SAT,0.000,1,0
benchmarks/satlib/uf50-218/uf50-0731.cnf,SAT,0.000,2,0
benchmarks/satlib/uf50-218/uf50-0732.cnf,SAT,0.000,1,0
benchmarks/satlib/uf50-218/uf50-0733.cnf,SAT,0.000,0,0
benchmarks/satlib/uf50-218/uf50-0734.cnf,SAT,0.000,0,0
benchmarks/satlib/uf50-218/uf50-0735.cnf,SAT,0.000,0,0
benchmarks/satlib/uf50-218/uf50-0736.cnf,SAT,0.000,0,0
benchmarks/satlib/uf50-218/uf50-0737.cnf,SAT,0.000,1,0
benchmarks/satlib/uf50-218/uf50-0738.cnf,SAT,0.000,0,0
benchmarks/satlib/uf50-218/uf50-0739.cnf,SAT,0.000,0,0
benchmarks/satlib/uf50-218/uf50-074.cnf,SAT,0.000,0,0
benchmarks/satlib/uf50-218/uf50-0740.cnf,SAT,0.000,0,0
benchmarks/satlib/uf50-218/uf50-0741.cnf,SAT,0.000,0,0
benchmarks/satlib/uf50-218/uf50-0742.cnf,SAT,0.000,0,0
benchmarks/satlib/uf50-218/uf50-0743.cnf,SAT,0.000,0,0
benchmarks/satlib/uf50-218/uf50-0744.cnf,SAT,0.000,1,0
benchmarks/satlib/uf50-218/uf50-0745.cnf,SAT,0.000,0,0
benchmarks/satlib/uf50-218/uf50-0746.cnf,SAT,0.000,0,0
benchmarks/satlib/uf50-218/uf50-0747.cnf,SAT,0.000,0,0
benchmarks/satlib/uf50-218/uf50-0748.cnf,SAT,0.000,0,0
benchmarks/satlib/uf50-218/uf50-0749.cnf,SAT,0.000,0,0
benchmarks/satlib/uf50-218/uf50-075.cnf,SAT,0.000,0,0
benchmarks/satlib/uf50-218/uf50-0750.cnf,SAT,0.000,0,0
benchmarks/satlib/uf50-218/uf50-0751.cnf,SAT,0.000,0,0
benchmarks/satlib/uf50-218/uf50-0752.cnf,SAT,0.000,0,0
benchmarks/satlib/uf50-218/uf50-0753.cnf,SAT,0.000,0,0
benchmarks/satlib/uf50-218/uf50-0754.cnf,SAT,0.000,0,0
benchmarks/satlib/uf50-218/uf50-0755.cnf,SAT,0.000,0,0
benchmarks/satlib/uf50-218/uf50-0756.cnf,SAT,0.000,1,0
benchmarks/satlib/uf50-218/uf50-0757.cnf,SAT,0.000,0,0
benchmarks/satlib/uf50-218/uf50-0758.cnf,SAT,0.000,0,0
benchmarks/satlib/uf50-218/uf50-0759.cnf,SAT,0.000,0,0
benchmarks/satlib/uf50-218/uf50-076.cnf,SAT,0.000,0,0
benchmarks/satlib/uf50-218/uf50-0760.cnf,SAT,0.000,2,0
benchmarks/satlib/uf50-218/uf50-0761.cnf,SAT,0.000,0,0
benchmarks/satlib/uf50-218/uf50-0762.cnf,SAT,0.000,0,0
benchmarks/satlib/uf50-218/uf50-0763.cnf,SAT,0.000,0,0
benchmarks/satlib/uf50-218/uf50-0764.cnf,SAT,0.000,0,0
benchmarks/satlib/uf50-218/uf50-0765.cnf,SAT,0.000,0,0
benchmarks/satlib/uf50-218/uf50-0766.cnf,SAT,0.000,0,0
benchmarks/satlib/uf50-218/uf50-0767.cnf,SAT,0.000,1,0
benchmarks/satlib/uf50-218/uf50-0768.cnf,SAT,0.000,0,0
benchmarks/satlib/uf50-218/uf50-0769.cnf,SAT,0.000,0,0
benchmarks/satlib/uf50-218/uf50-077.cnf,SAT,0.000,0,0
benchmarks/satlib/uf50-218/uf50-0770.cnf,SAT,0.000,0,0
benchmarks/satlib/uf50-218/uf50-0771.cnf,SAT,0.000,0,0
benchmarks/satlib/uf50-218/uf50-0772.cnf,SAT,0.000,0,0
benchmarks/satlib/uf50-218/uf50-0773.cnf,SAT,0.000,1,0
benchmarks/satlib/uf50-218/uf50-0774.cnf,SAT,0.000,0,0
benchmarks/satlib/uf50-218/uf50-0775.cnf,SAT,0.000,0,0
benchmarks/satlib/uf50-218/uf50-0776.cnf,SAT,0.000,0,0
benchmarks/satlib/uf50-218/uf50-0777.cnf,SAT,0.000,0,0
benchmarks/satlib/uf50-218/uf50-0778.cnf,SAT,0.000,0,0
benchmarks/satlib/uf50-218/uf50-0779.cnf,SAT,0.000,0,0
benchmarks/satlib/uf50-218/uf50-078.cnf,SAT,0.000,0,0
benchmarks/satlib/uf50-218/uf50-0780.cnf,SAT,0.000,0,0
benchmarks/satlib/uf50-218/uf50-0781.cnf,SAT,0.000,0,0
benchmarks/satlib/uf50-218/uf50-0782.cnf,SAT,0.000,0,0
benchmarks/satlib/uf50-218/uf50-0783.cnf,SAT,0.000,1,0
benchmarks/satlib/uf50-218/uf50-0784.cnf,SAT,0.000,0,0
benchmarks/satlib/uf50-218/uf50-0785.cnf,SAT,0.000,0,0
benchmarks/satlib/uf50-218/uf50-0786.cnf,SAT,0.000,0,0
benchmarks/satlib/uf50-218/uf50-0787.cnf,SAT,0.000,0,0
benchmarks/satlib/uf50-218/uf50-0788.cnf,SAT,0.000,0,0
benchmarks/satlib/uf50-218/uf50-0789.cnf,SAT,0.000,0,0
benchmarks/satlib/uf50-218/uf50-079.cnf,SAT,0.000,0,0
benchmarks/satlib/uf50-218/uf50-0790.cnf,SAT,0.000,0,0
benchmarks/satlib/uf50-218/uf50-0791.cnf,SAT,0.000,1,0
benchmarks/satlib/uf50-218/uf50-0792.cnf,SAT,0.000,0,0
benchmarks/satlib/uf50-218/uf50-0793.cnf,SAT,0.000,0,0
benchmarks/satlib/uf50-218/uf50-0794.cnf,SAT,0.000,0,0
benchmarks/satlib/uf50-218/uf50-0795.cnf,SAT,0.000,0,0
benchmarks/satlib/uf50-218/uf50-0796.cnf,SAT,0.000,0,0
benchmarks/satlib/uf50-218/uf50-0797.cnf,SAT,0.000,0,0
benchmarks/satlib/uf50-218/uf50-0798.cnf,SAT,0.000,0,0
benchmarks/satlib/uf50-218/uf50-0799.cnf,SAT,0.000,0,0
benchmarks/satlib/uf50-218/uf50-08.cnf,SAT,0.000,0,0
benchmarks/satlib/uf50-218/uf50-080.cnf,SAT,0.000,0,0
benchmarks/satlib/uf50-218/uf50-0800.cnf,SAT,0.000,0,0
benchmarks/satlib/uf50-218/uf50-0801.cnf,SAT,0.000,0,0
benchmarks/satlib/uf50-218/uf50-0802.cnf,SAT,0.000,0,0
benchmarks/satlib/uf50-218/uf50-0803.cnf,SAT,0.000,0,0
benchmarks/satlib/uf50-218/uf50-0804.cnf,SAT,0.000,1,0
benchmarks/satlib/uf50-218/uf50-0805.cnf,SAT,0.000,0,0
benchmarks/satlib/uf50-218/uf50-0806.cnf,SAT,0.000,1,0
benchmarks/satlib/uf50-218/uf50-0807.cnf,SAT,0.000,0,0
benchmarks/satlib/uf50-218/uf50-0808.cnf,SAT,0.000,0,0
benchmarks/satlib/uf50-218/uf50-0809.cnf,SAT,0.000,1,0
benchmarks/satlib/uf50-218/uf50-081.cnf,SAT,0.000,1,0
benchmarks/satlib/uf50-218/uf50-0810.cnf,SAT,0.000,0,0
benchmarks/satlib/uf50-218/uf50-0811.cnf,SAT,0.000,0,0
benchmarks/satlib/uf50-218/uf50-0812.cnf,SAT,0.000,0,0
benchmarks/satlib/uf50-218/uf50-0813.cnf,SAT,0.000,1,0
benchmarks/satlib/uf50-218/uf50-0814.cnf,SAT,0.000,0,0
benchmarks/satlib/uf50-218/uf50-0815.cnf,SAT,0.000,0,0
benchmarks/satlib/uf50-218/uf50-0816.cnf,SAT,0.000,0,0
benchmarks/satlib/uf50-218/uf50-0817.cnf,SAT,0.000,0,0
benchmarks/satlib/uf50-218/uf50-0818.cnf,SAT,0.000,0,0
benchmarks/satlib/uf50-218/uf50-0819.cnf,SAT,0.000,2,0
benchmarks/satlib/uf50-218/uf50-082.cnf,SAT,0.000,0,0
benchmarks/satlib/uf50-218/uf50-0820.cnf,SAT,0.000,0,0
benchmarks/satlib/uf50-218/uf50-0821.cnf,SAT,0.000,0,0
benchmarks/satlib/uf50-218/uf50-0822.cnf,SAT,0.000,0,0
benchmarks/satlib/uf50-218/uf50-0823.cnf,SAT,0.000,0,0
benchmarks/satlib/uf50-218/uf50-0824.cnf,SAT,0.000,0,0
benchmarks/satlib/uf50-218/uf50-0825.cnf,SAT,0.000,0,0
benchmarks/satlib/uf50-218/uf50-0826.cnf,SAT,0.000,0,0
benchmarks/satlib/uf50-218/uf50-0827.cnf,SAT,0.000,0,0
benchmarks/satlib/uf50-218/uf50-0828.cnf,SAT,0.000,1,0
benchmarks/satlib/uf50-218/uf50-0829.cnf,SAT,0.000,0,0
benchmarks/satlib/uf50-218/uf50-083.cnf,SAT,0.000,0,0
benchmarks/satlib/uf50-218/uf50-0830.cnf,SAT,0.000,0,0
benchmarks/satlib/uf50-218/uf50-0831.cnf,SAT,0.000,1,0
benchmarks/satlib/uf50-218/uf50-0832.cnf,SAT,0.000,0,0
benchmarks/satlib/uf50-218/uf50-0833.cnf,SAT,0.000,0,0
benchmarks/satlib/uf50-218/uf50-0834.cnf,SAT,0.000,0,0
benchmarks/satlib/uf50-218/uf50-0835.cnf,SAT,0.000,0,0
benchmarks/satlib/uf50-218/uf50-0836.cnf,SAT,0.000,0,0
benchmarks/satlib/uf50-218/uf50-0837.cnf,SAT,0.000,0,0
benchmarks/satlib/uf50-218/uf50-0838.cnf,SAT,0.000,0,0
benchmarks/satlib/uf50-218/uf50-0839.cnf,SAT,0.000,0,0
benchmarks/satlib/uf50-218/uf50-084.cnf,SAT,0.000,0,0
benchmarks/satlib/uf50-218/uf50-0840.cnf,SAT,0.000,0,0
benchmarks/satlib/uf50-218/uf50-0841.cnf,SAT,0.000,0,0
benchmarks/satlib/uf50-218/uf50-0842.cnf,SAT,0.000,0,0
benchmarks/satlib/uf50-218/uf50-0843.cnf,SAT,0.000,0,0
benchmarks/satlib/uf50-218/uf50-0844.cnf,SAT,0.000,1,0
benchmarks/satlib/uf50-218/uf50-0845.cnf,SAT,0.000,0,0
benchmarks/satlib/uf50-218/uf50-0846.cnf,SAT,0.000,0,0
benchmarks/satlib/uf50-218/uf50-0847.cnf,SAT,0.000,0,0
benchmarks/satlib/uf50-218/uf50-0848.cnf,SAT,0.000,1,0
benchmarks/satlib/uf50-218/uf50-0849.cnf,SAT,0.000,0,0
benchmarks/satlib/uf50-218/uf50-085.cnf,SAT,0.000,1,0
benchmarks/satlib/uf50-218/uf50-0850.cnf,SAT,0.000,0,0
benchmarks/satlib/uf50-218/uf50-0851.cnf,SAT,0.000,0,0
benchmarks/satlib/uf50-218/uf50-0852.cnf,SAT,0.000,1,0
benchmarks/satlib/uf50-218/uf50-0853.cnf,SAT,0.000,1,0
benchmarks/satlib/uf50-218/uf50-0854.cnf,SAT,0.000,1,0
benchmarks/satlib/uf50-218/uf50-0855.cnf,SAT,0.000,0,0
benchmarks/satlib/uf50-218/uf50-0856.cnf,SAT,0.000,0,0
benchmarks/satlib/uf50-218/uf50-0857.cnf,SAT,0.000,0,0
benchmarks/satlib/uf50-218/uf50-0858.cnf,SAT,0.000,0,0
benchmarks/satlib/uf50-218/uf50-0859.cnf,SAT,0.000,0,0
benchmarks/satlib/uf50-218/uf50-086.cnf,SAT,0.000,0,0
benchmarks/satlib/uf50-218/uf50-0860.cnf,SAT,0.000,0,0
benchmarks/satlib/uf50-218/uf50-0861.cnf,SAT,0.000,0,0
benchmarks/satlib/uf50-218/uf50-0862.cnf,SAT,0.000,1,0
benchmarks/satlib/uf50-218/uf50-0863.cnf,SAT,0.000,0,0
benchmarks/satlib/uf50-218/uf50-0864.cnf,SAT,0.000,1,0
benchmarks/satlib/uf50-218/uf50-0865.cnf,SAT,0.000,1,0
benchmarks/satlib/uf50-218/uf50-0866.cnf,SAT,0.000,0,0
benchmarks/satlib/uf50-218/uf50-0867.cnf,SAT,0.000,0,0
benchmarks/satlib/uf50-218/uf50-0868.cnf,SAT,0.000,0,0
benchmarks/satlib/uf50-218/uf50-0869.cnf,SAT,0.000,0,0
benchmarks/satlib/uf50-218/uf50-087.cnf,SAT,0.000,0,0
benchmarks/satlib/uf50-218/uf50-0870.cnf,SAT,0.000,0,0
benchmarks/satlib/uf50-218/uf50-0871.cnf,SAT,0.000,1,0
benchmarks/satlib/uf50-218/uf50-0872.cnf,SAT,0.000,0,0
benchmarks/satlib/uf50-218/uf50-0873.cnf,SAT,0.000,0,0
benchmarks/satlib/uf50-218/uf50-0874.cnf,SAT,0.000,0,0
benchmarks/satlib/uf50-218/uf50-0875.cnf,SAT,0.000,0,0
benchmarks/satlib/uf50-218/uf50-0876.cnf,SAT,0.000,0,0
benchmarks/satlib/uf50-218/uf50-0877.cnf,SAT,0.000,0,0
benchmarks/satlib/uf50-218/uf50-0878.cnf,SAT,0.000,0,0
benchmarks/satlib/uf50-218/uf50-0879.cnf,SAT,0.000,0,0
benchmarks/satlib/uf50-218/uf50-088.cnf,SAT,0.000,0,0
benchmarks/satlib/uf50-218/uf50-0880.cnf,SAT,0.000,0,0
benchmarks/satlib/uf50-218/uf50-0881.cnf,SAT,0.000,0,0
benchmarks/satlib/uf50-218/uf50-0882.cnf,SAT,0.000,0,0
benchmarks/satlib/uf50-218/uf50-0883.cnf,SAT,0.000,0,0
benchmarks/satlib/uf50-218/uf50-0884.cnf,SAT,0.000,0,0
benchmarks/satlib/uf50-218/uf50-0885.cnf,SAT,0.000,0,0
benchmarks/satlib/uf50-218/uf50-0886.cnf,SAT,0.000,0,0
benchmarks/satlib/uf50-218/uf50-0887.cnf,SAT,0.000,0,0
benchmarks/satlib/uf50-218/uf50-0888.cnf,SAT,0.000,0,0
benchmarks/satlib/uf50-218/uf50-0889.cnf,SAT,0.000,1,0
benchmarks/satlib/uf50-218/uf50-089.cnf,SAT,0.000,0,0
benchmarks/satlib/uf50-218/uf50-0890.cnf,SAT,0.000,0,0
benchmarks/satlib/uf50-218/uf50-0891.cnf,SAT,0.000,0,0
benchmarks/satlib/uf50-218/uf50-0892.cnf,SAT,0.000,0,0
benchmarks/satlib/uf50-218/uf50-0893.cnf,SAT,0.000,0,0
benchmarks/satlib/uf50-218/uf50-0894.cnf,SAT,0.000,0,0
benchmarks/satlib/uf50-218/uf50-0895.cnf,SAT,0.000,1,0
benchmarks/satlib/uf50-218/uf50-0896.cnf,SAT,0.000,1,0
benchmarks/satlib/uf50-218/uf50-0897.cnf,SAT,0.000,0,0
benchmarks/satlib/uf50-218/uf50-0898.cnf,SAT,0.000,0,0
benchmarks/satlib/uf50-218/uf50-0899.cnf,SAT,0.000,0,0
benchmarks/satlib/uf50-218/uf50-09.cnf,SAT,0.000,0,0
benchmarks/satlib/uf50-218/uf50-090.cnf,SAT,0.000,0,0
benchmarks/satlib/uf50-218/uf50-0900.cnf,SAT,0.000,1,0
benchmarks/satlib/uf50-218/uf50-0901.cnf,SAT,0.000,0,0
benchmarks/satlib/uf50-218/uf50-0902.cnf,SAT,0.000,1,0
benchmarks/satlib/uf50-218/uf50-0903.cnf,SAT,0.000,1,0
benchmarks/satlib/uf50-218/uf50-0904.cnf,SAT,0.000,0,0
benchmarks/satlib/uf50-218/uf50-0905.cnf,SAT,0.000,0,0
benchmarks/satlib/uf50-218/uf50-0906.cnf,SAT,0.000,0,0
benchmarks/satlib/uf50-218/uf50-0907.cnf,SAT,0.000,0,0
benchmarks/satlib/uf50-218/uf50-0908.cnf,SAT,0.000,0,0
benchmarks/satlib/uf50-218/uf50-0909.cnf,SAT,0.000,0,0
benchmarks/satlib/uf50-218/uf50-091.cnf,SAT,0.000,0,0
benchmarks/satlib/uf50-218/uf50-0910.cnf,SAT,0.000,1,0
benchmarks/satlib/uf50-218/uf50-0911.cnf,SAT,0.000,0,0
benchmarks/satlib/uf50-218/uf50-0912.cnf,SAT,0.000,0,0
benchmarks/satlib/uf50-218/uf50-0913.cnf,SAT,0.000,0,0
benchmarks/satlib/uf50-218/uf50-0914.cnf,SAT,0.000,0,0
benchmarks/satlib/uf50-218/uf50-0915.cnf,SAT,0.000,0,0
benchmarks/satlib/uf50-218/uf50-0916.cnf,SAT,0.000,0,0
benchmarks/satlib/uf50-218/uf50-0917.cnf,SAT,0.000,1,0
benchmarks/satlib/uf50-218/uf50-0918.cnf,SAT,0.000,0,0
benchmarks/satlib/uf50-218/uf50-0919.cnf,SAT,0.000,1,0
benchmarks/satlib/uf50-218/uf50-092.cnf,SAT,0.000,0,0
benchmarks/satlib/uf50-218/uf50-0920.cnf,SAT,0.000,0,0
benchmarks/satlib/uf50-218/uf50-0921.cnf,SAT,0.000,0,0
benchmarks/satlib/uf50-218/uf50-0922.cnf,SAT,0.000,0,0
benchmarks/satlib/uf50-218/uf50-0923.cnf,SAT,0.000,1,0
benchmarks/satlib/uf50-218/uf50-0924.cnf,SAT,0.000,0,0
benchmarks/satlib/uf50-218/uf50-0925.cnf,SAT,0.000,0,0
benchmarks/satlib/uf50-218/uf50-0926.cnf,SAT,0.000,0,0
benchmarks/satlib/uf50-218/uf50-0927.cnf,SAT,0.000,0,0
benchmarks/satlib/uf50-218/uf50-0928.cnf,SAT,0.000,0,0
benchmarks/satlib/uf50-218/uf50-0929.cnf,SAT,0.000,0,0
benchmarks/satlib/uf50-218/uf50-093.cnf,SAT,0.000,0,0
benchmarks/satlib/uf50-218/uf50-0930.cnf,SAT,0.000,0,0
benchmarks/satlib/uf50-218/uf50-0931.cnf,SAT,0.000,1,0
benchmarks/satlib/uf50-218/uf50-0932.cnf,SAT,0.000,0,0
benchmarks/satlib/uf50-218/uf50-0933.cnf,SAT,0.000,0,0
benchmarks/satlib/uf50-218/uf50-0934.cnf,SAT,0.000,0,0
benchmarks/satlib/uf50-218/uf50-0935.cnf,SAT,0.000,0,0
benchmarks/satlib/uf50-218/uf50-0936.cnf,SAT,0.000,0,0
benchmarks/satlib/uf50-218/uf50-0937.cnf,SAT,0.000,0,0
benchmarks/satlib/uf50-218/uf50-0938.cnf,SAT,0.000,0,0
benchmarks/satlib/uf50-218/uf50-0939.cnf,SAT,0.000,1,0
benchmarks/satlib/uf50-218/uf50-094.cnf,SAT,0.000,0,0
benchmarks/satlib/uf50-218/uf50-0940.cnf,SAT,0.000,1,0
benchmarks/satlib/uf50-218/uf50-0941.cnf,SAT,0.000,0,0
benchmarks/satlib/uf50-218/uf50-0942.cnf,SAT,0.000,0,0
benchmarks/satlib/uf50-218/uf50-0943.cnf,SAT,0.000,0,0
benchmarks/satlib/uf50-218/uf50-0944.cnf,SAT,0.000,1,0
benchmarks/satlib/uf50-218/uf50-0945.cnf,SAT,0.000,1,0
benchmarks/satlib/uf50-218/uf50-0946.cnf,SAT,0.000,2,0
benchmarks/satlib/uf50-218/uf50-0947.cnf,SAT,0.000,0,0
benchmarks/satlib/uf50-218/uf50-0948.cnf,SAT,0.000,0,0
benchmarks/satlib/uf50-218/uf50-0949.cnf,SAT,0.000,0,0
benchmarks/satlib/uf50-218/uf50-095.cnf,SAT,0.000,0,0
benchmarks/satlib/uf50-218/uf50-0950.cnf,SAT,0.000,1,0
benchmarks/satlib/uf50-218/uf50-0951.cnf,SAT,0.000,0,0
benchmarks/satlib/uf50-218/uf50-0952.cnf,SAT,0.000,0,0
benchmarks/satlib/uf50-218/uf50-0953.cnf,SAT,0.000,0,0
benchmarks/satlib/uf50-218/uf50-0954.cnf,SAT,0.000,0,0
benchmarks/satlib/uf50-218/uf50-0955.cnf,SAT,0.000,0,0
benchmarks/satlib/uf50-218/uf50-0956.cnf,SAT,0.000,0,0
benchmarks/satlib/uf50-218/uf50-0957.cnf,SAT,0.000,0,0
benchmarks/satlib/uf50-218/uf50-0958.cnf,SAT,0.000,0,0
benchmarks/satlib/uf50-218/uf50-0959.cnf,SAT,0.000,0,0
benchmarks/satlib/uf50-218/uf50-096.cnf,SAT,0.000,0,0
benchmarks/satlib/uf50-218/uf50-0960.cnf,SAT,0.000,0,0
benchmarks/satlib/uf50-218/uf50-0961.cnf,SAT,0.000,0,0
benchmarks/satlib/uf50-218/uf50-0962.cnf,SAT,0.000,1,0
benchmarks/satlib/uf50-218/uf50-0963.cnf,SAT,0.000,0,0
benchmarks/satlib/uf50-218/uf50-0964.cnf,SAT,0.000,0,0
benchmarks/satlib/uf50-218/uf50-0965.cnf,SAT,0.000,0,0
benchmarks/satlib/uf50-218/uf50-0966.cnf,SAT,0.000,0,0
benchmarks/satlib/uf50-218/uf50-0967.cnf,SAT,0.000,0,0
benchmarks/satlib/uf50-218/uf50-0968.cnf,SAT,0.000,0,0
benchmarks/satlib/uf50-218/uf50-0969.cnf,SAT,0.000,1,0
benchmarks/satlib/uf50-218/uf50-097.cnf,SAT,0.000,1,0
benchmarks/satlib/uf50-218/uf50-0970.cnf,SAT,0.000,0,0
benchmarks/satlib/uf50-218/uf50-0971.cnf,SAT,0.000,0,0
benchmarks/satlib/uf50-218/uf50-0972.cnf,SAT,0.000,1,0
benchmarks/satlib/uf50-218/uf50-0973.cnf,SAT,0.000,0,0
benchmarks/satlib/uf50-218/uf50-0974.cnf,SAT,0.000,1,0
benchmarks/satlib/uf50-218/uf50-0975.cnf,SAT,0.000,0,0
benchmarks/satlib/uf50-218/uf50-0976.cnf,SAT,0.000,0,0
benchmarks/satlib/uf50-218/uf50-0977.cnf,SAT,0.000,0,0
benchmarks/satlib/uf50-218/uf50-0978.cnf,SAT,0.000,0,0
benchmarks/satlib/uf50-218/uf50-0979.cnf,SAT,0.000,1,0
benchmarks/satlib/uf50-218/uf50-098.cnf,SAT,0.000,0,0
benchmarks/satlib/uf50-218/uf50-0980.cnf,SAT,0.000,1,0
benchmarks/satlib/uf50-218/uf50-0981.cnf,SAT,0.000,1,0
benchmarks/satlib/uf50-218/uf50-0982.cnf,SAT,0.000,0,0
benchmarks/satlib/uf50-218/uf50-0983.cnf,SAT,0.000,0,0
benchmarks/satlib/uf50-218/uf50-0984.cnf,SAT,0.000,0,0
benchmarks/satlib/uf50-218/uf50-0985.cnf,SAT,0.000,0,0
benchmarks/satlib/uf50-218/uf50-0986.cnf,SAT,0.000,0,0
benchmarks/satlib/uf50-218/uf50-0987.cnf,SAT,0.000,0,0
benchmarks/satlib/uf50-218/uf50-0988.cnf,SAT,0.000,0,0
benchmarks/satlib/uf50-218/uf50-0989.cnf,SAT,0.000,0,0
benchmarks/satlib/uf50-218/uf50-099.cnf,SAT,0.000,0,0
benchmarks/satlib/uf50-218/uf50-0990.cnf,SAT,0.000,0,0
benchmarks/satlib/uf50-218/uf50-0991.cnf,SAT,0.000,1,0
benchmarks/satlib/uf50-218/uf50-0992.cnf,SAT,0.000,0,0
benchmarks/satlib/uf50-218/uf50-0993.cnf,SAT,0.000,0,0
benchmarks/satlib/uf50-218/uf50-0994.cnf,SAT,0.000,1,0
benchmarks/satlib/uf50-218/uf50-0995.cnf,SAT,0.000,0,0
benchmarks/satlib/uf50-218/uf50-0996.cnf,SAT,0.000,1,0
benchmarks/satlib/uf50-218/uf50-0997.cnf,SAT,0.000,0,0
benchmarks/satlib/uf50-218/uf50-0998.cnf,SAT,0.000,0,0
benchmarks/satlib/uf50-218/uf50-0999.cnf,SAT,0.000,0,0
benchmarks/satlib/uf75-325/ai/hoos/Shortcuts/UF75.325.100/uf75-01.cnf,SAT,0.000,1,0
benchmarks/satlib/uf75-325/ai/hoos/Shortcuts/UF75.325.100/uf75-010.cnf,SAT,0.000,1,0
benchmarks/satlib/uf75-325/ai/hoos/Shortcuts/UF75.325.100/uf75-0100.cnf,SAT,0.001,2,0
benchmarks/satlib/uf75-325/ai/hoos/Shortcuts/UF75.325.100/uf75-011.cnf,SAT,0.001,4,0
benchmarks/satlib/uf75-325/ai/hoos/Shortcuts/UF75.325.100/uf75-012.cnf,SAT,0.001,3,0
benchmarks/satlib/uf75-325/ai/hoos/Shortcuts/UF75.325.100/uf75-013.cnf,SAT,0.000,0,0
benchmarks/satlib/uf75-325/ai/hoos/Shortcuts/UF75.325.100/uf75-014.cnf,SAT,0.000,0,0
benchmarks/satlib/uf75-325/ai/hoos/Shortcuts/UF75.325.100/uf75-015.cnf,SAT,0.001,3,0
benchmarks/satlib/uf75-325/ai/hoos/Shortcuts/UF75.325.100/uf75-016.cnf,SAT,0.000,1,0
benchmarks/satlib/uf75-325/ai/hoos/Shortcuts/UF75.325.100/uf75-017.cnf,SAT,0.000,1,0
benchmarks/satlib/uf75-325/ai/hoos/Shortcuts/UF75.325.100/uf75-018.cnf,SAT,0.000,2,0
benchmarks/satlib/uf75-325/ai/hoos/Shortcuts/UF75.325.100/uf75-019.cnf,SAT,0.001,2,0
benchmarks/satlib/uf75-325/ai/hoos/Shortcuts/UF75.325.100/uf75-02.cnf,SAT,0.000,0,0
benchmarks/satlib/uf75-325/ai/hoos/Shortcuts/UF75.325.100/uf75-020.cnf,SAT,0.001,3,0
benchmarks/satlib/uf75-325/ai/hoos/Shortcuts/UF75.325.100/uf75-021.cnf,SAT,0.000,2,0
benchmarks/satlib/uf75-325/ai/hoos/Shortcuts/UF75.325.100/uf75-022.cnf,SAT,0.000,1,0
benchmarks/satlib/uf75-325/ai/hoos/Shortcuts/UF75.325.100/uf75-023.cnf,SAT,0.000,1,0
benchmarks/satlib/uf75-325/ai/hoos/Shortcuts/UF75.325.100/uf75-024.cnf,SAT,0.000,2,0
benchmarks/satlib/uf75-325/ai/hoos/Shortcuts/UF75.325.100/uf75-025.cnf,SAT,0.000,0,0
benchmarks/satlib/uf75-325/ai/hoos/Shortcuts/UF75.325.100/uf75-026.cnf,SAT,0.001,2,0
benchmarks/satlib/uf75-325/ai/hoos/Shortcuts/UF75.325.100/uf75-027.cnf,SAT,0.000,0,0
benchmarks/satlib/uf75-325/ai/hoos/Shortcuts/UF75.325.100/uf75-028.cnf,SAT,0.000,1,0
benchmarks/satlib/uf75-325/ai/hoos/Shortcuts/UF75.325.100/uf75-029.cnf,SAT,0.000,0,0
benchmarks/satlib/uf75-325/ai/hoos/Shortcuts/UF75.325.100/uf75-03.cnf,SAT,0.000,1,0
benchmarks/satlib/uf75-325/ai/hoos/Shortcuts/UF75.325.100/uf75-030.cnf,SAT,0.002,6,0
benchmarks/satlib/uf75-325/ai/hoos/Shortcuts/UF75.325.100/uf75-031.cnf,SAT,0.000,2,0
benchmarks/satlib/uf75-325/ai/hoos/Shortcuts/UF75.325.100/uf75-032.cnf,SAT,0.000,0,0
benchmarks/satlib/uf75-325/ai/hoos/Shortcuts/UF75.325.100/uf75-033.cnf,SAT,0.000,0,0
benchmarks/satlib/uf75-325/ai/hoos/Shortcuts/UF75.325.100/uf75-034.cnf,SAT,0.000,0,0
benchmarks/satlib/uf75-325/ai/hoos/Shortcuts/UF75.325.100/uf75-035.cnf,SAT,0.000,0,0
benchmarks/satlib/uf75-325/ai/hoos/Shortcuts/UF75.325.100/uf75-036.cnf,SAT,0.001,5,0
benchmarks/satlib/uf75-325/ai/hoos/Shortcuts/UF75.325.100/uf75-037.cnf,SAT,0.002,5,0
benchmarks/satlib/uf75-325/ai/hoos/Shortcuts/UF75.325.100/uf75-038.cnf,SAT,0.001,2,0
benchmarks/satlib/uf75-325/ai/hoos/Shortcuts/UF75.325.100/uf75-039.cnf,SAT,0.001,3,0
benchmarks/satlib/uf75-325/ai/hoos/Shortcuts/UF75.325.100/uf75-04.cnf,SAT,0.001,4,0
benchmarks/satlib/uf75-325/ai/hoos/Shortcuts/UF75.325.100/uf75-040.cnf,SAT,0.001,2,0
benchmarks/satlib/uf75-325/ai/hoos/Shortcuts/UF75.325.100/uf75-041.cnf,SAT,0.001,2,0
benchmarks/satlib/uf75-325/ai/hoos/Shortcuts/UF75.325.100/uf75-042.cnf,SAT,0.000,0,0
benchmarks/satlib/uf75-325/ai/hoos/Shortcuts/UF75.325.100/uf75-043.cnf,SAT,0.000,1,0
benchmarks/satlib/uf75-325/ai/hoos/Shortcuts/UF75.325.100/uf75-044.cnf,SAT,0.001,2,0
benchmarks/satlib/uf75-325/ai/hoos/Shortcuts/UF75.325.100/uf75-045.cnf,SAT,0.000,0,0
benchmarks/satlib/uf75-325/ai/hoos/Shortcuts/UF75.325.100/uf75-046.cnf,SAT,0.000,1,0
benchmarks/satlib/uf75-325/ai/hoos/Shortcuts/UF75.325.100/uf75-047.cnf,SAT,0.000,0,0
benchmarks/satlib/uf75-325/ai/hoos/Shortcuts/UF75.325.100/uf75-048.cnf,SAT,0.000,2,0
benchmarks/satlib/uf75-325/ai/hoos/Shortcuts/UF75.325.100/uf75-049.cnf,SAT,0.000,2,0
benchmarks/satlib/uf75-325/ai/hoos/Shortcuts/UF75.325.100/uf75-05.cnf,SAT,0.000,1,0
benchmarks/satlib/uf75-325/ai/hoos/Shortcuts/UF75.325.100/uf75-050.cnf,SAT,0.000,1,0
benchmarks/satlib/uf75-325/ai/hoos/Shortcuts/UF75.325.100/uf75-051.cnf,SAT,0.000,2,0
benchmarks/satlib/uf75-325/ai/hoos/Shortcuts/UF75.325.100/uf75-052.cnf,SAT,0.000,1,0
benchmarks/satlib/uf75-325/ai/hoos/Shortcuts/UF75.325.100/uf75-053.cnf,SAT,0.000,0,0
benchmarks/satlib/uf75-325/ai/hoos/Shortcuts/UF75.325.100/uf75-054.cnf,SAT,0.000,2,0
benchmarks/satlib/uf75-325/ai/hoos/Shortcuts/UF75.325.100/uf75-055.cnf,SAT,0.002,6,0
benchmarks/satlib/uf75-325/ai/hoos/Shortcuts/UF75.325.100/uf75-056.cnf,SAT,0.001,2,0
benchmarks/satlib/uf75-325/ai/hoos/Shortcuts/UF75.325.100/uf75-057.cnf,SAT,0.000,1,0
benchmarks/satlib/uf75-325/ai/hoos/Shortcuts/UF75.325.100/uf75-058.cnf,SAT,0.000,1,0
benchmarks/satlib/uf75-325/ai/hoos/Shortcuts/UF75.325.100/uf75-059.cnf,SAT,0.000,0,0
benchmarks/satlib/uf75-325/ai/hoos/Shortcuts/UF75.325.100/uf75-06.cnf,SAT,0.000,2,0
benchmarks/satlib/uf75-325/ai/hoos/Shortcuts/UF75.325.100/uf75-060.cnf,SAT,0.000,0,0
benchmarks/satlib/uf75-325/ai/hoos/Shortcuts/UF75.325.100/uf75-061.cnf,SAT,0.001,3,0
benchmarks/satlib/uf75-325/ai/hoos/Shortcuts/UF75.325.100/uf75-062.cnf,SAT,0.001,5,0
benchmarks/satlib/uf75-325/ai/hoos/Shortcuts/UF75.325.100/uf75-063.cnf,SAT,0.000,1,0
benchmarks/satlib/uf75-325/ai/hoos/Shortcuts/UF75.325.100/uf75-064.cnf,SAT,0.000,1,0
benchmarks/satlib/uf75-325/ai/hoos/Shortcuts/UF75.325.100/uf75-065.cnf,SAT,0.000,0,0
benchmarks/satlib/uf75-325/ai/hoos/Shortcuts/UF75.325.100/uf75-066.cnf,SAT,0.000,1,0
benchmarks/satlib/uf75-325/ai/hoos/Shortcuts/UF75.325.100/uf75-067.cnf,SAT,0.000,1,0
benchmarks/satlib/uf75-325/ai/hoos/Shortcuts/UF75.325.100/uf75-068.cnf,SAT,0.000,0,0
benchmarks/satlib/uf75-325/ai/hoos/Shortcuts/UF75.325.100/uf75-069.cnf,SAT,0.000,0,0
benchmarks/satlib/uf75-325/ai/hoos/Shortcuts/UF75.325.100/uf75-07.cnf,SAT,0.001,2,0
benchmarks/satlib/uf75-325/ai/hoos/Shortcuts/UF75.325.100/uf75-070.cnf,SAT,0.001,3,0
benchmarks/satlib/uf75-325/ai/hoos/Shortcuts/UF75.325.100/uf75-071.cnf,SAT,0.000,0,0
benchmarks/satlib/uf75-325/ai/hoos/Shortcuts/UF75.325.100/uf75-072.cnf,SAT,0.000,0,0
benchmarks/satlib/uf75-325/ai/hoos/Shortcuts/UF75.325.100/uf75-073.cnf,SAT,0.000,0,0
benchmarks/satlib/uf75-325/ai/hoos/Shortcuts/UF75.325.100/uf75-074.cnf,SAT,0.000,0,0
benchmarks/satlib/uf75-325/ai/hoos/Shortcuts/UF75.325.100/uf75-075.cnf,SAT,0.000,0,0
benchmarks/satlib/uf75-325/ai/hoos/Shortcuts/UF75.325.100/uf75-076.cnf,SAT,0.002,6,0
benchmarks/satlib/uf75-325/ai/hoos/Shortcuts/UF75.325.100/uf75-077.cnf,SAT,0.000,0,0
benchmarks/satlib/uf75-325/ai/hoos/Shortcuts/UF75.325.100/uf75-078.cnf,SAT,0.000,0,0
benchmarks/satlib/uf75-325/ai/hoos/Shortcuts/UF75.325.100/uf75-079.cnf,SAT,0.001,3,0
benchmarks/satlib/uf75-325/ai/hoos/Shortcuts/UF75.325.100/uf75-08.cnf,SAT,0.002,6,0
benchmarks/satlib/uf75-325/ai/hoos/Shortcuts/UF75.325.100/uf75-080.cnf,SAT,0.000,0,0
benchmarks/satlib/uf75-325/ai/hoos/Shortcuts/UF75.325.100/uf75-081.cnf,SAT,0.001,3,0
benchmarks/satlib/uf75-325/ai/hoos/Shortcuts/UF75.325.100/uf75-082.cnf,SAT,0.000,1,0
benchmarks/satlib/uf75-325/ai/hoos/Shortcuts/UF75.325.100/uf75-083.cnf,SAT,0.001,4,0
benchmarks/satlib/uf75-325/ai/hoos/Shortcuts/UF75.325.100/uf75-084.cnf,SAT,0.001,4,0
benchmarks/satlib/uf75-325/ai/hoos/Shortcuts/UF75.325.100/uf75-085.cnf,SAT,0.000,1,0
benchmarks/satlib/uf75-325/ai/hoos/Shortcuts/UF75.325.100/uf75-086.cnf,SAT,0.000,2,0
benchmarks/satlib/uf75-325/ai/hoos/Shortcuts/UF75.325.100/uf75-087.cnf,SAT,0.000,0,0
benchmarks/satlib/uf75-325/ai/hoos/Shortcuts/UF75.325.100/uf75-088.cnf,SAT,0.000,0,0
benchmarks/satlib/uf75-325/ai/hoos/Shortcuts/UF75.325.100/uf75-089.cnf,SAT,0.000,2,0
benchmarks/satlib/uf75-325/ai/hoos/Shortcuts/UF75.325.100/uf75-09.cnf,SAT,0.001,2,0
benchmarks/satlib/uf75-325/ai/hoos/Shortcuts/UF75.325.100/uf75-090.cnf,SAT,0.001,4,0
benchmarks/satlib/uf75-325/ai/hoos/Shortcuts/UF75.325.100/uf75-091.cnf,SAT,0.000,0,0
benchmarks/satlib/uf75-325/ai/hoos/Shortcuts/UF75.325.100/uf75-092.cnf,SAT,0.000,0,0
benchmarks/satlib/uf75-325/ai/hoos/Shortcuts/UF75.325.100/uf75-093.cnf,SAT,0.000,0,0
benchmarks/satlib/uf75-325/ai/hoos/Shortcuts/UF75.325.100/uf75-094.cnf,SAT,0.000,0,0
benchmarks/satlib/uf75-325/ai/hoos/Shortcuts/UF75.325.100/uf75-095.cnf,SAT,0.000,0,0
benchmarks/satlib/uf75-325/ai/hoos/Shortcuts/UF75.325.100/uf75-096.cnf,SAT,0.001,3,0
benchmarks/satlib/uf75-325/ai/hoos/Shortcuts/UF75.325.100/uf75-097.cnf,SAT,0.001,3,0
benchmarks/satlib/uf75-325/ai/hoos/Shortcuts/UF75.325.100/uf75-098.cnf,SAT,0.000,0,0
benchmarks/satlib/uf75-325/ai/hoos/Shortcuts/UF75.325.100/uf75-099.cnf,SAT,0.000,1,0
benchmarks/satlib/uuf100-430/UUF100.430.1000/uuf100-01.cnf,UNSAT,0.004,9,0
benchmarks/satlib/uuf100-430/UUF100.430.1000/uuf100-010.cnf,UNSAT,0.008,14,0
benchmarks/satlib/uuf100-430/UUF100.430.1000/uuf100-0100.cnf,UNSAT,0.025,29,2072
benchmarks/satlib/uuf100-430/UUF100.430.1000/uuf100-01000.cnf,UNSAT,0.016,21,976
benchmarks/satlib/uuf100-430/UUF100.430.1000/uuf100-0101.cnf,UNSAT,0.007,13,0
benchmarks/satlib/uuf100-430/UUF100.430.1000/uuf100-0102.cnf,UNSAT,0.009,14,0
benchmarks/satlib/uuf100-430/UUF100.430.1000/uuf100-0103.cnf,UNSAT,0.006,13,0
benchmarks/satlib/uuf100-430/UUF100.430.1000/uuf100-0104.cnf,UNSAT,0.013,17,966
benchmarks/satlib/uuf100-430/UUF100.430.1000/uuf100-0105.cnf,UNSAT,0.011,14,0
benchmarks/satlib/uuf100-430/UUF100.430.1000/uuf100-0106.cnf,UNSAT,0.018,23,973
benchmarks/satlib/uuf100-430/UUF100.430.1000/uuf100-0107.cnf,UNSAT,0.007,13,0
benchmarks/satlib/uuf100-430/UUF100.430.1000/uuf100-0108.cnf,UNSAT,0.035,30,3368
benchmarks/satlib/uuf100-430/UUF100.430.1000/uuf100-0109.cnf,UNSAT,0.006,12,0
benchmarks/satlib/uuf100-430/UUF100.430.1000/uuf100-011.cnf,UNSAT,0.015,20,969
benchmarks/satlib/uuf100-430/UUF100.430.1000/uuf100-0110.cnf,UNSAT,0.017,20,978
benchmarks/satlib/uuf100-430/UUF100.430.1000/uuf100-0111.cnf,UNSAT,0.039,30,3375
benchmarks/satlib/uuf100-430/UUF100.430.1000/uuf100-0112.cnf,UNSAT,0.012,16,965
benchmarks/satlib/uuf100-430/UUF100.430.1000/uuf100-0113.cnf,UNSAT,0.010,14,0
benchmarks/satlib/uuf100-430/UUF100.430.1000/uuf100-0114.cnf,UNSAT,0.017,21,981
benchmarks/satlib/uuf100-430/UUF100.430.1000/uuf100-0115.cnf,UNSAT,0.026,29,2103
benchmarks/satlib/uuf100-430/UUF100.430.1000/uuf100-0116.cnf,UNSAT,0.013,15,962
benchmarks/satlib/uuf100-430/UUF100.430.1000/uuf100-0117.cnf,UNSAT,0.015,20,969
benchmarks/satlib/uuf100-430/UUF100.430.1000/uuf100-0118.cnf,UNSAT,0.006,13,0
benchmarks/satlib/uuf100-430/UUF100.430.1000/uuf100-0119.cnf,UNSAT,0.018,21,970
benchmarks/satlib/uuf100-430/UUF100.430.1000/uuf100-012.cnf,UNSAT,0.011,14,966
benchmarks/satlib/uuf100-430/UUF100.430.1000/uuf100-0120.cnf,UNSAT,0.018,23,974
benchmarks/satlib/uuf100-430/UUF100.430.1000/uuf100-0121.cnf,UNSAT,0.005,12,0
benchmarks/satlib/uuf100-430/UUF100.430.1000/uuf100-0122.cnf,UNSAT,0.003,7,0
benchmarks/satlib/uuf100-430/UUF100.430.1000/uuf100-0123.cnf,UNSAT,0.011,14,0
benchmarks/satlib/uuf100-430/UUF100.430.1000/uuf100-0124.cnf,UNSAT,0.020,26,974
benchmarks/satlib/uuf100-430/UUF100.430.1000/uuf100-0125.cnf,UNSAT,0.012,14,960
benchmarks/satlib/uuf100-430/UUF100.430.1000/uuf100-0126.cnf,UNSAT,0.020,25,984
benchmarks/satlib/uuf100-430/UUF100.430.1000/uuf100-0127.cnf,UNSAT,0.020,27,983
benchmarks/satlib/uuf100-430/UUF100.430.1000/uuf100-0128.cnf,UNSAT,0.022,27,980
benchmarks/satlib/uuf100-430/UUF100.430.1000/uuf100-0129.cnf,UNSAT,0.020,25,986
benchmarks/satlib/uuf100-430/UUF100.430.1000/uuf100-013.cnf,UNSAT,0.003,8,0
benchmarks/satlib/uuf100-430/UUF100.430.1000/uuf100-0130.cnf,UNSAT,0.003,8,0
benchmarks/satlib/uuf100-430/UUF100.430.1000/uuf100-0131.cnf,UNSAT,0.039,34,3371
benchmarks/satlib/uuf100-430/UUF100.430.1000/uuf100-0132.cnf,UNSAT,0.012,15,962
benchmarks/satlib/uuf100-430/UUF100.430.1000/uuf100-0133.cnf,UNSAT,0.012,15,974
benchmarks/satlib/uuf100-430/UUF100.430.1000/uuf100-0134.cnf,UNSAT,0.017,22,973
benchmarks/satlib/uuf100-430/UUF100.430.1000/uuf100-0135.cnf,UNSAT,0.008,14,0
benchmarks/satlib/uuf100-430/UUF100.430.1000/uuf100-0136.cnf,UNSAT,0.017,21,976
benchmarks/satlib/uuf100-430/UUF100.430.1000/uuf100-0137.cnf,UNSAT,0.010,14,0
benchmarks/satlib/uuf100-430/UUF100.430.1000/uuf100-0138.cnf,UNSAT,0.027,30,2094
benchmarks/satlib/uuf100-430/UUF100.430.1000/uuf100-0139.cnf,UNSAT,0.013,14,957
benchmarks/satlib/uuf100-430/UUF100.430.1000/uuf100-014.cnf,UNSAT,0.011,14,0
benchmarks/satlib/uuf100-430/UUF100.430.1000/uuf100-0140.cnf,UNSAT,0.023,28,2087
benchmarks/satlib/uuf100-430/UUF100.430.1000/uuf100-0141.cnf,UNSAT,0.020,25,979
benchmarks/satlib/uuf100-430/UUF100.430.1000/uuf100-0142.cnf,UNSAT,0.007,13,0
benchmarks/satlib/uuf100-430/UUF100.430.1000/uuf100-0143.cnf,UNSAT,0.007,13,0
benchmarks/satlib/uuf100-430/UUF100.430.1000/uuf100-0144.cnf,UNSAT,0.010,14,0
benchmarks/satlib/uuf100-430/UUF100.430.1000/uuf100-0145.cnf,UNSAT,0.023,28,2073
benchmarks/satlib/uuf100-430/UUF100.430.1000/uuf100-0146.cnf,UNSAT,0.008,14,0
benchmarks/satlib/uuf100-430/UUF100.430.1000/uuf100-0147.cnf,UNSAT,0.010,14,0
benchmarks/satlib/uuf100-430/UUF100.430.1000/uuf100-0148.cnf,UNSAT,0.025,29,2098
benchmarks/satlib/uuf100-430/UUF100.430.1000/uuf100-0149.cnf,UNSAT,0.008,14,0
benchmarks/satlib/uuf100-430/UUF100.430.1000/uuf100-015.cnf,UNSAT,0.035,30,3333
benchmarks/satlib/uuf100-430/UUF100.430.1000/uuf100-0150.cnf,UNSAT,0.012,16,965
benchmarks/satlib/uuf100-430/UUF100.430.1000/uuf100-0151.cnf,UNSAT,0.013,16,974
benchmarks/satlib/uuf100-430/UUF100.430.1000/uuf100-0152.cnf,UNSAT,0.006,12,0
benchmarks/satlib/uuf100-430/UUF100.430.1000/uuf100-0153.cnf,UNSAT,0.014,17,973
benchmarks/satlib/uuf100-430/UUF100.430.1000/uuf100-0154.cnf,UNSAT,0.031,30,2089
benchmarks/satlib/uuf100-430/UUF100.430.1000/uuf100-0155.cnf,UNSAT,0.010,14,0
benchmarks/satlib/uuf100-430/UUF100.430.1000/uuf100-0156.cnf,UNSAT,0.012,14,965
benchmarks/satlib/uuf100-430/UUF100.430.1000/uuf100-0157.cnf,UNSAT,0.011,14,0
benchmarks/satlib/uuf100-430/UUF100.430.1000/uuf100-0158.cnf,UNSAT,0.012,15,974
benchmarks/satlib/uuf100-430/UUF100.430.1000/uuf100-0159.cnf,UNSAT,0.017,21,980
benchmarks/satlib/uuf100-430/UUF100.430.1000/uuf100-016.cnf,UNSAT,0.021,26,980
benchmarks/satlib/uuf100-430/UUF100.430.1000/uuf100-0160.cnf,UNSAT,0.009,14,0
benchmarks/satlib/uuf100-430/UUF100.430.1000/uuf100-0161.cnf,UNSAT,0.019,22,973
benchmarks/satlib/uuf100-430/UUF100.430.1000/uuf100-0162.cnf,UNSAT,0.013,19,976
benchmarks/satlib/uuf100-430/UUF100.430.1000/uuf100-0163.cnf,UNSAT,0.007,13,0
benchmarks/satlib/uuf100-430/UUF100.430.1000/uuf100-0164.cnf,UNSAT,0.009,14,0
benchmarks/satlib/uuf100-430/UUF100.430.1000/uuf100-0165.cnf,UNSAT,0.003,7,0
benchmarks/satlib/uuf100-430/UUF100.430.1000/uuf100-0166.cnf,UNSAT,0.020,26,979
benchmarks/satlib/uuf100-430/UUF100.430.1000/uuf100-0167.cnf,UNSAT,0.010,14,0
benchmarks/satlib/uuf100-430/UUF100.430.1000/uuf100-0168.cnf,UNSAT,0.026,29,2104
benchmarks/satlib/uuf100-430/UUF100.430.1000/uuf100-0169.cnf,UNSAT,0.009,14,0
benchmarks/satlib/uuf100-430/UUF100.430.1000/uuf100-017.cnf,UNSAT,0.010,14,0
benchmarks/satlib/uuf100-430/UUF100.430.1000/uuf100-0170.cnf,UNSAT,0.027,29,2107
benchmarks/satlib/uuf100-430/UUF100.430.1000/uuf100-0171.cnf,UNSAT,0.017,21,962
benchmarks/satlib/uuf100-430/UUF100.430.1000/uuf100-0172.cnf,UNSAT,0.004,9,0
benchmarks/satlib/uuf100-430/UUF100.430.1000/uuf100-0173.cnf,UNSAT,0.003,7,0
benchmarks/satlib/uuf100-430/UUF100.430.1000/uuf100-0174.cnf,UNSAT,0.012,15,970
benchmarks/satlib/uuf100-430/UUF100.430.1000/uuf100-0175.cnf,UNSAT,0.021,27,972
benchmarks/satlib/uuf100-430/UUF100.430.1000/uuf100-0176.cnf,UNSAT,0.011,14,0
benchmarks/satlib/uuf100-430/UUF100.430.1000/uuf100-0177.cnf,UNSAT,0.010,14,0
benchmarks/satlib/uuf100-430/UUF100.430.1000/uuf100-0178.cnf,UNSAT,0.027,29,2096
benchmarks/satlib/uuf100-430/UUF100.430.1000/uuf100-0179.cnf,UNSAT,0.007,13,0
benchmarks/satlib/uuf100-430/UUF100.430.1000/uuf100-018.cnf,UNSAT,0.021,27,2076
benchmarks/satlib/uuf100-430/UUF100.430.1000/uuf100-0180.cnf,UNSAT,0.016,20,974
benchmarks/satlib/uuf100-430/UUF100.430.1000/uuf100-0181.cnf,UNSAT,0.010,14,0
benchmarks/satlib/uuf100-430/UUF100.430.1000/uuf100-0182.cnf,UNSAT,0.024,28,2102
benchmarks/satlib/uuf100-430/UUF100.430.1000/uuf100-0183.cnf,UNSAT,0.010,14,0
benchmarks/satlib/uuf100-430/UUF100.430.1000/uuf100-0184.cnf,UNSAT,0.007,13,0
benchmarks/satlib/uuf100-430/UUF100.430.1000/uuf100-0185.cnf,UNSAT,0.045,37,3381
benchmarks/satlib/uuf100-430/UUF100.430.1000/uuf100-0186.cnf,UNSAT,0.012,14,0
benchmarks/satlib/uuf100-430/UUF100.430.1000/uuf100-0187.cnf,UNSAT,0.004,9,0
benchmarks/satlib/uuf100-430/UUF100.430.1000/uuf100-0188.cnf,UNSAT,0.009,14,0
benchmarks/satlib/uuf100-430/UUF100.430.1000/uuf100-0189.cnf,UNSAT,0.016,21,971
benchmarks/satlib/uuf100-430/UUF100.430.1000/uuf100-019.cnf,UNSAT,0.016,21,974
benchmarks/satlib/uuf100-430/UUF100.430.1000/uuf100-0190.cnf,UNSAT,0.021,28,2083
benchmarks/satlib/uuf100-430/UUF100.430.1000/uuf100-0191.cnf,UNSAT,0.004,9,0
benchmarks/satlib/uuf100-430/UUF100.430.1000/uuf100-0192.cnf,UNSAT,0.022,28,2091
benchmarks/satlib/uuf100-430/UUF100.430.1000/uuf100-0193.cnf,UNSAT,0.009,14,0
benchmarks/satlib/uuf100-430/UUF100.430.1000/uuf100-0194.cnf,UNSAT,0.029,30,2108
benchmarks/satlib/uuf100-430/UUF100.430.1000/uuf100-0195.cnf,UNSAT,0.003,7,0
benchmarks/satlib/uuf100-430/UUF100.430.1000/uuf100-0196.cnf,UNSAT,0.014,17,980
benchmarks/satlib/uuf100-430/UUF100.430.1000/uuf100-0197.cnf,UNSAT,0.026,29,2110
benchmarks/satlib/uuf100-430/UUF100.430.1000/uuf100-0198.cnf,UNSAT,0.013,16,972
benchmarks/satlib/uuf100-430/UUF100.430.1000/uuf100-0199.cnf,UNSAT,0.013,17,970
benchmarks/satlib/uuf100-430/UUF100.430.1000/uuf100-02.cnf,UNSAT,0.014,18,977
benchmarks/satlib/uuf100-430/UUF100.430.1000/uuf100-020.cnf,UNSAT,0.035,30,3352
benchmarks/satlib/uuf100-430/UUF100.430.1000/uuf100-0200.cnf,UNSAT,0.016,21,980
benchmarks/satlib/uuf100-430/UUF100.430.1000/uuf100-0201.cnf,UNSAT,0.015,21,978
benchmarks/satlib/uuf100-430/UUF100.430.1000/uuf100-0202.cnf,UNSAT,0.007,13,0
benchmarks/satlib/uuf100-430/UUF100.430.1000/uuf100-0203.cnf,UNSAT,0.017,21,974
benchmarks/satlib/uuf100-430/UUF100.430.1000/uuf100-0204.cnf,UNSAT,0.005,12,0
benchmarks/satlib/uuf100-430/UUF100.430.1000/uuf100-0205.cnf,UNSAT,0.014,19,977
benchmarks/satlib/uuf100-430/UUF100.430.1000/uuf100-0206.cnf,UNSAT,0.024,29,2095
benchmarks/satlib/uuf100-430/UUF100.430.1000/uuf100-0207.cnf,UNSAT,0.035,30,3349
benchmarks/satlib/uuf100-430/UUF100.430.1000/uuf100-0208.cnf,UNSAT,0.009,14,0
benchmarks/satlib/uuf100-430/UUF100.430.1000/uuf100-0209.cnf,UNSAT,0.005,10,0
benchmarks/satlib/uuf100-430/UUF100.430.1000/uuf100-021.cnf,UNSAT,0.013,17,967
benchmarks/satlib/uuf100-430/UUF100.430.1000/uuf100-0210.cnf,UNSAT,0.020,24,980
benchmarks/satlib/uuf100-430/UUF100.430.1000/uuf100-0211.cnf,UNSAT,0.013,17,975
benchmarks/satlib/uuf100-430/UUF100.430.1000/uuf100-0212.cnf,UNSAT,0.028,30,2096
benchmarks/satlib/uuf100-430/UUF100.430.1000/uuf100-0213.cnf,UNSAT,0.012,14,965
benchmarks/satlib/uuf100-430/UUF100.430.1000/uuf100-0214.cnf,UNSAT,0.029,30,2112
benchmarks/satlib/uuf100-430/UUF100.430.1000/uuf100-0215.cnf,UNSAT,0.002,6,0
benchmarks/satlib/uuf100-430/UUF100.430.1000/uuf100-0216.cnf,UNSAT,0.016,21,971
benchmarks/satlib/uuf100-430/UUF100.430.1000/uuf100-0217.cnf,UNSAT,0.016,21,975
benchmarks/satlib/uuf100-430/UUF100.430.1000/uuf100-0218.cnf,UNSAT,0.014,19,984
benchmarks/satlib/uuf100-430/UUF100.430.1000/uuf100-0219.cnf,UNSAT,0.014,17,974
benchmarks/satlib/uuf100-430/UUF100.430.1000/uuf100-022.cnf,UNSAT,0.014,18,972
benchmarks/satlib/uuf100-430/UUF100.430.1000/uuf100-0220.cnf,UNSAT,0.011,14,0
benchmarks/satlib/uuf100-430/UUF100.430.1000/uuf100-0221.cnf,UNSAT,0.009,14,0
benchmarks/satlib/uuf100-430/UUF100.430.1000/uuf100-0222.cnf,UNSAT,0.023,28,2108
benchmarks/satlib/uuf100-430/UUF100.430.1000/uuf100-0223.cnf,UNSAT,0.022,28,2096
benchmarks/satlib/uuf100-430/UUF100.430.1000/uuf100-0224.cnf,UNSAT,0.007,13,0
benchmarks/satlib/uuf100-430/UUF100.430.1000/uuf100-0225.cnf,UNSAT,0.030,30,2099
benchmarks/satlib/uuf100-430/UUF100.430.1000/uuf100-0226.cnf,UNSAT,0.028,29,2085
benchmarks/satlib/uuf100-430/UUF100.430.1000/uuf100-0227.cnf,UNSAT,0.022,28,2096
benchmarks/satlib/uuf100-430/UUF100.430.1000/uuf100-0228.cnf,UNSAT,0.021,28,2094
benchmarks/satlib/uuf100-430/UUF100.430.1000/uuf100-0229.cnf,UNSAT,0.017,21,973
benchmarks/satlib/uuf100-430/UUF100.430.1000/uuf100-023.cnf,UNSAT,0.016,21,968
benchmarks/satlib/uuf100-430/UUF100.430.1000/uuf100-0230.cnf,UNSAT,0.012,14,0
benchmarks/satlib/uuf100-430/UUF100.430.1000/uuf100-0231.cnf,UNSAT,0.031,30,2098
benchmarks/satlib/uuf100-430/UUF100.430.1000/uuf100-0232.cnf,UNSAT,0.011,14,0
benchmarks/satlib/uuf100-430/UUF100.430.1000/uuf100-0233.cnf,UNSAT,0.005,10,0
benchmarks/satlib/uuf100-430/UUF100.430.1000/uuf100-0234.cnf,UNSAT,0.010,14,0
benchmarks/satlib/uuf100-430/UUF100.430.1000/uuf100-0235.cnf,UNSAT,0.011,14,968
benchmarks/satlib/uuf100-430/UUF100.430.1000/uuf100-0236.cnf,UNSAT,0.026,29,2096
benchmarks/satlib/uuf100-430/UUF100.430.1000/uuf100-0237.cnf,UNSAT,0.008,14,0
benchmarks/satlib/uuf100-430/UUF100.430.1000/uuf100-0238.cnf,UNSAT,0.011,14,0
benchmarks/satlib/uuf100-430/UUF100.430.1000/uuf100-0239.cnf,UNSAT,0.012,16,957
benchmarks/satlib/uuf100-430/UUF100.430.1000/uuf100-024.cnf,UNSAT,0.039,34,3376
benchmarks/satlib/uuf100-430/UUF100.430.1000/uuf100-0240.cnf,UNSAT,0.016,21,979
benchmarks/satlib/uuf100-430/UUF100.430.1000/uuf100-0241.cnf,UNSAT,0.034,30,2116
benchmarks/satlib/uuf100-430/UUF100.430.1000/uuf100-0242.cnf,UNSAT,0.030,30,2096
benchmarks/satlib/uuf100-430/UUF100.430.1000/uuf100-0243.cnf,UNSAT,0.016,21,971
benchmarks/satlib/uuf100-430/UUF100.430.1000/uuf100-0244.cnf,UNSAT,0.019,24,977
benchmarks/satlib/uuf100-430/UUF100.430.1000/uuf100-0245.cnf,UNSAT,0.015,19,970
benchmarks/satlib/uuf100-430/UUF100.430.1000/uuf100-0246.cnf,UNSAT,0.026,29,2100
benchmarks/satlib/uuf100-430/UUF100.430.1000/uuf100-0247.cnf,UNSAT,0.029,30,2099
benchmarks/satlib/uuf100-430/UUF100.430.1000/uuf100-0248.cnf,UNSAT,0.014,17,967
benchmarks/satlib/uuf100-430/UUF100.430.1000/uuf100-0249.cnf,UNSAT,0.016,21,974
benchmarks/satlib/uuf100-430/UUF100.430.1000/uuf100-025.cnf,UNSAT,0.019,24,973
benchmarks/satlib/uuf100-430/UUF100.430.1000/uuf100-0250.cnf,UNSAT,0.010,14,0
benchmarks/satlib/uuf100-430/UUF100.430.1000/uuf100-0251.cnf,UNSAT,0.012,15,970
benchmarks/satlib/uuf100-430/UUF100.430.1000/uuf100-0252.cnf,UNSAT,0.011,14,0
benchmarks/satlib/uuf100-430/UUF100.430.1000/uuf100-0253.cnf,UNSAT,0.034,30,2096
benchmarks/satlib/uuf100-430/UUF100.430.1000/uuf100-0254.cnf,UNSAT,0.012,14,964
benchmarks/satlib/uuf100-430/UUF100.430.1000/uuf100-0255.cnf,UNSAT,0.016,22,977
benchmarks/satlib/uuf100-430/UUF100.430.1000/uuf100-0256.cnf,UNSAT,0.021,27,2074
benchmarks/satlib/uuf100-430/UUF100.430.1000/uuf100-0257.cnf,UNSAT,0.015,20,969
benchmarks/satlib/uuf100-430/UUF100.430.1000/uuf100-0258.cnf,UNSAT,0.037,31,3369
benchmarks/satlib/uuf100-430/UUF100.430.1000/uuf100-0259.cnf,UNSAT,0.004,9,0
benchmarks/satlib/uuf100-430/UUF100.430.1000/uuf100-026.cnf,UNSAT,0.014,17,972
benchmarks/satlib/uuf100-430/UUF100.430.1000/uuf100-0260.cnf,UNSAT,0.007,13,0
benchmarks/satlib/uuf100-430/UUF100.430.1000/uuf100-0261.cnf,UNSAT,0.008,14,0
benchmarks/satlib/uuf100-430/UUF100.430.1000/uuf100-0262.cnf,UNSAT,0.016,21,983
benchmarks/satlib/uuf100-430/UUF100.430.1000/uuf100-0263.cnf,UNSAT,0.005,10,0
benchmarks/satlib/uuf100-430/UUF100.430.1000/uuf100-0264.cnf,UNSAT,0.019,22,971
benchmarks/satlib/uuf100-430/UUF100.430.1000/uuf100-0265.cnf,UNSAT,0.004,8,0
benchmarks/satlib/uuf100-430/UUF100.430.1000/uuf100-0266.cnf,UNSAT,0.010,14,0
benchmarks/satlib/uuf100-430/UUF100.430.1000/uuf100-0267.cnf,UNSAT,0.023,28,2088
benchmarks/satlib/uuf100-430/UUF100.430.1000/uuf100-0268.cnf,UNSAT,0.035,30,3353
benchmarks/satlib/uuf100-430/UUF100.430.1000/uuf100-0269.cnf,UNSAT,0.012,14,0
benchmarks/satlib/uuf100-430/UUF100.430.1000/uuf100-027.cnf,UNSAT,0.006,12,0
benchmarks/satlib/uuf100-430/UUF100.430.1000/uuf100-0270.cnf,UNSAT,0.014,16,969
benchmarks/satlib/uuf100-430/UUF100.430.1000/uuf100-0271.cnf,UNSAT,0.017,23,976
benchmarks/satlib/uuf100-430/UUF100.430.1000/uuf100-0272.cnf,UNSAT,0.006,12,0
benchmarks/satlib/uuf100-430/UUF100.430.1000/uuf100-0273.cnf,UNSAT,0.007,13,0
benchmarks/satlib/uuf100-430/UUF100.430.1000/uuf100-0274.cnf,UNSAT,0.031,30,2101
benchmarks/satlib/uuf100-430/UUF100.430.1000/uuf100-0275.cnf,UNSAT,0.005,10,0
benchmarks/satlib/uuf100-430/UUF100.430.1000/uuf100-0276.cnf,UNSAT,0.011,14,0
benchmarks/satlib/uuf100-430/UUF100.430.1000/uuf100-0277.cnf,UNSAT,0.033,30,3351
benchmarks/satlib/uuf100-430/UUF100.430.1000/uuf100-0278.cnf,UNSAT,0.020,25,987
benchmarks/satlib/uuf100-430/UUF100.430.1000/uuf100-0279.cnf,UNSAT,0.013,17,968
benchmarks/satlib/uuf100-430/UUF100.430.1000/uuf100-028.cnf,UNSAT,0.008,13,0
benchmarks/satlib/uuf100-430/UUF100.430.1000/uuf100-0280.cnf,UNSAT,0.023,28,2107
benchmarks/satlib/uuf100-430/UUF100.430.1000/uuf100-0281.cnf,UNSAT,0.005,10,0
benchmarks/satlib/uuf100-430/UUF100.430.1000/uuf100-0282.cnf,UNSAT,0.028,30,2099
benchmarks/satlib/uuf100-430/UUF100.430.1000/uuf100-0283.cnf,UNSAT,0.008,13,0
benchmarks/satlib/uuf100-430/UUF100.430.1000/uuf100-0284.cnf,UNSAT,0.009,14,0
benchmarks/satlib/uuf100-430/UUF100.430.1000/uuf100-0285.cnf,UNSAT,0.026,29,2095
benchmarks/satlib/uuf100-430/UUF100.430.1000/uuf100-0286.cnf,UNSAT,0.007,13,0
benchmarks/satlib/uuf100-430/UUF100.430.1000/uuf100-0287.cnf,UNSAT,0.017,21,967
benchmarks/satlib/uuf100-430/UUF100.430.1000/uuf100-0288.cnf,UNSAT,0.021,27,979
benchmarks/satlib/uuf100-430/UUF100.430.1000/uuf100-0289.cnf,UNSAT,0.018,21,976
benchmarks/satlib/uuf100-430/UUF100.430.1000/uuf100-029.cnf,UNSAT,0.021,27,979
benchmarks/satlib/uuf100-430/UUF100.430.1000/uuf100-0290.cnf,UNSAT,0.025,29,2098
benchmarks/satlib/uuf100-430/UUF100.430.1000/uuf100-0291.cnf,UNSAT,0.010,14,0
benchmarks/satlib/uuf100-430/UUF100.430.1000/uuf100-0292.cnf,UNSAT,0.026,29,2082
benchmarks/satlib/uuf100-430/UUF100.430.1000/uuf100-0293.cnf,UNSAT,0.010,14,0
benchmarks/satlib/uuf100-430/UUF100.430.1000/uuf100-0294.cnf,UNSAT,0.005,11,0
benchmarks/satlib/uuf100-430/UUF100.430.1000/uuf100-0295.cnf,UNSAT,0.015,21,977
benchmarks/satlib/uuf100-430/UUF100.430.1000/uuf100-0296.cnf,UNSAT,0.026,29,2089
benchmarks/satlib/uuf100-430/UUF100.430.1000/uuf100-0297.cnf,UNSAT,0.011,14,0
benchmarks/satlib/uuf100-430/UUF100.430.1000/uuf100-0298.cnf,UNSAT,0.009,14,0
benchmarks/satlib/uuf100-430/UUF100.430.1000/uuf100-0299.cnf,UNSAT,0.014,18,976
benchmarks/satlib/uuf100-430/UUF100.430.1000/uuf100-03.cnf,UNSAT,0.016,21,980
benchmarks/satlib/uuf100-430/UUF100.430.1000/uuf100-030.cnf,UNSAT,0.006,12,0
benchmarks/satlib/uuf100-430/UUF100.430.1000/uuf100-0300.cnf,UNSAT,0.003,8,0
benchmarks/satlib/uuf100-430/UUF100.430.1000/uuf100-0301.cnf,UNSAT,0.010,14,0
benchmarks/satlib/uuf100-430/UUF100.430.1000/uuf100-0302.cnf,UNSAT,0.014,20,971
benchmarks/satlib/uuf100-430/UUF100.430.1000/uuf100-0303.cnf,UNSAT,0.005,11,0
benchmarks/satlib/uuf100-430/UUF100.430.1000/uuf100-0304.cnf,UNSAT,0.023,29,2097
benchmarks/satlib/uuf100-430/UUF100.430.1000/uuf100-0305.cnf,UNSAT,0.016,21,978
benchmarks/satlib/uuf100-430/UUF100.430.1000/uuf100-0306.cnf,UNSAT,0.025,29,2091
benchmarks/satlib/uuf100-430/UUF100.430.1000/uuf100-0307.cnf,UNSAT,0.007,13,0
benchmarks/satlib/uuf100-430/UUF100.430.1000/uuf100-0308.cnf,UNSAT,0.007,13,0
benchmarks/satlib/uuf100-430/UUF100.430.1000/uuf100-0309.cnf,UNSAT,0.006,13,0
benchmarks/satlib/uuf100-430/UUF100.430.1000/uuf100-031.cnf,UNSAT,0.012,16,971
benchmarks/satlib/uuf100-430/UUF100.430.1000/uuf100-0310.cnf,UNSAT,0.005,12,0
benchmarks/satlib/uuf100-430/UUF100.430.1000/uuf100-0311.cnf,UNSAT,0.008,14,0
benchmarks/satlib/uuf100-430/UUF100.430.1000/uuf100-0312.cnf,UNSAT,0.019,24,968
benchmarks/satlib/uuf100-430/UUF100.430.1000/uuf100-0313.cnf,UNSAT,0.004,9,0
benchmarks/satlib/uuf100-430/UUF100.430.1000/uuf100-0314.cnf,UNSAT,0.012,14,966
benchmarks/satlib/uuf100-430/UUF100.430.1000/uuf100-0315.cnf,UNSAT,0.013,17,969
benchmarks/satlib/uuf100-430/UUF100.430.1000/uuf100-0316.cnf,UNSAT,0.023,29,2096
benchmarks/satlib/uuf100-430/UUF100.430.1000/uuf100-0317.cnf,UNSAT,0.012,14,961
benchmarks/satlib/uuf100-430/UUF100.430.1000/uuf100-0318.cnf,UNSAT,0.019,26,974
benchmarks/satlib/uuf100-430/UUF100.430.1000/uuf100-0319.cnf,UNSAT,0.015,20,973
benchmarks/satlib/uuf100-430/UUF100.430.1000/uuf100-032.cnf,UNSAT,0.021,27,982
benchmarks/satlib/uuf100-430/UUF100.430.1000/uuf100-0320.cnf,UNSAT,0.005,10,0
benchmarks/satlib/uuf100-430/UUF100.430.1000/uuf100-0321.cnf,UNSAT,0.014,20,970
benchmarks/satlib/uuf100-430/UUF100.430.1000/uuf100-0322.cnf,UNSAT,0.013,16,969
benchmarks/satlib/uuf100-430/UUF100.430.1000/uuf100-0323.cnf,UNSAT,0.018,22,973
benchmarks/satlib/uuf100-430/UUF100.430.1000/uuf100-0324.cnf,UNSAT,0.012,14,958
benchmarks/satlib/uuf100-430/UUF100.430.1000/uuf100-0325.cnf,UNSAT,0.011,14,0
benchmarks/satlib/uuf100-430/UUF100.430.1000/uuf100-0326.cnf,UNSAT,0.014,20,966
benchmarks/satlib/uuf100-430/UUF100.430.1000/uuf100-0327.cnf,UNSAT,0.011,14,0
benchmarks/satlib/uuf100-430/UUF100.430.1000/uuf100-0328.cnf,UNSAT,0.003,6,0
benchmarks/satlib/uuf100-430/UUF100.430.1000/uuf100-0329.cnf,UNSAT,0.011,14,0
benchmarks/satlib/uuf100-430/UUF100.430.1000/uuf100-033.cnf,UNSAT,0.013,16,972
benchmarks/satlib/uuf100-430/UUF100.430.1000/uuf100-0330.cnf,UNSAT,0.022,28,2101
benchmarks/satlib/uuf100-430/UUF100.430.1000/uuf100-0331.cnf,UNSAT,0.014,19,967
benchmarks/satlib/uuf100-430/UUF100.430.1000/uuf100-0332.cnf,UNSAT,0.004,9,0
benchmarks/satlib/uuf100-430/UUF100.430.1000/uuf100-0333.cnf,UNSAT,0.014,18,974
benchmarks/satlib/uuf100-430/UUF100.430.1000/uuf100-0334.cnf,UNSAT,0.008,14,0
benchmarks/satlib/uuf100-430/UUF100.430.1000/uuf100-0335.cnf,UNSAT,0.005,10,0
benchmarks/satlib/uuf100-430/UUF100.430.1000/uuf100-0336.cnf,UNSAT,0.024,29,2094
benchmarks/satlib/uuf100-430/UUF100.430.1000/uuf100-0337.cnf,UNSAT,0.005,9,0
benchmarks/satlib/uuf100-430/UUF100.430.1000/uuf100-0338.cnf,UNSAT,0.012,14,0
benchmarks/satlib/uuf100-430/UUF100.430.1000/uuf100-0339.cnf,UNSAT,0.014,18,975
benchmarks/satlib/uuf100-430/UUF100.430.1000/uuf100-034.cnf,UNSAT,0.005,11,0
benchmarks/satlib/uuf100-430/UUF100.430.1000/uuf100-0340.cnf,UNSAT,0.012,16,970
benchmarks/satlib/uuf100-430/UUF100.430.1000/uuf100-0341.cnf,UNSAT,0.024,28,2090
benchmarks/satlib/uuf100-430/UUF100.430.1000/uuf100-0342.cnf,UNSAT,0.025,29,2107
benchmarks/satlib/uuf100-430/UUF100.430.1000/uuf100-0343.cnf,UNSAT,0.008,14,0
benchmarks/satlib/uuf100-430/UUF100.430.1000/uuf100-0344.cnf,UNSAT,0.024,29,2098
benchmarks/satlib/uuf100-430/UUF100.430.1000/uuf100-0345.cnf,UNSAT,0.008,14,0
benchmarks/satlib/uuf100-430/UUF100.430.1000/uuf100-0346.cnf,UNSAT,0.014,17,977
benchmarks/satlib/uuf100-430/UUF100.430.1000/uuf100-0347.cnf,UNSAT,0.012,14,0
benchmarks/satlib/uuf100-430/UUF100.430.1000/uuf100-0348.cnf,UNSAT,0.009,14,0
benchmarks/satlib/uuf100-430/UUF100.430.1000/uuf100-0349.cnf,UNSAT,0.011,14,0
benchmarks/satlib/uuf100-430/UUF100.430.1000/uuf100-035.cnf,UNSAT,0.030,30,2103
benchmarks/satlib/uuf100-430/UUF100.430.1000/uuf100-0350.cnf,UNSAT,0.007,13,0
benchmarks/satlib/uuf100-430/UUF100.430.1000/uuf100-0351.cnf,UNSAT,0.015,21,972
benchmarks/satlib/uuf100-430/UUF100.430.1000/uuf100-0352.cnf,UNSAT,0.026,29,2100
benchmarks/satlib/uuf100-430/UUF100.430.1000/uuf100-0353.cnf,UNSAT,0.009,14,0
benchmarks/satlib/uuf100-430/UUF100.430.1000/uuf100-0354.cnf,UNSAT,0.006,12,0
benchmarks/satlib/uuf100-430/UUF100.430.1000/uuf100-0355.cnf,UNSAT,0.032,30,2104
benchmarks/satlib/uuf100-430/UUF100.430.1000/uuf100-0356.cnf,UNSAT,0.012,14,962
benchmarks/satlib/uuf100-430/UUF100.430.1000/uuf100-0357.cnf,UNSAT,0.008,14,0
benchmarks/satlib/uuf100-430/UUF100.430.1000/uuf100-0358.cnf,UNSAT,0.010,14,0
benchmarks/satlib/uuf100-430/UUF100.430.1000/uuf100-0359.cnf,UNSAT,0.005,11,0
benchmarks/satlib/uuf100-430/UUF100.430.1000/uuf100-036.cnf,UNSAT,0.004,7,0
benchmarks/satlib/uuf100-430/UUF100.430.1000/uuf100-0360.cnf,UNSAT,0.007,13,0
benchmarks/satlib/uuf100-430/UUF100.430.1000/uuf100-0361.cnf,UNSAT,0.013,16,973
benchmarks/satlib/uuf100-430/UUF100.430.1000/uuf100-0362.cnf,UNSAT,0.014,17,977
benchmarks/satlib/uuf100-430/UUF100.430.1000/uuf100-0363.cnf,UNSAT,0.007,13,0
benchmarks/satlib/uuf100-430/UUF100.430.1000/uuf100-0364.cnf,UNSAT,0.028,29,2101
benchmarks/satlib/uuf100-430/UUF100.430.1000/uuf100-0365.cnf,UNSAT,0.008,14,0
benchmarks/satlib/uuf100-430/UUF100.430.1000/uuf100-0366.cnf,UNSAT,0.006,12,0
benchmarks/satlib/uuf100-430/UUF100.430.1000/uuf100-0367.cnf,UNSAT,0.010,14,0
benchmarks/satlib/uuf100-430/UUF100.430.1000/uuf100-0368.cnf,UNSAT,0.034,30,3350
benchmarks/satlib/uuf100-430/UUF100.430.1000/uuf100-0369.cnf,UNSAT,0.016,21,976
benchmarks/satlib/uuf100-430/UUF100.430.1000/uuf100-037.cnf,UNSAT,0.011,14,971
benchmarks/satlib/uuf100-430/UUF100.430.1000/uuf100-0370.cnf,UNSAT,0.015,20,977
benchmarks/satlib/uuf100-430/UUF100.430.1000/uuf100-0371.cnf,UNSAT,0.016,21,985
benchmarks/satlib/uuf100-430/UUF100.430.1000/uuf100-0372.cnf,UNSAT,0.010,14,0
benchmarks/satlib/uuf100-430/UUF100.430.1000/uuf100-0373.cnf,UNSAT,0.012,14,0
benchmarks/satlib/uuf100-430/UUF100.430.1000/uuf100-0374.cnf,UNSAT,0.023,28,2089
benchmarks/satlib/uuf100-430/UUF100.430.1000/uuf100-0375.cnf,UNSAT,0.009,14,0
benchmarks/satlib/uuf100-430/UUF100.430.1000/uuf100-0376.cnf,UNSAT,0.031,30,2106
benchmarks/satlib/uuf100-430/UUF100.430.1000/uuf100-0377.cnf,UNSAT,0.013,18,964
benchmarks/satlib/uuf100-430/UUF100.430.1000/uuf100-0378.cnf,UNSAT,0.004,9,0
benchmarks/satlib/uuf100-430/UUF100.430.1000/uuf100-0379.cnf,UNSAT,0.006,13,0
benchmarks/satlib/uuf100-430/UUF100.430.1000/uuf100-038.cnf,UNSAT,0.013,18,981
benchmarks/satlib/uuf100-430/UUF100.430.1000/uuf100-0380.cnf,UNSAT,0.011,14,0
benchmarks/satlib/uuf100-430/UUF100.430.1000/uuf100-0381.cnf,UNSAT,0.012,14,0
benchmarks/satlib/uuf100-430/UUF100.430.1000/uuf100-0382.cnf,UNSAT,0.005,10,0
benchmarks/satlib/uuf100-430/UUF100.430.1000/uuf100-0383.cnf,UNSAT,0.017,22,972
benchmarks/satlib/uuf100-430/UUF100.430.1000/uuf100-0384.cnf,UNSAT,0.018,21,976
benchmarks/satlib/uuf100-430/UUF100.430.1000/uuf100-0385.cnf,UNSAT,0.017,23,972
benchmarks/satlib/uuf100-430/UUF100.430.1000/uuf100-0386.cnf,UNSAT,0.011,14,0
benchmarks/satlib/uuf100-430/UUF100.430.1000/uuf100-0387.cnf,UNSAT,0.017,23,969
benchmarks/satlib/uuf100-430/UUF100.430.1000/uuf100-0388.cnf,UNSAT,0.003,7,0
benchmarks/satlib/uuf100-430/UUF100.430.1000/uuf100-0389.cnf,UNSAT,0.018,23,978
benchmarks/satlib/uuf100-430/UUF100.430.1000/uuf100-039.cnf,UNSAT,0.018,21,976
benchmarks/satlib/uuf100-430/UUF100.430.1000/uuf100-0390.cnf,UNSAT,0.006,12,0
benchmarks/satlib/uuf100-430/UUF100.430.1000/uuf100-0391.cnf,UNSAT,0.009,14,0
benchmarks/satlib/uuf100-430/UUF100.430.1000/uuf100-0392.cnf,UNSAT,0.008,13,0
benchmarks/satlib/uuf100-430/UUF100.430.1000/uuf100-0393.cnf,UNSAT,0.004,9,0
benchmarks/satlib/uuf100-430/UUF100.430.1000/uuf100-0394.cnf,UNSAT,0.014,20,974
benchmarks/satlib/uuf100-430/UUF100.430.1000/uuf100-0395.cnf,UNSAT,0.005,11,0
benchmarks/satlib/uuf100-430/UUF100.430.1000/uuf100-0396.cnf,UNSAT,0.013,17,967
benchmarks/satlib/uuf100-430/UUF100.430.1000/uuf100-0397.cnf,UNSAT,0.003,7,0
benchmarks/satlib/uuf100-430/UUF100.430.1000/uuf100-0398.cnf,UNSAT,0.006,13,0
benchmarks/satlib/uuf100-430/UUF100.430.1000/uuf100-0399.cnf,UNSAT,0.008,14,0
benchmarks/satlib/uuf100-430/UUF100.430.1000/uuf100-04.cnf,UNSAT,0.019,25,983
benchmarks/satlib/uuf100-430/UUF100.430.1000/uuf100-040.cnf,UNSAT,0.001,4,0
benchmarks/satlib/uuf100-430/UUF100.430.1000/uuf100-0400.cnf,UNSAT,0.010,14,0
benchmarks/satlib/uuf100-430/UUF100.430.1000/uuf100-0401.cnf,UNSAT,0.008,13,0
benchmarks/satlib/uuf100-430/UUF100.430.1000/uuf100-0402.cnf,UNSAT,0.015,21,970
benchmarks/satlib/uuf100-430/UUF100.430.1000/uuf100-0403.cnf,UNSAT,0.013,17,979
benchmarks/satlib/uuf100-430/UUF100.430.1000/uuf100-0404.cnf,UNSAT,0.028,29,2100
benchmarks/satlib/uuf100-430/UUF100.430.1000/uuf100-0405.cnf,UNSAT,0.035,30,3360
benchmarks/satlib/uuf100-430/UUF100.430.1000/uuf100-0406.cnf,UNSAT,0.003,6,0
benchmarks/satlib/uuf100-430/UUF100.430.1000/uuf100-0407.cnf,UNSAT,0.023,28,2106
benchmarks/satlib/uuf100-430/UUF100.430.1000/uuf100-0408.cnf,UNSAT,0.011,14,0
benchmarks/satlib/uuf100-430/UUF100.430.1000/uuf100-0409.cnf,UNSAT,0.008,14,0
benchmarks/satlib/uuf100-430/UUF100.430.1000/uuf100-041.cnf,UNSAT,0.017,21,979
benchmarks/satlib/uuf100-430/UUF100.430.1000/uuf100-0410.cnf,UNSAT,0.024,29,2103
benchmarks/satlib/uuf100-430/UUF100.430.1000/uuf100-0411.cnf,UNSAT,0.022,28,2081
benchmarks/satlib/uuf100-430/UUF100.430.1000/uuf100-0412.cnf,UNSAT,0.008,14,0
benchmarks/satlib/uuf100-430/UUF100.430.1000/uuf100-0413.cnf,UNSAT,0.016,21,969
benchmarks/satlib/uuf100-430/UUF100.430.1000/uuf100-0414.cnf,UNSAT,0.016,21,970
benchmarks/satlib/uuf100-430/UUF100.430.1000/uuf100-0415.cnf,UNSAT,0.022,28,2079
benchmarks/satlib/uuf100-430/UUF100.430.1000/uuf100-0416.cnf,UNSAT,0.007,13,0
benchmarks/satlib/uuf100-430/UUF100.430.1000/uuf100-0417.cnf,UNSAT,0.007,13,0
benchmarks/satlib/uuf100-430/UUF100.430.1000/uuf100-0418.cnf,UNSAT,0.037,32,3370
benchmarks/satlib/uuf100-430/UUF100.430.1000/uuf100-0419.cnf,UNSAT,0.037,30,3342
benchmarks/satlib/uuf100-430/UUF100.430.1000/uuf100-042.cnf,UNSAT,0.013,16,972
benchmarks/satlib/uuf100-430/UUF100.430.1000/uuf100-0420.cnf,UNSAT,0.015,21,981
benchmarks/satlib/uuf100-430/UUF100.430.1000/uuf100-0421.cnf,UNSAT,0.009,14,0
benchmarks/satlib/uuf100-430/UUF100.430.1000/uuf100-0422.cnf,UNSAT,0.006,12,0
benchmarks/satlib/uuf100-430/UUF100.430.1000/uuf100-0423.cnf,UNSAT,0.004,9,0
benchmarks/satlib/uuf100-430/UUF100.430.1000/uuf100-0424.cnf,UNSAT,0.019,23,973
benchmarks/satlib/uuf100-430/UUF100.430.1000/uuf100-0425.cnf,UNSAT,0.016,20,971
benchmarks/satlib/uuf100-430/UUF100.430.1000/uuf100-0426.cnf,UNSAT,0.025,29,2095
benchmarks/satlib/uuf100-430/UUF100.430.1000/uuf100-0427.cnf,UNSAT,0.033,30,2102
benchmarks/satlib/uuf100-430/UUF100.430.1000/uuf100-0428.cnf,UNSAT,0.020,26,979
benchmarks/satlib/uuf100-430/UUF100.430.1000/uuf100-0429.cnf,UNSAT,0.018,22,980
benchmarks/satlib/uuf100-430/UUF100.430.1000/uuf100-043.cnf,UNSAT,0.022,28,2086
benchmarks/satlib/uuf100-430/UUF100.430.1000/uuf100-0430.cnf,UNSAT,0.037,30,3360
benchmarks/satlib/uuf100-430/UUF100.430.1000/uuf100-0431.cnf,UNSAT,0.014,17,972
benchmarks/satlib/uuf100-430/UUF100.430.1000/uuf100-0432.cnf,UNSAT,0.017,21,978
benchmarks/satlib/uuf100-430/UUF100.430.1000/uuf100-0433.cnf,UNSAT,0.008,14,0
benchmarks/satlib/uuf100-430/UUF100.430.1000/uuf100-0434.cnf,UNSAT,0.019,22,976
benchmarks/satlib/uuf100-430/UUF100.430.1000/uuf100-0435.cnf,UNSAT,0.028,29,2096
benchmarks/satlib/uuf100-430/UUF100.430.1000/uuf100-0436.cnf,UNSAT,0.019,24,983
benchmarks/satlib/uuf100-430/UUF100.430.1000/uuf100-0437.cnf,UNSAT,0.020,24,984
benchmarks/satlib/uuf100-430/UUF100.430.1000/uuf100-0438.cnf,UNSAT,0.028,30,2085
benchmarks/satlib/uuf100-430/UUF100.430.1000/uuf100-0439.cnf,UNSAT,0.017,21,981
benchmarks/satlib/uuf100-430/UUF100.430.1000/uuf100-044.cnf,UNSAT,0.005,11,0
benchmarks/satlib/uuf100-430/UUF100.430.1000/uuf100-0440.cnf,UNSAT,0.028,30,2098
benchmarks/satlib/uuf100-430/UUF100.430.1000/uuf100-0441.cnf,UNSAT,0.013,18,973
benchmarks/satlib/uuf100-430/UUF100.430.1000/uuf100-0442.cnf,UNSAT,0.014,18,978
benchmarks/satlib/uuf100-430/UUF100.430.1000/uuf100-0443.cnf,UNSAT,0.022,28,2095
benchmarks/satlib/uuf100-430/UUF100.430.1000/uuf100-0444.cnf,UNSAT,0.017,22,977
benchmarks/satlib/uuf100-430/UUF100.430.1000/uuf100-0445.cnf,UNSAT,0.004,9,0
benchmarks/satlib/uuf100-430/UUF100.430.1000/uuf100-0446.cnf,UNSAT,0.004,10,0
benchmarks/satlib/uuf100-430/UUF100.430.1000/uuf100-0447.cnf,UNSAT,0.022,28,2091
benchmarks/satlib/uuf100-430/UUF100.430.1000/uuf100-0448.cnf,UNSAT,0.011,14,965
benchmarks/satlib/uuf100-430/UUF100.430.1000/uuf100-0449.cnf,UNSAT,0.010,14,0
benchmarks/satlib/uuf100-430/UUF100.430.1000/uuf100-045.cnf,UNSAT,0.008,14,0
benchmarks/satlib/uuf100-430/UUF100.430.1000/uuf100-0450.cnf,UNSAT,0.025,28,2086
benchmarks/satlib/uuf100-430/UUF100.430.1000/uuf100-0451.cnf,UNSAT,0.007,13,0
benchmarks/satlib/uuf100-430/UUF100.430.1000/uuf100-0452.cnf,UNSAT,0.014,17,971
benchmarks/satlib/uuf100-430/UUF100.430.1000/uuf100-0453.cnf,UNSAT,0.025,29,2091
benchmarks/satlib/uuf100-430/UUF100.430.1000/uuf100-0454.cnf,UNSAT,0.015,20,979
benchmarks/satlib/uuf100-430/UUF100.430.1000/uuf100-0455.cnf,UNSAT,0.010,14,0
benchmarks/satlib/uuf100-430/UUF100.430.1000/uuf100-0456.cnf,UNSAT,0.006,12,0
benchmarks/satlib/uuf100-430/UUF100.430.1000/uuf100-0457.cnf,UNSAT,0.075,60,6369
benchmarks/satlib/uuf100-430/UUF100.430.1000/uuf100-0458.cnf,UNSAT,0.003,7,0
benchmarks/satlib/uuf100-430/UUF100.430.1000/uuf100-0459.cnf,UNSAT,0.010,14,0
benchmarks/satlib/uuf100-430/UUF100.430.1000/uuf100-046.cnf,UNSAT,0.011,14,962
benchmarks/satlib/uuf100-430/UUF100.430.1000/uuf100-0460.cnf,UNSAT,0.010,14,0
benchmarks/satlib/uuf100-430/UUF100.430.1000/uuf100-0461.cnf,UNSAT,0.011,14,0
benchmarks/satlib/uuf100-430/UUF100.430.1000/uuf100-0462.cnf,UNSAT,0.017,21,973
benchmarks/satlib/uuf100-430/UUF100.430.1000/uuf100-0463.cnf,UNSAT,0.028,30,2098
benchmarks/satlib/uuf100-430/UUF100.430.1000/uuf100-0464.cnf,UNSAT,0.013,16,969
benchmarks/satlib/uuf100-430/UUF100.430.1000/uuf100-0465.cnf,UNSAT,0.013,17,969
benchmarks/satlib/uuf100-430/UUF100.430.1000/uuf100-0466.cnf,UNSAT,0.024,28,2105
benchmarks/satlib/uuf100-430/UUF100.430.1000/uuf100-0467.cnf,UNSAT,0.027,29,2093
benchmarks/satlib/uuf100-430/UUF100.430.1000/uuf100-0468.cnf,UNSAT,0.012,15,973
benchmarks/satlib/uuf100-430/UUF100.430.1000/uuf100-0469.cnf,UNSAT,0.024,28,2081
benchmarks/satlib/uuf100-430/UUF100.430.1000/uuf100-047.cnf,UNSAT,0.029,30,2097
benchmarks/satlib/uuf100-430/UUF100.430.1000/uuf100-0470.cnf,UNSAT,0.024,29,2098
benchmarks/satlib/uuf100-430/UUF100.430.1000/uuf100-0471.cnf,UNSAT,0.013,17,973
benchmarks/satlib/uuf100-430/UUF100.430.1000/uuf100-0472.cnf,UNSAT,0.008,13,0
benchmarks/satlib/uuf100-430/UUF100.430.1000/uuf100-0473.cnf,UNSAT,0.010,14,0
benchmarks/satlib/uuf100-430/UUF100.430.1000/uuf100-0474.cnf,UNSAT,0.018,22,976
benchmarks/satlib/uuf100-430/UUF100.430.1000/uuf100-0475.cnf,UNSAT,0.013,18,975
benchmarks/satlib/uuf100-430/UUF100.430.1000/uuf100-0476.cnf,UNSAT,0.010,14,0
benchmarks/satlib/uuf100-430/UUF100.430.1000/uuf100-0477.cnf,UNSAT,0.019,25,970
benchmarks/satlib/uuf100-430/UUF100.430.1000/uuf100-0478.cnf,UNSAT,0.006,13,0
benchmarks/satlib/uuf100-430/UUF100.430.1000/uuf100-0479.cnf,UNSAT,0.023,28,2096
benchmarks/satlib/uuf100-430/UUF100.430.1000/uuf100-048.cnf,UNSAT,0.036,31,3364
benchmarks/satlib/uuf100-430/UUF100.430.1000/uuf100-0480.cnf,UNSAT,0.006,12,0
benchmarks/satlib/uuf100-430/UUF100.430.1000/uuf100-0481.cnf,UNSAT,0.018,22,976
benchmarks/satlib/uuf100-430/UUF100.430.1000/uuf100-0482.cnf,UNSAT,0.017,21,972
benchmarks/satlib/uuf100-430/UUF100.430.1000/uuf100-0483.cnf,UNSAT,0.014,18,976
benchmarks/satlib/uuf100-430/UUF100.430.1000/uuf100-0484.cnf,UNSAT,0.030,30,2117
benchmarks/satlib/uuf100-430/UUF100.430.1000/uuf100-0485.cnf,UNSAT,0.007,13,0
benchmarks/satlib/uuf100-430/UUF100.430.1000/uuf100-0486.cnf,UNSAT,0.013,17,978
benchmarks/satlib/uuf100-430/UUF100.430.1000/uuf100-0487.cnf,UNSAT,0.015,20,977
benchmarks/satlib/uuf100-430/UUF100.430.1000/uuf100-0488.cnf,UNSAT,0.020,24,981
benchmarks/satlib/uuf100-430/UUF100.430.1000/uuf100-0489.cnf,UNSAT,0.010,14,0
benchmarks/satlib/uuf100-430/UUF100.430.1000/uuf100-049.cnf,UNSAT,0.005,11,0
benchmarks/satlib/uuf100-430/UUF100.430.1000/uuf100-0490.cnf,UNSAT,0.011,14,0
benchmarks/satlib/uuf100-430/UUF100.430.1000/uuf100-0491.cnf,UNSAT,0.039,34,3381
benchmarks/satlib/uuf100-430/UUF100.430.1000/uuf100-0492.cnf,UNSAT,0.017,22,973
benchmarks/satlib/uuf100-430/UUF100.430.1000/uuf100-0493.cnf,UNSAT,0.010,14,0
benchmarks/satlib/uuf100-430/UUF100.430.1000/uuf100-0494.cnf,UNSAT,0.026,29,2093
benchmarks/satlib/uuf100-430/UUF100.430.1000/uuf100-0495.cnf,UNSAT,0.025,29,2103
benchmarks/satlib/uuf100-430/UUF100.430.1000/uuf100-0496.cnf,UNSAT,0.027,30,2087
benchmarks/satlib/uuf100-430/UUF100.430.1000/uuf100-0497.cnf,UNSAT,0.006,12,0
benchmarks/satlib/uuf100-430/UUF100.430.1000/uuf100-0498.cnf,UNSAT,0.033,30,3353
benchmarks/satlib/uuf100-430/UUF100.430.1000/uuf100-0499.cnf,UNSAT,0.027,30,2110
benchmarks/satlib/uuf100-430/UUF100.430.1000/uuf100-05.cnf,UNSAT,0.016,21,978
benchmarks/satlib/uuf100-430/UUF100.430.1000/uuf100-050.cnf,UNSAT,0.015,21,975
benchmarks/satlib/uuf100-430/UUF100.430.1000/uuf100-0500.cnf,UNSAT,0.010,14,0
benchmarks/satlib/uuf100-430/UUF100.430.1000/uuf100-0501.cnf,UNSAT,0.002,5,0
benchmarks/satlib/uuf100-430/UUF100.430.1000/uuf100-0502.cnf,UNSAT,0.038,30,3353
benchmarks/satlib/uuf100-430/UUF100.430.1000/uuf100-0503.cnf,UNSAT,0.008,14,0
benchmarks/satlib/uuf100-430/UUF100.430.1000/uuf100-0504.cnf,UNSAT,0.004,9,0
benchmarks/satlib/uuf100-430/UUF100.430.1000/uuf100-0505.cnf,UNSAT,0.033,30,2117
benchmarks/satlib/uuf100-430/UUF100.430.1000/uuf100-0506.cnf,UNSAT,0.011,14,0
benchmarks/satlib/uuf100-430/UUF100.430.1000/uuf100-0507.cnf,UNSAT,0.017,21,978
benchmarks/satlib/uuf100-430/UUF100.430.1000/uuf100-0508.cnf,UNSAT,0.014,18,977
benchmarks/satlib/uuf100-430/UUF100.430.1000/uuf100-0509.cnf,UNSAT,0.012,16,976
benchmarks/satlib/uuf100-430/UUF100.430.1000/uuf100-051.cnf,UNSAT,0.003,7,0
benchmarks/satlib/uuf100-430/UUF100.430.1000/uuf100-0510.cnf,UNSAT,0.012,17,973
benchmarks/satlib/uuf100-430/UUF100.430.1000/uuf100-0511.cnf,UNSAT,0.009,14,0
benchmarks/satlib/uuf100-430/UUF100.430.1000/uuf100-0512.cnf,UNSAT,0.011,14,0
benchmarks/satlib/uuf100-430/UUF100.430.1000/uuf100-0513.cnf,UNSAT,0.008,13,0
benchmarks/satlib/uuf100-430/UUF100.430.1000/uuf100-0514.cnf,UNSAT,0.014,20,982
benchmarks/satlib/uuf100-430/UUF100.430.1000/uuf100-0515.cnf,UNSAT,0.014,17,975
benchmarks/satlib/uuf100-430/UUF100.430.1000/uuf100-0516.cnf,UNSAT,0.006,12,0
benchmarks/satlib/uuf100-430/UUF100.430.1000/uuf100-0517.cnf,UNSAT,0.014,18,973
benchmarks/satlib/uuf100-430/UUF100.430.1000/uuf100-0518.cnf,UNSAT,0.024,28,2099
benchmarks/satlib/uuf100-430/UUF100.430.1000/uuf100-0519.cnf,UNSAT,0.018,22,978
benchmarks/satlib/uuf100-430/UUF100.430.1000/uuf100-052.cnf,UNSAT,0.013,15,983
benchmarks/satlib/uuf100-430/UUF100.430.1000/uuf100-0520.cnf,UNSAT,0.003,6,0
benchmarks/satlib/uuf100-430/UUF100.430.1000/uuf100-0521.cnf,UNSAT,0.030,30,2094
benchmarks/satlib/uuf100-430/UUF100.430.1000/uuf100-0522.cnf,UNSAT,0.011,14,0
benchmarks/satlib/uuf100-430/UUF100.430.1000/uuf100-0523.cnf,UNSAT,0.023,28,2094
benchmarks/satlib/uuf100-430/UUF100.430.1000/uuf100-0524.cnf,UNSAT,0.030,30,2091
benchmarks/satlib/uuf100-430/UUF100.430.1000/uuf100-0525.cnf,UNSAT,0.004,9,0
benchmarks/satlib/uuf100-430/UUF100.430.1000/uuf100-0526.cnf,UNSAT,0.027,29,2084
benchmarks/satlib/uuf100-430/UUF100.430.1000/uuf100-0527.cnf,UNSAT,0.029,30,2103
benchmarks/satlib/uuf100-430/UUF100.430.1000/uuf100-0528.cnf,UNSAT,0.015,19,978
benchmarks/satlib/uuf100-430/UUF100.430.1000/uuf100-0529.cnf,UNSAT,0.004,8,0
benchmarks/satlib/uuf100-430/UUF100.430.1000/uuf100-053.cnf,UNSAT,0.023,28,2083
benchmarks/satlib/uuf100-430/UUF100.430.1000/uuf100-0530.cnf,UNSAT,0.014,18,974
benchmarks/satlib/uuf100-430/UUF100.430.1000/uuf100-0531.cnf,UNSAT,0.012,14,964
benchmarks/satlib/uuf100-430/UUF100.430.1000/uuf100-0532.cnf,UNSAT,0.019,24,976
benchmarks/satlib/uuf100-430/UUF100.430.1000/uuf100-0533.cnf,UNSAT,0.011,14,0
benchmarks/satlib/uuf100-430/UUF100.430.1000/uuf100-0534.cnf,UNSAT,0.013,17,968
benchmarks/satlib/uuf100-430/UUF100.430.1000/uuf100-0535.cnf,UNSAT,0.012,14,0
benchmarks/satlib/uuf100-430/UUF100.430.1000/uuf100-0536.cnf,UNSAT,0.029,30,2096
benchmarks/satlib/uuf100-430/UUF100.430.1000/uuf100-0537.cnf,UNSAT,0.012,14,970
benchmarks/satlib/uuf100-430/UUF100.430.1000/uuf100-0538.cnf,UNSAT,0.012,15,969
benchmarks/satlib/uuf100-430/UUF100.430.1000/uuf100-0539.cnf,UNSAT,0.012,16,954
benchmarks/satlib/uuf100-430/UUF100.430.1000/uuf100-054.cnf,UNSAT,0.035,30,3355
benchmarks/satlib/uuf100-430/UUF100.430.1000/uuf100-0540.cnf,UNSAT,0.043,37,3352
benchmarks/satlib/uuf100-430/UUF100.430.1000/uuf100-0541.cnf,UNSAT,0.016,21,978
benchmarks/satlib/uuf100-430/UUF100.430.1000/uuf100-0542.cnf,UNSAT,0.005,12,0
benchmarks/satlib/uuf100-430/UUF100.430.1000/uuf100-0543.cnf,UNSAT,0.010,14,0
benchmarks/satlib/uuf100-430/UUF100.430.1000/uuf100-0544.cnf,UNSAT,0.010,14,0
benchmarks/satlib/uuf100-430/UUF100.430.1000/uuf100-0545.cnf,UNSAT,0.014,17,973
benchmarks/satlib/uuf100-430/UUF100.430.1000/uuf100-0546.cnf,UNSAT,0.011,14,0
benchmarks/satlib/uuf100-430/UUF100.430.1000/uuf100-0547.cnf,UNSAT,0.032,30,2095
benchmarks/satlib/uuf100-430/UUF100.430.1000/uuf100-0548.cnf,UNSAT,0.009,14,0
benchmarks/satlib/uuf100-430/UUF100.430.1000/uuf100-0549.cnf,UNSAT,0.017,21,973
benchmarks/satlib/uuf100-430/UUF100.430.1000/uuf100-055.cnf,UNSAT,0.015,20,974
benchmarks/satlib/uuf100-430/UUF100.430.1000/uuf100-0550.cnf,UNSAT,0.006,13,0
benchmarks/satlib/uuf100-430/UUF100.430.1000/uuf100-0551.cnf,UNSAT,0.013,17,973
benchmarks/satlib/uuf100-430/UUF100.430.1000/uuf100-0552.cnf,UNSAT,0.009,14,0
benchmarks/satlib/uuf100-430/UUF100.430.1000/uuf100-0553.cnf,UNSAT,0.005,11,0
benchmarks/satlib/uuf100-430/UUF100.430.1000/uuf100-0554.cnf,UNSAT,0.012,14,966
benchmarks/satlib/uuf100-430/UUF100.430.1000/uuf100-0555.cnf,UNSAT,0.020,24,982
benchmarks/satlib/uuf100-430/UUF100.430.1000/uuf100-0556.cnf,UNSAT,0.020,24,977
benchmarks/satlib/uuf100-430/UUF100.430.1000/uuf100-0557.cnf,UNSAT,0.012,15,971
benchmarks/satlib/uuf100-430/UUF100.430.1000/uuf100-0558.cnf,UNSAT,0.022,26,986
benchmarks/satlib/uuf100-430/UUF100.430.1000/uuf100-0559.cnf,UNSAT,0.019,24,972
benchmarks/satlib/uuf100-430/UUF100.430.1000/uuf100-056.cnf,UNSAT,0.014,18,973
benchmarks/satlib/uuf100-430/UUF100.430.1000/uuf100-0560.cnf,UNSAT,0.016,21,977
benchmarks/satlib/uuf100-430/UUF100.430.1000/uuf100-0561.cnf,UNSAT,0.003,7,0
benchmarks/satlib/uuf100-430/UUF100.430.1000/uuf100-0562.cnf,UNSAT,0.021,27,974
benchmarks/satlib/uuf100-430/UUF100.430.1000/uuf100-0563.cnf,UNSAT,0.020,24,979
benchmarks/satlib/uuf100-430/UUF100.430.1000/uuf100-0564.cnf,UNSAT,0.014,17,971
benchmarks/satlib/uuf100-430/UUF100.430.1000/uuf100-0565.cnf,UNSAT,0.010,14,0
benchmarks/satlib/uuf100-430/UUF100.430.1000/uuf100-0566.cnf,UNSAT,0.012,15,974
benchmarks/satlib/uuf100-430/UUF100.430.1000/uuf100-0567.cnf,UNSAT,0.008,14,0
benchmarks/satlib/uuf100-430/UUF100.430.1000/uuf100-0568.cnf,UNSAT,0.010,14,0
benchmarks/satlib/uuf100-430/UUF100.430.1000/uuf100-0569.cnf,UNSAT,0.034,30,3336
benchmarks/satlib/uuf100-430/UUF100.430.1000/uuf100-057.cnf,UNSAT,0.013,17,972
benchmarks/satlib/uuf100-430/UUF100.430.1000/uuf100-0570.cnf,UNSAT,0.025,29,2095
benchmarks/satlib/uuf100-430/UUF100.430.1000/uuf100-0571.cnf,UNSAT,0.012,17,969
benchmarks/satlib/uuf100-430/UUF100.430.1000/uuf100-0572.cnf,UNSAT,0.005,11,0
benchmarks/satlib/uuf100-430/UUF100.430.1000/uuf100-0573.cnf,UNSAT,0.016,21,972
benchmarks/satlib/uuf100-430/UUF100.430.1000/uuf100-0574.cnf,UNSAT,0.023,28,2092
benchmarks/satlib/uuf100-430/UUF100.430.1000/uuf100-0575.cnf,UNSAT,0.011,14,0
benchmarks/satlib/uuf100-430/UUF100.430.1000/uuf100-0576.cnf,UNSAT,0.010,14,0
benchmarks/satlib/uuf100-430/UUF100.430.1000/uuf100-0577.cnf,UNSAT,0.013,17,970
benchmarks/satlib/uuf100-430/UUF100.430.1000/uuf100-0578.cnf,UNSAT,0.042,35,3366
benchmarks/satlib/uuf100-430/UUF100.430.1000/uuf100-0579.cnf,UNSAT,0.009,14,0
benchmarks/satlib/uuf100-430/UUF100.430.1000/uuf100-058.cnf,UNSAT,0.008,13,0
benchmarks/satlib/uuf100-430/UUF100.430.1000/uuf100-0580.cnf,UNSAT,0.015,20,975
benchmarks/satlib/uuf100-430/UUF100.430.1000/uuf100-0581.cnf,UNSAT,0.028,29,2101
benchmarks/satlib/uuf100-430/UUF100.430.1000/uuf100-0582.cnf,UNSAT,0.011,14,0
benchmarks/satlib/uuf100-430/UUF100.430.1000/uuf100-0583.cnf,UNSAT,0.006,11,0
benchmarks/satlib/uuf100-430/UUF100.430.1000/uuf100-0584.cnf,UNSAT,0.009,13,0
benchmarks/satlib/uuf100-430/UUF100.430.1000/uuf100-0585.cnf,UNSAT,0.013,15,967
benchmarks/satlib/uuf100-430/UUF100.430.1000/uuf100-0586.cnf,UNSAT,0.018,22,973
benchmarks/satlib/uuf100-430/UUF100.430.1000/uuf100-0587.cnf,UNSAT,0.006,12,0
benchmarks/satlib/uuf100-430/UUF100.430.1000/uuf100-0588.cnf,UNSAT,0.011,14,0
benchmarks/satlib/uuf100-430/UUF100.430.1000/uuf100-0589.cnf,UNSAT,0.006,12,0
benchmarks/satlib/uuf100-430/UUF100.430.1000/uuf100-059.cnf,UNSAT,0.030,30,2099
benchmarks/satlib/uuf100-430/UUF100.430.1000/uuf100-0590.cnf,UNSAT,0.021,26,981
benchmarks/satlib/uuf100-430/UUF100.430.1000/uuf100-0591.cnf,UNSAT,0.008,14,0
benchmarks/satlib/uuf100-430/UUF100.430.1000/uuf100-0592.cnf,UNSAT,0.020,26,973
benchmarks/satlib/uuf100-430/UUF100.430.1000/uuf100-0593.cnf,UNSAT,0.008,14,0
benchmarks/satlib/uuf100-430/UUF100.430.1000/uuf100-0594.cnf,UNSAT,0.031,30,2102
benchmarks/satlib/uuf100-430/UUF100.430.1000/uuf100-0595.cnf,UNSAT,0.026,29,2098
benchmarks/satlib/uuf100-430/UUF100.430.1000/uuf100-0596.cnf,UNSAT,0.028,30,2097
benchmarks/satlib/uuf100-430/UUF100.430.1000/uuf100-0597.cnf,UNSAT,0.030,30,2096
benchmarks/satlib/uuf100-430/UUF100.430.1000/uuf100-0598.cnf,UNSAT,0.030,30,2102
benchmarks/satlib/uuf100-430/UUF100.430.1000/uuf100-0599.cnf,UNSAT,0.025,29,2088
benchmarks/satlib/uuf100-430/UUF100.430.1000/uuf100-06.cnf,UNSAT,0.007,13,0
benchmarks/satlib/uuf100-430/UUF100.430.1000/uuf100-060.cnf,UNSAT,0.036,33,3361
benchmarks/satlib/uuf100-430/UUF100.430.1000/uuf100-0600.cnf,UNSAT,0.011,14,0
benchmarks/satlib/uuf100-430/UUF100.430.1000/uuf100-0601.cnf,UNSAT,0.029,30,2091
benchmarks/satlib/uuf100-430/UUF100.430.1000/uuf100-0602.cnf,UNSAT,0.005,12,0
benchmarks/satlib/uuf100-430/UUF100.430.1000/uuf100-0603.cnf,UNSAT,0.004,9,0
benchmarks/satlib/uuf100-430/UUF100.430.1000/uuf100-0604.cnf,UNSAT,0.026,29,2093
benchmarks/satlib/uuf100-430/UUF100.430.1000/uuf100-0605.cnf,UNSAT,0.029,30,2092
benchmarks/satlib/uuf100-430/UUF100.430.1000/uuf100-0606.cnf,UNSAT,0.011,14,0
benchmarks/satlib/uuf100-430/UUF100.430.1000/uuf100-0607.cnf,UNSAT,0.012,17,960
benchmarks/satlib/uuf100-430/UUF100.430.1000/uuf100-0608.cnf,UNSAT,0.013,15,968
benchmarks/satlib/uuf100-430/UUF100.430.1000/uuf100-0609.cnf,UNSAT,0.018,22,978
benchmarks/satlib/uuf100-430/UUF100.430.1000/uuf100-061.cnf,UNSAT,0.027,29,2101
benchmarks/satlib/uuf100-430/UUF100.430.1000/uuf100-0610.cnf,UNSAT,0.008,14,0
benchmarks/satlib/uuf100-430/UUF100.430.1000/uuf100-0611.cnf,UNSAT,0.022,28,2091
benchmarks/satlib/uuf100-430/UUF100.430.1000/uuf100-0612.cnf,UNSAT,0.021,26,980
benchmarks/satlib/uuf100-430/UUF100.430.1000/uuf100-0613.cnf,UNSAT,0.011,14,0
benchmarks/satlib/uuf100-430/UUF100.430.1000/uuf100-0614.cnf,UNSAT,0.006,13,0
benchmarks/satlib/uuf100-430/UUF100.430.1000/uuf100-0615.cnf,UNSAT,0.036,31,3367
benchmarks/satlib/uuf100-430/UUF100.430.1000/uuf100-0616.cnf,UNSAT,0.020,26,977
benchmarks/satlib/uuf100-430/UUF100.430.1000/uuf100-0617.cnf,UNSAT,0.029,30,2103
benchmarks/satlib/uuf100-430/UUF100.430.1000/uuf100-0618.cnf,UNSAT,0.010,14,0
benchmarks/satlib/uuf100-430/UUF100.430.1000/uuf100-0619.cnf,UNSAT,0.005,11,0
benchmarks/satlib/uuf100-430/UUF100.430.1000/uuf100-062.cnf,UNSAT,0.017,22,975
benchmarks/satlib/uuf100-430/UUF100.430.1000/uuf100-0620.cnf,UNSAT,0.009,14,0
benchmarks/satlib/uuf100-430/UUF100.430.1000/uuf100-0621.cnf,UNSAT,0.009,14,0
benchmarks/satlib/uuf100-430/UUF100.430.1000/uuf100-0622.cnf,UNSAT,0.020,24,976
benchmarks/satlib/uuf100-430/UUF100.430.1000/uuf100-0623.cnf,UNSAT,0.017,21,977
benchmarks/satlib/uuf100-430/UUF100.430.1000/uuf100-0624.cnf,UNSAT,0.050,44,4762
benchmarks/satlib/uuf100-430/UUF100.430.1000/uuf100-0625.cnf,UNSAT,0.026,30,2091
benchmarks/satlib/uuf100-430/UUF100.430.1000/uuf100-0626.cnf,UNSAT,0.026,29,2096
benchmarks/satlib/uuf100-430/UUF100.430.1000/uuf100-0627.cnf,UNSAT,0.024,28,2093
benchmarks/satlib/uuf100-430/UUF100.430.1000/uuf100-0628.cnf,UNSAT,0.027,29,2093
benchmarks/satlib/uuf100-430/UUF100.430.1000/uuf100-0629.cnf,UNSAT,0.019,24,977
benchmarks/satlib/uuf100-430/UUF100.430.1000/uuf100-063.cnf,UNSAT,0.006,12,0
benchmarks/satlib/uuf100-430/UUF100.430.1000/uuf100-0630.cnf,UNSAT,0.008,14,0
benchmarks/satlib/uuf100-430/UUF100.430.1000/uuf100-0631.cnf,UNSAT,0.012,14,963
benchmarks/satlib/uuf100-430/UUF100.430.1000/uuf100-0632.cnf,UNSAT,0.015,19,979
benchmarks/satlib/uuf100-430/UUF100.430.1000/uuf100-0633.cnf,UNSAT,0.025,29,2081
benchmarks/satlib/uuf100-430/UUF100.430.1000/uuf100-0634.cnf,UNSAT,0.001,3,0
benchmarks/satlib/uuf100-430/UUF100.430.1000/uuf100-0635.cnf,UNSAT,0.046,37,3366
benchmarks/satlib/uuf100-430/UUF100.430.1000/uuf100-0636.cnf,UNSAT,0.003,7,0
benchmarks/satlib/uuf100-430/UUF100.430.1000/uuf100-0637.cnf,UNSAT,0.010,14,0
benchmarks/satlib/uuf100-430/UUF100.430.1000/uuf100-0638.cnf,UNSAT,0.014,17,968
benchmarks/satlib/uuf100-430/UUF100.430.1000/uuf100-0639.cnf,UNSAT,0.047,40,3364
benchmarks/satlib/uuf100-430/UUF100.430.1000/uuf100-064.cnf,UNSAT,0.015,21,973
benchmarks/satlib/uuf100-430/UUF100.430.1000/uuf100-0640.cnf,UNSAT,0.016,21,982
benchmarks/satlib/uuf100-430/UUF100.430.1000/uuf100-0641.cnf,UNSAT,0.016,21,976
benchmarks/satlib/uuf100-430/UUF100.430.1000/uuf100-0642.cnf,UNSAT,0.014,20,974
benchmarks/satlib/uuf100-430/UUF100.430.1000/uuf100-0643.cnf,UNSAT,0.026,29,2090
benchmarks/satlib/uuf100-430/UUF100.430.1000/uuf100-0644.cnf,UNSAT,0.048,44,4770
benchmarks/satlib/uuf100-430/UUF100.430.1000/uuf100-0645.cnf,UNSAT,0.005,9,0
benchmarks/satlib/uuf100-430/UUF100.430.1000/uuf100-0646.cnf,UNSAT,0.014,19,971
benchmarks/satlib/uuf100-430/UUF100.430.1000/uuf100-0647.cnf,UNSAT,0.029,30,2102
benchmarks/satlib/uuf100-430/UUF100.430.1000/uuf100-0648.cnf,UNSAT,0.014,19,977
benchmarks/satlib/uuf100-430/UUF100.430.1000/uuf100-0649.cnf,UNSAT,0.017,21,978
benchmarks/satlib/uuf100-430/UUF100.430.1000/uuf100-065.cnf,UNSAT,0.013,17,971
benchmarks/satlib/uuf100-430/UUF100.430.1000/uuf100-0650.cnf,UNSAT,0.021,27,2070
benchmarks/satlib/uuf100-430/UUF100.430.1000/uuf100-0651.cnf,UNSAT,0.021,26,981
benchmarks/satlib/uuf100-430/UUF100.430.1000/uuf100-0652.cnf,UNSAT,0.013,16,967
benchmarks/satlib/uuf100-430/UUF100.430.1000/uuf100-0653.cnf,UNSAT,0.018,24,973
benchmarks/satlib/uuf100-430/UUF100.430.1000/uuf100-0654.cnf,UNSAT,0.024,28,2093
benchmarks/satlib/uuf100-430/UUF100.430.1000/uuf100-0655.cnf,UNSAT,0.004,9,0
benchmarks/satlib/uuf100-430/UUF100.430.1000/uuf100-0656.cnf,UNSAT,0.010,14,0
benchmarks/satlib/uuf100-430/UUF100.430.1000/uuf100-0657.cnf,UNSAT,0.019,24,975
benchmarks/satlib/uuf100-430/UUF100.430.1000/uuf100-0658.cnf,UNSAT,0.002,5,0
benchmarks/satlib/uuf100-430/UUF100.430.1000/uuf100-0659.cnf,UNSAT,0.052,45,4771
benchmarks/satlib/uuf100-430/UUF100.430.1000/uuf100-066.cnf,UNSAT,0.013,17,970
benchmarks/satlib/uuf100-430/UUF100.430.1000/uuf100-0660.cnf,UNSAT,0.013,17,975
benchmarks/satlib/uuf100-430/UUF100.430.1000/uuf100-0661.cnf,UNSAT,0.028,30,2100
benchmarks/satlib/uuf100-430/UUF100.430.1000/uuf100-0662.cnf,UNSAT,0.002,6,0
benchmarks/satlib/uuf100-430/UUF100.430.1000/uuf100-0663.cnf,UNSAT,0.011,14,0
benchmarks/satlib/uuf100-430/UUF100.430.1000/uuf100-0664.cnf,UNSAT,0.031,30,2100
benchmarks/satlib/uuf100-430/UUF100.430.1000/uuf100-0665.cnf,UNSAT,0.015,20,973
benchmarks/satlib/uuf100-430/UUF100.430.1000/uuf100-0666.cnf,UNSAT,0.008,13,0
benchmarks/satlib/uuf100-430/UUF100.430.1000/uuf100-0667.cnf,UNSAT,0.017,21,971
benchmarks/satlib/uuf100-430/UUF100.430.1000/uuf100-0668.cnf,UNSAT,0.007,13,0
benchmarks/satlib/uuf100-430/UUF100.430.1000/uuf100-0669.cnf,UNSAT,0.009,14,0
benchmarks/satlib/uuf100-430/UUF100.430.1000/uuf100-067.cnf,UNSAT,0.022,28,2087
benchmarks/satlib/uuf100-430/UUF100.430.1000/uuf100-0670.cnf,UNSAT,0.010,14,0
benchmarks/satlib/uuf100-430/UUF100.430.1000/uuf100-0671.cnf,UNSAT,0.007,13,0
benchmarks/satlib/uuf100-430/UUF100.430.1000/uuf100-0672.cnf,UNSAT,0.010,14,0
benchmarks/satlib/uuf100-430/UUF100.430.1000/uuf100-0673.cnf,UNSAT,0.009,14,0
benchmarks/satlib/uuf100-430/UUF100.430.1000/uuf100-0674.cnf,UNSAT,0.013,16,966
benchmarks/satlib/uuf100-430/UUF100.430.1000/uuf100-0675.cnf,UNSAT,0.003,7,0
benchmarks/satlib/uuf100-430/UUF100.430.1000/uuf100-0676.cnf,UNSAT,0.006,13,0
benchmarks/satlib/uuf100-430/UUF100.430.1000/uuf100-0677.cnf,UNSAT,0.006,12,0
benchmarks/satlib/uuf100-430/UUF100.430.1000/uuf100-0678.cnf,UNSAT,0.009,14,0
benchmarks/satlib/uuf100-430/UUF100.430.1000/uuf100-0679.cnf,UNSAT,0.012,15,970
benchmarks/satlib/uuf100-430/UUF100.430.1000/uuf100-068.cnf,UNSAT,0.006,12,0
benchmarks/satlib/uuf100-430/UUF100.430.1000/uuf100-0680.cnf,UNSAT,0.019,26,974
benchmarks/satlib/uuf100-430/UUF100.430.1000/uuf100-0681.cnf,UNSAT,0.013,16,971
benchmarks/satlib/uuf100-430/UUF100.430.1000/uuf100-0682.cnf,UNSAT,0.031,30,2110
benchmarks/satlib/uuf100-430/UUF100.430.1000/uuf100-0683.cnf,UNSAT,0.011,14,0
benchmarks/satlib/uuf100-430/UUF100.430.1000/uuf100-0684.cnf,UNSAT,0.006,12,0
benchmarks/satlib/uuf100-430/UUF100.430.1000/uuf100-0685.cnf,UNSAT,0.021,28,2101
benchmarks/satlib/uuf100-430/UUF100.430.1000/uuf100-0686.cnf,UNSAT,0.017,22,974
benchmarks/satlib/uuf100-430/UUF100.430.1000/uuf100-0687.cnf,UNSAT,0.030,30,2106
benchmarks/satlib/uuf100-430/UUF100.430.1000/uuf100-0688.cnf,UNSAT,0.015,20,970
benchmarks/satlib/uuf100-430/UUF100.430.1000/uuf100-0689.cnf,UNSAT,0.018,23,984
benchmarks/satlib/uuf100-430/UUF100.430.1000/uuf100-069.cnf,UNSAT,0.011,14,0
benchmarks/satlib/uuf100-430/UUF100.430.1000/uuf100-0690.cnf,UNSAT,0.004,8,0
benchmarks/satlib/uuf100-430/UUF100.430.1000/uuf100-0691.cnf,UNSAT,0.008,14,0
benchmarks/satlib/uuf100-430/UUF100.430.1000/uuf100-0692.cnf,UNSAT,0.008,14,0
benchmarks/satlib/uuf100-430/UUF100.430.1000/uuf100-0693.cnf,UNSAT,0.014,20,971
benchmarks/satlib/uuf100-430/UUF100.430.1000/uuf100-0694.cnf,UNSAT,0.014,19,970
benchmarks/satlib/uuf100-430/UUF100.430.1000/uuf100-0695.cnf,UNSAT,0.006,13,0
benchmarks/satlib/uuf100-430/UUF100.430.1000/uuf100-0696.cnf,UNSAT,0.004,9,0
benchmarks/satlib/uuf100-430/UUF100.430.1000/uuf100-0697.cnf,UNSAT,0.008,14,0
benchmarks/satlib/uuf100-430/UUF100.430.1000/uuf100-0698.cnf,UNSAT,0.019,25,972
benchmarks/satlib/uuf100-430/UUF100.430.1000/uuf100-0699.cnf,UNSAT,0.009,14,0
benchmarks/satlib/uuf100-430/UUF100.430.1000/uuf100-07.cnf,UNSAT,0.022,28,2090
benchmarks/satlib/uuf100-430/UUF100.430.1000/uuf100-070.cnf,UNSAT,0.039,35,3359
benchmarks/satlib/uuf100-430/UUF100.430.1000/uuf100-0700.cnf,UNSAT,0.006,12,0
benchmarks/satlib/uuf100-430/UUF100.430.1000/uuf100-0701.cnf,UNSAT,0.014,20,979
benchmarks/satlib/uuf100-430/UUF100.430.1000/uuf100-0702.cnf,UNSAT,0.013,16,970
benchmarks/satlib/uuf100-430/UUF100.430.1000/uuf100-0703.cnf,UNSAT,0.005,12,0
benchmarks/satlib/uuf100-430/UUF100.430.1000/uuf100-0704.cnf,UNSAT,0.016,21,976
benchmarks/satlib/uuf100-430/UUF100.430.1000/uuf100-0705.cnf,UNSAT,0.012,16,965
benchmarks/satlib/uuf100-430/UUF100.430.1000/uuf100-0706.cnf,UNSAT,0.025,29,2105
benchmarks/satlib/uuf100-430/UUF100.430.1000/uuf100-0707.cnf,UNSAT,0.016,21,975
benchmarks/satlib/uuf100-430/UUF100.430.1000/uuf100-0708.cnf,UNSAT,0.027,29,2082
benchmarks/satlib/uuf100-430/UUF100.430.1000/uuf100-0709.cnf,UNSAT,0.017,21,972
benchmarks/satlib/uuf100-430/UUF100.430.1000/uuf100-071.cnf,UNSAT,0.011,14,0
benchmarks/satlib/uuf100-430/UUF100.430.1000/uuf100-0710.cnf,UNSAT,0.014,18,974
benchmarks/satlib/uuf100-430/UUF100.430.1000/uuf100-0711.cnf,UNSAT,0.016,21,979
benchmarks/satlib/uuf100-430/UUF100.430.1000/uuf100-0712.cnf,UNSAT,0.018,21,979
benchmarks/satlib/uuf100-430/UUF100.430.1000/uuf100-0713.cnf,UNSAT,0.015,20,974
benchmarks/satlib/uuf100-430/UUF100.430.1000/uuf100-0714.cnf,UNSAT,0.014,19,970
benchmarks/satlib/uuf100-430/UUF100.430.1000/uuf100-0715.cnf,UNSAT,0.051,45,4760
benchmarks/satlib/uuf100-430/UUF100.430.1000/uuf100-0716.cnf,UNSAT,0.013,18,973
benchmarks/satlib/uuf100-430/UUF100.430.1000/uuf100-0717.cnf,UNSAT,0.005,11,0
benchmarks/satlib/uuf100-430/UUF100.430.1000/uuf100-0718.cnf,UNSAT,0.008,13,0
benchmarks/satlib/uuf100-430/UUF100.430.1000/uuf100-0719.cnf,UNSAT,0.004,9,0
benchmarks/satlib/uuf100-430/UUF100.430.1000/uuf100-072.cnf,UNSAT,0.025,29,2093
benchmarks/satlib/uuf100-430/UUF100.430.1000/uuf100-0720.cnf,UNSAT,0.026,29,2092
benchmarks/satlib/uuf100-430/UUF100.430.1000/uuf100-0721.cnf,UNSAT,0.005,12,0
benchmarks/satlib/uuf100-430/UUF100.430.1000/uuf100-0722.cnf,UNSAT,0.014,20,975
benchmarks/satlib/uuf100-430/UUF100.430.1000/uuf100-0723.cnf,UNSAT,0.015,21,976
benchmarks/satlib/uuf100-430/UUF100.430.1000/uuf100-0724.cnf,UNSAT,0.006,12,0
benchmarks/satlib/uuf100-430/UUF100.430.1000/uuf100-0725.cnf,UNSAT,0.022,28,2070
benchmarks/satlib/uuf100-430/UUF100.430.1000/uuf100-0726.cnf,UNSAT,0.013,18,977
benchmarks/satlib/uuf100-430/UUF100.430.1000/uuf100-0727.cnf,UNSAT,0.022,28,2085
benchmarks/satlib/uuf100-430/UUF100.430.1000/uuf100-0728.cnf,UNSAT,0.005,12,0
benchmarks/satlib/uuf100-430/UUF100.430.1000/uuf100-0729.cnf,UNSAT,0.008,13,0
benchmarks/satlib/uuf100-430/UUF100.430.1000/uuf100-073.cnf,UNSAT,0.012,15,950
benchmarks/satlib/uuf100-430/UUF100.430.1000/uuf100-0730.cnf,UNSAT,0.024,28,2095
benchmarks/satlib/uuf100-430/UUF100.430.1000/uuf100-0731.cnf,UNSAT,0.004,9,0
benchmarks/satlib/uuf100-430/UUF100.430.1000/uuf100-0732.cnf,UNSAT,0.018,23,978
benchmarks/satlib/uuf100-430/UUF100.430.1000/uuf100-0733.cnf,UNSAT,0.015,20,968
benchmarks/satlib/uuf100-430/UUF100.430.1000/uuf100-0734.cnf,UNSAT,0.014,19,978
benchmarks/satlib/uuf100-430/UUF100.430.1000/uuf100-0735.cnf,UNSAT,0.010,14,0
benchmarks/satlib/uuf100-430/UUF100.430.1000/uuf100-0736.cnf,UNSAT,0.015,20,979
benchmarks/satlib/uuf100-430/UUF100.430.1000/uuf100-0737.cnf,UNSAT,0.010,14,0
benchmarks/satlib/uuf100-430/UUF100.430.1000/uuf100-0738.cnf,UNSAT,0.006,12,0
benchmarks/satlib/uuf100-430/UUF100.430.1000/uuf100-0739.cnf,UNSAT,0.013,17,971
benchmarks/satlib/uuf100-430/UUF100.430.1000/uuf100-074.cnf,UNSAT,0.005,12,0
benchmarks/satlib/uuf100-430/UUF100.430.1000/uuf100-0740.cnf,UNSAT,0.011,14,0
benchmarks/satlib/uuf100-430/UUF100.430.1000/uuf100-0741.cnf,UNSAT,0.005,11,0
benchmarks/satlib/uuf100-430/UUF100.430.1000/uuf100-0742.cnf,UNSAT,0.015,20,981
benchmarks/satlib/uuf100-430/UUF100.430.1000/uuf100-0743.cnf,UNSAT,0.025,29,2087
benchmarks/satlib/uuf100-430/UUF100.430.1000/uuf100-0744.cnf,UNSAT,0.017,21,979
benchmarks/satlib/uuf100-430/UUF100.430.1000/uuf100-0745.cnf,UNSAT,0.011,14,0
benchmarks/satlib/uuf100-430/UUF100.430.1000/uuf100-0746.cnf,UNSAT,0.011,14,0
benchmarks/satlib/uuf100-430/UUF100.430.1000/uuf100-0747.cnf,UNSAT,0.021,27,978
benchmarks/satlib/uuf100-430/UUF100.430.1000/uuf100-0748.cnf,UNSAT,0.017,21,975
benchmarks/satlib/uuf100-430/UUF100.430.1000/uuf100-0749.cnf,UNSAT,0.013,17,972
benchmarks/satlib/uuf100-430/UUF100.430.1000/uuf100-075.cnf,UNSAT,0.012,15,961
benchmarks/satlib/uuf100-430/UUF100.430.1000/uuf100-0750.cnf,UNSAT,0.010,14,0
benchmarks/satlib/uuf100-430/UUF100.430.1000/uuf100-0751.cnf,UNSAT,0.015,21,972
benchmarks/satlib/uuf100-430/UUF100.430.1000/uuf100-0752.cnf,UNSAT,0.032,30,2108
benchmarks/satlib/uuf100-430/UUF100.430.1000/uuf100-0753.cnf,UNSAT,0.037,30,3367
benchmarks/satlib/uuf100-430/UUF100.430.1000/uuf100-0754.cnf,UNSAT,0.012,16,974
benchmarks/satlib/uuf100-430/UUF100.430.1000/uuf100-0755.cnf,UNSAT,0.034,30,3348
benchmarks/satlib/uuf100-430/UUF100.430.1000/uuf100-0756.cnf,UNSAT,0.029,30,2091
benchmarks/satlib/uuf100-430/UUF100.430.1000/uuf100-0757.cnf,UNSAT,0.033,30,2111
benchmarks/satlib/uuf100-430/UUF100.430.1000/uuf100-0758.cnf,UNSAT,0.032,30,2097
benchmarks/satlib/uuf100-430/UUF100.430.1000/uuf100-0759.cnf,UNSAT,0.011,14,0
benchmarks/satlib/uuf100-430/UUF100.430.1000/uuf100-076.cnf,UNSAT,0.025,29,2103
benchmarks/satlib/uuf100-430/UUF100.430.1000/uuf100-0760.cnf,UNSAT,0.008,14,0
benchmarks/satlib/uuf100-430/UUF100.430.1000/uuf100-0761.cnf,UNSAT,0.010,14,0
benchmarks/satlib/uuf100-430/UUF100.430.1000/uuf100-0762.cnf,UNSAT,0.021,27,978
benchmarks/satlib/uuf100-430/UUF100.430.1000/uuf100-0763.cnf,UNSAT,0.034,30,3364
benchmarks/satlib/uuf100-430/UUF100.430.1000/uuf100-0764.cnf,UNSAT,0.004,9,0
benchmarks/satlib/uuf100-430/UUF100.430.1000/uuf100-0765.cnf,UNSAT,0.012,16,971
benchmarks/satlib/uuf100-430/UUF100.430.1000/uuf100-0766.cnf,UNSAT,0.036,30,3358
benchmarks/satlib/uuf100-430/UUF100.430.1000/uuf100-0767.cnf,UNSAT,0.009,14,0
benchmarks/satlib/uuf100-430/UUF100.430.1000/uuf100-0768.cnf,UNSAT,0.009,14,0
benchmarks/satlib/uuf100-430/UUF100.430.1000/uuf100-0769.cnf,UNSAT,0.008,14,0
benchmarks/satlib/uuf100-430/UUF100.430.1000/uuf100-077.cnf,UNSAT,0.015,20,968
benchmarks/satlib/uuf100-430/UUF100.430.1000/uuf100-0770.cnf,UNSAT,0.014,18,976
benchmarks/satlib/uuf100-430/UUF100.430.1000/uuf100-0771.cnf,UNSAT,0.025,28,2102
benchmarks/satlib/uuf100-430/UUF100.430.1000/uuf100-0772.cnf,UNSAT,0.009,14,0
benchmarks/satlib/uuf100-430/UUF100.430.1000/uuf100-0773.cnf,UNSAT,0.019,24,982
benchmarks/satlib/uuf100-430/UUF100.430.1000/uuf100-0774.cnf,UNSAT,0.017,22,975
benchmarks/satlib/uuf100-430/UUF100.430.1000/uuf100-0775.cnf,UNSAT,0.003,6,0
benchmarks/satlib/uuf100-430/UUF100.430.1000/uuf100-0776.cnf,UNSAT,0.012,15,966
benchmarks/satlib/uuf100-430/UUF100.430.1000/uuf100-0777.cnf,UNSAT,0.002,6,0
benchmarks/satlib/uuf100-430/UUF100.430.1000/uuf100-0778.cnf,UNSAT,0.007,13,0
benchmarks/satlib/uuf100-430/UUF100.430.1000/uuf100-0779.cnf,UNSAT,0.010,14,0
benchmarks/satlib/uuf100-430/UUF100.430.1000/uuf100-078.cnf,UNSAT,0.022,27,2086
benchmarks/satlib/uuf100-430/UUF100.430.1000/uuf100-0780.cnf,UNSAT,0.017,21,972
benchmarks/satlib/uuf100-430/UUF100.430.1000/uuf100-0781.cnf,UNSAT,0.015,20,964
benchmarks/satlib/uuf100-430/UUF100.430.1000/uuf100-0782.cnf,UNSAT,0.012,14,0
benchmarks/satlib/uuf100-430/UUF100.430.1000/uuf100-0783.cnf,UNSAT,0.015,20,972
benchmarks/satlib/uuf100-430/UUF100.430.1000/uuf100-0784.cnf,UNSAT,0.012,16,976
benchmarks/satlib/uuf100-430/UUF100.430.1000/uuf100-0785.cnf,UNSAT,0.018,24,980
benchmarks/satlib/uuf100-430/UUF100.430.1000/uuf100-0786.cnf,UNSAT,0.012,14,961
benchmarks/satlib/uuf100-430/UUF100.430.1000/uuf100-0787.cnf,UNSAT,0.010,14,0
benchmarks/satlib/uuf100-430/UUF100.430.1000/uuf100-0788.cnf,UNSAT,0.024,28,2083
benchmarks/satlib/uuf100-430/UUF100.430.1000/uuf100-0789.cnf,UNSAT,0.007,13,0
benchmarks/satlib/uuf100-430/UUF100.430.1000/uuf100-079.cnf,UNSAT,0.005,10,0
benchmarks/satlib/uuf100-430/UUF100.430.1000/uuf100-0790.cnf,UNSAT,0.031,30,2106
benchmarks/satlib/uuf100-430/UUF100.430.1000/uuf100-0791.cnf,UNSAT,0.013,17,974
benchmarks/satlib/uuf100-430/UUF100.430.1000/uuf100-0792.cnf,UNSAT,0.007,13,0
benchmarks/satlib/uuf100-430/UUF100.430.1000/uuf100-0793.cnf,UNSAT,0.007,13,0
benchmarks/satlib/uuf100-430/UUF100.430.1000/uuf100-0794.cnf,UNSAT,0.006,13,0
benchmarks/satlib/uuf100-430/UUF100.430.1000/uuf100-0795.cnf,UNSAT,0.027,30,2095
benchmarks/satlib/uuf100-430/UUF100.430.1000/uuf100-0796.cnf,UNSAT,0.026,29,2097
benchmarks/satlib/uuf100-430/UUF100.430.1000/uuf100-0797.cnf,UNSAT,0.050,45,4753
benchmarks/satlib/uuf100-430/UUF100.430.1000/uuf100-0798.cnf,UNSAT,0.027,29,2094
benchmarks/satlib/uuf100-430/UUF100.430.1000/uuf100-0799.cnf,UNSAT,0.033,30,3355
benchmarks/satlib/uuf100-430/UUF100.430.1000/uuf100-08.cnf,UNSAT,0.015,20,974
benchmarks/satlib/uuf100-430/UUF100.430.1000/uuf100-080.cnf,UNSAT,0.026,29,2111
benchmarks/satlib/uuf100-430/UUF100.430.1000/uuf100-0800.cnf,UNSAT,0.037,33,3366
benchmarks/satlib/uuf100-430/UUF100.430.1000/uuf100-0801.cnf,UNSAT,0.027,29,2098
benchmarks/satlib/uuf100-430/UUF100.430.1000/uuf100-0802.cnf,UNSAT,0.012,15,966
benchmarks/satlib/uuf100-430/UUF100.430.1000/uuf100-0803.cnf,UNSAT,0.002,5,0
benchmarks/satlib/uuf100-430/UUF100.430.1000/uuf100-0804.cnf,UNSAT,0.006,12,0
benchmarks/satlib/uuf100-430/UUF100.430.1000/uuf100-0805.cnf,UNSAT,0.014,18,970
benchmarks/satlib/uuf100-430/UUF100.430.1000/uuf100-0806.cnf,UNSAT,0.004,9,0
benchmarks/satlib/uuf100-430/UUF100.430.1000/uuf100-0807.cnf,UNSAT,0.021,25,975
benchmarks/satlib/uuf100-430/UUF100.430.1000/uuf100-0808.cnf,UNSAT,0.016,21,978
benchmarks/satlib/uuf100-430/UUF100.430.1000/uuf100-0809.cnf,UNSAT,0.012,14,967
benchmarks/satlib/uuf100-430/UUF100.430.1000/uuf100-081.cnf,UNSAT,0.011,14,958
benchmarks/satlib/uuf100-430/UUF100.430.1000/uuf100-0810.cnf,UNSAT,0.006,13,0
benchmarks/satlib/uuf100-430/UUF100.430.1000/uuf100-0811.cnf,UNSAT,0.014,17,974
benchmarks/satlib/uuf100-430/UUF100.430.1000/uuf100-0812.cnf,UNSAT,0.014,19,976
benchmarks/satlib/uuf100-430/UUF100.430.1000/uuf100-0813.cnf,UNSAT,0.012,16,964
benchmarks/satlib/uuf100-430/UUF100.430.1000/uuf100-0814.cnf,UNSAT,0.006,13,0
benchmarks/satlib/uuf100-430/UUF100.430.1000/uuf100-0815.cnf,UNSAT,0.025,29,2093
benchmarks/satlib/uuf100-430/UUF100.430.1000/uuf100-0816.cnf,UNSAT,0.022,28,2083
benchmarks/satlib/uuf100-430/UUF100.430.1000/uuf100-0817.cnf,UNSAT,0.018,21,977
benchmarks/satlib/uuf100-430/UUF100.430.1000/uuf100-0818.cnf,UNSAT,0.005,12,0
benchmarks/satlib/uuf100-430/UUF100.430.1000/uuf100-0819.cnf,UNSAT,0.012,15,960
benchmarks/satlib/uuf100-430/UUF100.430.1000/uuf100-082.cnf,UNSAT,0.011,14,0
benchmarks/satlib/uuf100-430/UUF100.430.1000/uuf100-0820.cnf,UNSAT,0.013,17,970
benchmarks/satlib/uuf100-430/UUF100.430.1000/uuf100-0821.cnf,UNSAT,0.005,10,0
benchmarks/satlib/uuf100-430/UUF100.430.1000/uuf100-0822.cnf,UNSAT,0.020,26,977
benchmarks/satlib/uuf100-430/UUF100.430.1000/uuf100-0823.cnf,UNSAT,0.008,13,0
benchmarks/satlib/uuf100-430/UUF100.430.1000/uuf100-0824.cnf,UNSAT,0.014,17,979
benchmarks/satlib/uuf100-430/UUF100.430.1000/uuf100-0825.cnf,UNSAT,0.029,30,2089
benchmarks/satlib/uuf100-430/UUF100.430.1000/uuf100-0826.cnf,UNSAT,0.008,13,0
benchmarks/satlib/uuf100-430/UUF100.430.1000/uuf100-0827.cnf,UNSAT,0.010,14,0
benchmarks/satlib/uuf100-430/UUF100.430.1000/uuf100-0828.cnf,UNSAT,0.003,6,0
benchmarks/satlib/uuf100-430/UUF100.430.1000/uuf100-0829.cnf,UNSAT,0.009,14,0
benchmarks/satlib/uuf100-430/UUF100.430.1000/uuf100-083.cnf,UNSAT,0.012,15,961
benchmarks/satlib/uuf100-430/UUF100.430.1000/uuf100-0830.cnf,UNSAT,0.013,17,976
benchmarks/satlib/uuf100-430/UUF100.430.1000/uuf100-0831.cnf,UNSAT,0.011,14,0
benchmarks/satlib/uuf100-430/UUF100.430.1000/uuf100-0832.cnf,UNSAT,0.011,14,0
benchmarks/satlib/uuf100-430/UUF100.430.1000/uuf100-0833.cnf,UNSAT,0.019,24,972
benchmarks/satlib/uuf100-430/UUF100.430.1000/uuf100-0834.cnf,UNSAT,0.023,28,2093
benchmarks/satlib/uuf100-430/UUF100.430.1000/uuf100-0835.cnf,UNSAT,0.023,28,2085
benchmarks/satlib/uuf100-430/UUF100.430.1000/uuf100-0836.cnf,UNSAT,0.018,24,978
benchmarks/satlib/uuf100-430/UUF100.430.1000/uuf100-0837.cnf,UNSAT,0.016,21,975
benchmarks/satlib/uuf100-430/UUF100.430.1000/uuf100-0838.cnf,UNSAT,0.018,21,974
benchmarks/satlib/uuf100-430/UUF100.430.1000/uuf100-0839.cnf,UNSAT,0.020,26,977
benchmarks/satlib/uuf100-430/UUF100.430.1000/uuf100-084.cnf,UNSAT,0.025,29,2095
benchmarks/satlib/uuf100-430/UUF100.430.1000/uuf100-0840.cnf,UNSAT,0.009,14,0
benchmarks/satlib/uuf100-430/UUF100.430.1000/uuf100-0841.cnf,UNSAT,0.030,30,2094
benchmarks/satlib/uuf100-430/UUF100.430.1000/uuf100-0842.cnf,UNSAT,0.022,27,2089
benchmarks/satlib/uuf100-430/UUF100.430.1000/uuf100-0843.cnf,UNSAT,0.016,21,967
benchmarks/satlib/uuf100-430/UUF100.430.1000/uuf100-0844.cnf,UNSAT,0.010,14,0
benchmarks/satlib/uuf100-430/UUF100.430.1000/uuf100-0845.cnf,UNSAT,0.010,14,0
benchmarks/satlib/uuf100-430/UUF100.430.1000/uuf100-0846.cnf,UNSAT,0.034,30,3361
benchmarks/satlib/uuf100-430/UUF100.430.1000/uuf100-0847.cnf,UNSAT,0.022,29,2088
benchmarks/satlib/uuf100-430/UUF100.430.1000/uuf100-0848.cnf,UNSAT,0.014,19,973
benchmarks/satlib/uuf100-430/UUF100.430.1000/uuf100-0849.cnf,UNSAT,0.015,20,972
benchmarks/satlib/uuf100-430/UUF100.430.1000/uuf100-085.cnf,UNSAT,0.021,26,978
benchmarks/satlib/uuf100-430/UUF100.430.1000/uuf100-0850.cnf,UNSAT,0.021,26,979
benchmarks/satlib/uuf100-430/UUF100.430.1000/uuf100-0851.cnf,UNSAT,0.007,13,0
benchmarks/satlib/uuf100-430/UUF100.430.1000/uuf100-0852.cnf,UNSAT,0.022,28,2083
benchmarks/satlib/uuf100-430/UUF100.430.1000/uuf100-0853.cnf,UNSAT,0.010,14,0
benchmarks/satlib/uuf100-430/UUF100.430.1000/uuf100-0854.cnf,UNSAT,0.010,14,0
benchmarks/satlib/uuf100-430/UUF100.430.1000/uuf100-0855.cnf,UNSAT,0.007,13,0
benchmarks/satlib/uuf100-430/UUF100.430.1000/uuf100-0856.cnf,UNSAT,0.015,19,968
benchmarks/satlib/uuf100-430/UUF100.430.1000/uuf100-0857.cnf,UNSAT,0.015,20,978
benchmarks/satlib/uuf100-430/UUF100.430.1000/uuf100-0858.cnf,UNSAT,0.003,6,0
benchmarks/satlib/uuf100-430/UUF100.430.1000/uuf100-0859.cnf,UNSAT,0.017,21,974
benchmarks/satlib/uuf100-430/UUF100.430.1000/uuf100-086.cnf,UNSAT,0.016,21,976
benchmarks/satlib/uuf100-430/UUF100.430.1000/uuf100-0860.cnf,UNSAT,0.008,14,0
benchmarks/satlib/uuf100-430/UUF100.430.1000/uuf100-0861.cnf,UNSAT,0.031,30,2099
benchmarks/satlib/uuf100-430/UUF100.430.1000/uuf100-0862.cnf,UNSAT,0.012,15,966
benchmarks/satlib/uuf100-430/UUF100.430.1000/uuf100-0863.cnf,UNSAT,0.025,29,2106
benchmarks/satlib/uuf100-430/UUF100.430.1000/uuf100-0864.cnf,UNSAT,0.016,21,970
benchmarks/satlib/uuf100-430/UUF100.430.1000/uuf100-0865.cnf,UNSAT,0.009,14,0
benchmarks/satlib/uuf100-430/UUF100.430.1000/uuf100-0866.cnf,UNSAT,0.016,20,980
benchmarks/satlib/uuf100-430/UUF100.430.1000/uuf100-0867.cnf,UNSAT,0.026,29,2100
benchmarks/satlib/uuf100-430/UUF100.430.1000/uuf100-0868.cnf,UNSAT,0.035,30,3341
benchmarks/satlib/uuf100-430/UUF100.430.1000/uuf100-0869.cnf,UNSAT,0.009,14,0
benchmarks/satlib/uuf100-430/UUF100.430.1000/uuf100-087.cnf,UNSAT,0.022,27,982
benchmarks/satlib/uuf100-430/UUF100.430.1000/uuf100-0870.cnf,UNSAT,0.017,22,985
benchmarks/satlib/uuf100-430/UUF100.430.1000/uuf100-0871.cnf,UNSAT,0.015,20,972
benchmarks/satlib/uuf100-430/UUF100.430.1000/uuf100-0872.cnf,UNSAT,0.015,19,972
benchmarks/satlib/uuf100-430/UUF100.430.1000/uuf100-0873.cnf,UNSAT,0.011,14,0
benchmarks/satlib/uuf100-430/UUF100.430.1000/uuf100-0874.cnf,UNSAT,0.008,14,0
benchmarks/satlib/uuf100-430/UUF100.430.1000/uuf100-0875.cnf,UNSAT,0.024,29,2108
benchmarks/satlib/uuf100-430/UUF100.430.1000/uuf100-0876.cnf,UNSAT,0.017,22,981
benchmarks/satlib/uuf100-430/UUF100.430.1000/uuf100-0877.cnf,UNSAT,0.006,12,0
benchmarks/satlib/uuf100-430/UUF100.430.1000/uuf100-0878.cnf,UNSAT,0.018,22,979
benchmarks/satlib/uuf100-430/UUF100.430.1000/uuf100-0879.cnf,UNSAT,0.026,29,2114
benchmarks/satlib/uuf100-430/UUF100.430.1000/uuf100-088.cnf,UNSAT,0.016,20,977
benchmarks/satlib/uuf100-430/UUF100.430.1000/uuf100-0880.cnf,UNSAT,0.024,29,2104
benchmarks/satlib/uuf100-430/UUF100.430.1000/uuf100-0881.cnf,UNSAT,0.017,22,972
benchmarks/satlib/uuf100-430/UUF100.430.1000/uuf100-0882.cnf,UNSAT,0.008,14,0
benchmarks/satlib/uuf100-430/UUF100.430.1000/uuf100-0883.cnf,UNSAT,0.014,18,986
benchmarks/satlib/uuf100-430/UUF100.430.1000/uuf100-0884.cnf,UNSAT,0.023,29,2092
benchmarks/satlib/uuf100-430/UUF100.430.1000/uuf100-0885.cnf,UNSAT,0.023,28,2080
benchmarks/satlib/uuf100-430/UUF100.430.1000/uuf100-0886.cnf,UNSAT,0.014,19,980
benchmarks/satlib/uuf100-430/UUF100.430.1000/uuf100-0887.cnf,UNSAT,0.010,14,0
benchmarks/satlib/uuf100-430/UUF100.430.1000/uuf100-0888.cnf,UNSAT,0.014,17,973
benchmarks/satlib/uuf100-430/UUF100.430.1000/uuf100-0889.cnf,UNSAT,0.009,14,0
benchmarks/satlib/uuf100-430/UUF100.430.1000/uuf100-089.cnf,UNSAT,0.014,18,971
benchmarks/satlib/uuf100-430/UUF100.430.1000/uuf100-0890.cnf,UNSAT,0.006,12,0
benchmarks/satlib/uuf100-430/UUF100.430.1000/uuf100-0891.cnf,UNSAT,0.006,13,0
benchmarks/satlib/uuf100-430/UUF100.430.1000/uuf100-0892.cnf,UNSAT,0.009,14,0
benchmarks/satlib/uuf100-430/UUF100.430.1000/uuf100-0893.cnf,UNSAT,0.011,14,0
benchmarks/satlib/uuf100-430/UUF100.430.1000/uuf100-0894.cnf,UNSAT,0.012,14,965
benchmarks/satlib/uuf100-430/UUF100.430.1000/uuf100-0895.cnf,UNSAT,0.013,16,979
benchmarks/satlib/uuf100-430/UUF100.430.1000/uuf100-0896.cnf,UNSAT,0.020,25,975
benchmarks/satlib/uuf100-430/UUF100.430.1000/uuf100-0897.cnf,UNSAT,0.008,14,0
benchmarks/satlib/uuf100-430/UUF100.430.1000/uuf100-0898.cnf,UNSAT,0.023,28,2080
benchmarks/satlib/uuf100-430/UUF100.430.1000/uuf100-0899.cnf,UNSAT,0.018,23,973
benchmarks/satlib/uuf100-430/UUF100.430.1000/uuf100-09.cnf,UNSAT,0.017,21,977
benchmarks/satlib/uuf100-430/UUF100.430.1000/uuf100-090.cnf,UNSAT,0.011,14,0
benchmarks/satlib/uuf100-430/UUF100.430.1000/uuf100-0900.cnf,UNSAT,0.034,30,2117
benchmarks/satlib/uuf100-430/UUF100.430.1000/uuf100-0901.cnf,UNSAT,0.012,14,0
benchmarks/satlib/uuf100-430/UUF100.430.1000/uuf100-0902.cnf,UNSAT,0.023,28,2087
benchmarks/satlib/uuf100-430/UUF100.430.1000/uuf100-0903.cnf,UNSAT,0.010,14,0
benchmarks/satlib/uuf100-430/UUF100.430.1000/uuf100-0904.cnf,UNSAT,0.014,18,975
benchmarks/satlib/uuf100-430/UUF100.430.1000/uuf100-0905.cnf,UNSAT,0.003,8,0
benchmarks/satlib/uuf100-430/UUF100.430.1000/uuf100-0906.cnf,UNSAT,0.042,37,3359
benchmarks/satlib/uuf100-430/UUF100.430.1000/uuf100-0907.cnf,UNSAT,0.016,21,971
benchmarks/satlib/uuf100-430/UUF100.430.1000/uuf100-0908.cnf,UNSAT,0.006,13,0
benchmarks/satlib/uuf100-430/UUF100.430.1000/uuf100-0909.cnf,UNSAT,0.012,16,958
benchmarks/satlib/uuf100-430/UUF100.430.1000/uuf100-091.cnf,UNSAT,0.011,14,0
benchmarks/satlib/uuf100-430/UUF100.430.1000/uuf100-0910.cnf,UNSAT,0.018,24,976
benchmarks/satlib/uuf100-430/UUF100.430.1000/uuf100-0911.cnf,UNSAT,0.011,14,0
benchmarks/satlib/uuf100-430/UUF100.430.1000/uuf100-0912.cnf,UNSAT,0.013,17,971
benchmarks/satlib/uuf100-430/UUF100.430.1000/uuf100-0913.cnf,UNSAT,0.008,13,0
benchmarks/satlib/uuf100-430/UUF100.430.1000/uuf100-0914.cnf,UNSAT,0.008,14,0
benchmarks/satlib/uuf100-430/UUF100.430.1000/uuf100-0915.cnf,UNSAT,0.004,9,0
benchmarks/satlib/uuf100-430/UUF100.430.1000/uuf100-0916.cnf,UNSAT,0.019,25,973
benchmarks/satlib/uuf100-430/UUF100.430.1000/uuf100-0917.cnf,UNSAT,0.013,17,973
benchmarks/satlib/uuf100-430/UUF100.430.1000/uuf100-0918.cnf,UNSAT,0.006,12,0
benchmarks/satlib/uuf100-430/UUF100.430.1000/uuf100-0919.cnf,UNSAT,0.017,22,975
benchmarks/satlib/uuf100-430/UUF100.430.1000/uuf100-092.cnf,UNSAT,0.017,21,975
benchmarks/satlib/uuf100-430/UUF100.430.1000/uuf100-0920.cnf,UNSAT,0.029,30,2093
benchmarks/satlib/uuf100-430/UUF100.430.1000/uuf100-0921.cnf,UNSAT,0.019,24,981
benchmarks/satlib/uuf100-430/UUF100.430.1000/uuf100-0922.cnf,UNSAT,0.007,13,0
benchmarks/satlib/uuf100-430/UUF100.430.1000/uuf100-0923.cnf,UNSAT,0.025,29,2082
benchmarks/satlib/uuf100-430/UUF100.430.1000/uuf100-0924.cnf,UNSAT,0.017,21,976
benchmarks/satlib/uuf100-430/UUF100.430.1000/uuf100-0925.cnf,UNSAT,0.014,17,978
benchmarks/satlib/uuf100-430/UUF100.430.1000/uuf100-0926.cnf,UNSAT,0.023,28,2084
benchmarks/satlib/uuf100-430/UUF100.430.1000/uuf100-0927.cnf,UNSAT,0.024,29,2112
benchmarks/satlib/uuf100-430/UUF100.430.1000/uuf100-0928.cnf,UNSAT,0.016,22,980
benchmarks/satlib/uuf100-430/UUF100.430.1000/uuf100-0929.cnf,UNSAT,0.004,9,0
benchmarks/satlib/uuf100-430/UUF100.430.1000/uuf100-093.cnf,UNSAT,0.015,19,980
benchmarks/satlib/uuf100-430/UUF100.430.1000/uuf100-0930.cnf,UNSAT,0.031,30,2104
benchmarks/satlib/uuf100-430/UUF100.430.1000/uuf100-0931.cnf,UNSAT,0.008,13,0
benchmarks/satlib/uuf100-430/UUF100.430.1000/uuf100-0932.cnf,UNSAT,0.009,14,0
benchmarks/satlib/uuf100-430/UUF100.430.1000/uuf100-0933.cnf,UNSAT,0.036,30,3352
benchmarks/satlib/uuf100-430/UUF100.430.1000/uuf100-0934.cnf,UNSAT,0.010,14,0
benchmarks/satlib/uuf100-430/UUF100.430.1000/uuf100-0935.cnf,UNSAT,0.004,8,0
benchmarks/satlib/uuf100-430/UUF100.430.1000/uuf100-0936.cnf,UNSAT,0.032,30,2092
benchmarks/satlib/uuf100-430/UUF100.430.1000/uuf100-0937.cnf,UNSAT,0.022,27,973
benchmarks/satlib/uuf100-430/UUF100.430.1000/uuf100-0938.cnf,UNSAT,0.022,28,2086
benchmarks/satlib/uuf100-430/UUF100.430.1000/uuf100-0939.cnf,UNSAT,0.006,13,0
benchmarks/satlib/uuf100-430/UUF100.430.1000/uuf100-094.cnf,UNSAT,0.009,14,0
benchmarks/satlib/uuf100-430/UUF100.430.1000/uuf100-0940.cnf,UNSAT,0.009,14,0
benchmarks/satlib/uuf100-430/UUF100.430.1000/uuf100-0941.cnf,UNSAT,0.035,30,3358
benchmarks/satlib/uuf100-430/UUF100.430.1000/uuf100-0942.cnf,UNSAT,0.012,15,972
benchmarks/satlib/uuf100-430/UUF100.430.1000/uuf100-0943.cnf,UNSAT,0.014,19,961
benchmarks/satlib/uuf100-430/UUF100.430.1000/uuf100-0944.cnf,UNSAT,0.009,14,0
benchmarks/satlib/uuf100-430/UUF100.430.1000/uuf100-0945.cnf,UNSAT,0.012,14,0
benchmarks/satlib/uuf100-430/UUF100.430.1000/uuf100-0946.cnf,UNSAT,0.014,17,976
benchmarks/satlib/uuf100-430/UUF100.430.1000/uuf100-0947.cnf,UNSAT,0.004,9,0
benchmarks/satlib/uuf100-430/UUF100.430.1000/uuf100-0948.cnf,UNSAT,0.003,8,0
benchmarks/satlib/uuf100-430/UUF100.430.1000/uuf100-0949.cnf,UNSAT,0.012,15,964
benchmarks/satlib/uuf100-430/UUF100.430.1000/uuf100-095.cnf,UNSAT,0.009,14,0
benchmarks/satlib/uuf100-430/UUF100.430.1000/uuf100-0950.cnf,UNSAT,0.086,62,8031
benchmarks/satlib/uuf100-430/UUF100.430.1000/uuf100-0951.cnf,UNSAT,0.020,25,974
benchmarks/satlib/uuf100-430/UUF100.430.1000/uuf100-0952.cnf,UNSAT,0.011,14,0
benchmarks/satlib/uuf100-430/UUF100.430.1000/uuf100-0953.cnf,UNSAT,0.016,21,968
benchmarks/satlib/uuf100-430/UUF100.430.1000/uuf100-0954.cnf,UNSAT,0.012,14,955
benchmarks/satlib/uuf100-430/UUF100.430.1000/uuf100-0955.cnf,UNSAT,0.034,30,3321
benchmarks/satlib/uuf100-430/UUF100.430.1000/uuf100-0956.cnf,UNSAT,0.008,14,0
benchmarks/satlib/uuf100-430/UUF100.430.1000/uuf100-0957.cnf,UNSAT,0.008,14,0
benchmarks/satlib/uuf100-430/UUF100.430.1000/uuf100-0958.cnf,UNSAT,0.009,14,0
benchmarks/satlib/uuf100-430/UUF100.430.1000/uuf100-0959.cnf,UNSAT,0.012,14,0
benchmarks/satlib/uuf100-430/UUF100.430.1000/uuf100-096.cnf,UNSAT,0.012,14,960
benchmarks/satlib/uuf100-430/UUF100.430.1000/uuf100-0960.cnf,UNSAT,0.011,14,0
benchmarks/satlib/uuf100-430/UUF100.430.1000/uuf100-0961.cnf,UNSAT,0.011,14,0
benchmarks/satlib/uuf100-430/UUF100.430.1000/uuf100-0962.cnf,UNSAT,0.003,7,0
benchmarks/satlib/uuf100-430/UUF100.430.1000/uuf100-0963.cnf,UNSAT,0.025,29,2092
benchmarks/satlib/uuf100-430/UUF100.430.1000/uuf100-0964.cnf,UNSAT,0.014,19,980
benchmarks/satlib/uuf100-430/UUF100.430.1000/uuf100-0965.cnf,UNSAT,0.013,16,967
benchmarks/satlib/uuf100-430/UUF100.430.1000/uuf100-0966.cnf,UNSAT,0.013,16,978
benchmarks/satlib/uuf100-430/UUF100.430.1000/uuf100-0967.cnf,UNSAT,0.054,45,4772
benchmarks/satlib/uuf100-430/UUF100.430.1000/uuf100-0968.cnf,UNSAT,0.030,30,2105
benchmarks/satlib/uuf100-430/UUF100.430.1000/uuf100-0969.cnf,UNSAT,0.006,13,0
benchmarks/satlib/uuf100-430/UUF100.430.1000/uuf100-097.cnf,UNSAT,0.021,27,977
benchmarks/satlib/uuf100-430/UUF100.430.1000/uuf100-0970.cnf,UNSAT,0.011,14,0
benchmarks/satlib/uuf100-430/UUF100.430.1000/uuf100-0971.cnf,UNSAT,0.010,14,0
benchmarks/satlib/uuf100-430/UUF100.430.1000/uuf100-0972.cnf,UNSAT,0.013,16,977
benchmarks/satlib/uuf100-430/UUF100.430.1000/uuf100-0973.cnf,UNSAT,0.008,13,0
benchmarks/satlib/uuf100-430/UUF100.430.1000/uuf100-0974.cnf,UNSAT,0.016,21,971
benchmarks/satlib/uuf100-430/UUF100.430.1000/uuf100-0975.cnf,UNSAT,0.025,29,2107
benchmarks/satlib/uuf100-430/UUF100.430.1000/uuf100-0976.cnf,UNSAT,0.008,14,0
benchmarks/satlib/uuf100-430/UUF100.430.1000/uuf100-0977.cnf,UNSAT,0.009,14,0
benchmarks/satlib/uuf100-430/UUF100.430.1000/uuf100-0978.cnf,UNSAT,0.021,26,984
benchmarks/satlib/uuf100-430/UUF100.430.1000/uuf100-0979.cnf,UNSAT,0.008,13,0
benchmarks/satlib/uuf100-430/UUF100.430.1000/uuf100-098.cnf,UNSAT,0.004,9,0
benchmarks/satlib/uuf100-430/UUF100.430.1000/uuf100-0980.cnf,UNSAT,0.023,29,2090
benchmarks/satlib/uuf100-430/UUF100.430.1000/uuf100-0981.cnf,UNSAT,0.016,21,967
benchmarks/satlib/uuf100-430/UUF100.430.1000/uuf100-0982.cnf,UNSAT,0.031,30,2102
benchmarks/satlib/uuf100-430/UUF100.430.1000/uuf100-0983.cnf,UNSAT,0.012,16,973
benchmarks/satlib/uuf100-430/UUF100.430.1000/uuf100-0984.cnf,UNSAT,0.018,24,979
benchmarks/satlib/uuf100-430/UUF100.430.1000/uuf100-0985.cnf,UNSAT,0.012,15,968
benchmarks/satlib/uuf100-430/UUF100.430.1000/uuf100-0986.cnf,UNSAT,0.007,13,0
benchmarks/satlib/uuf100-430/UUF100.430.1000/uuf100-0987.cnf,UNSAT,0.011,14,0
benchmarks/satlib/uuf100-430/UUF100.430.1000/uuf100-0988.cnf,UNSAT,0.016,21,970
benchmarks/satlib/uuf100-430/UUF100.430.1000/uuf100-0989.cnf,UNSAT,0.006,12,0
benchmarks/satlib/uuf100-430/UUF100.430.1000/uuf100-099.cnf,UNSAT,0.011,14,0
benchmarks/satlib/uuf100-430/UUF100.430.1000/uuf100-0990.cnf,UNSAT,0.013,17,969
benchmarks/satlib/uuf100-430/UUF100.430.1000/uuf100-0991.cnf,UNSAT,0.012,14,971
benchmarks/satlib/uuf100-430/UUF100.430.1000/uuf100-0992.cnf,UNSAT,0.014,18,973
benchmarks/satlib/uuf100-430/UUF100.430.1000/uuf100-0993.cnf,UNSAT,0.009,14,0
benchmarks/satlib/uuf100-430/UUF100.430.1000/uuf100-0994.cnf,UNSAT,0.025,29,2090
benchmarks/satlib/uuf100-430/UUF100.430.1000/uuf100-0995.cnf,UNSAT,0.006,12,0
benchmarks/satlib/uuf100-430/UUF100.430.1000/uuf100-0996.cnf,UNSAT,0.023,29,2097
benchmarks/satlib/uuf100-430/UUF100.430.1000/uuf100-0997.cnf,UNSAT,0.008,14,0
benchmarks/satlib/uuf100-430/UUF100.430.1000/uuf100-0998.cnf,UNSAT,0.016,22,971
benchmarks/satlib/uuf100-430/UUF100.430.1000/uuf100-0999.cnf,UNSAT,0.007,13,0
benchmarks/satlib/uuf125-538/UUF125.538.100/uuf125-01.cnf,UNSAT,0.140,84,11849
benchmarks/satlib/uuf125-538/UUF125.538.100/uuf125-010.cnf,UNSAT,0.043,37,3366
benchmarks/satlib/uuf125-538/UUF125.538.100/uuf125-0100.cnf,UNSAT,0.051,44,4753
benchmarks/satlib/uuf125-538/UUF125.538.100/uuf125-011.cnf,UNSAT,0.123,72,9881
benchmarks/satlib/uuf125-538/UUF125.538.100/uuf125-012.cnf,UNSAT,0.349,141,26901
benchmarks/satlib/uuf125-538/UUF125.538.100/uuf125-013.cnf,UNSAT,0.076,60,6371
benchmarks/satlib/uuf125-538/UUF125.538.100/uuf125-014.cnf,UNSAT,0.069,59,6345
benchmarks/satlib/uuf125-538/UUF125.538.100/uuf125-015.cnf,UNSAT,0.188,107,16315
benchmarks/satlib/uuf125-538/UUF125.538.100/uuf125-016.cnf,UNSAT,0.050,43,4760
benchmarks/satlib/uuf125-538/UUF125.538.100/uuf125-017.cnf,UNSAT,0.041,35,3363
benchmarks/satlib/uuf125-538/UUF125.538.100/uuf125-018.cnf,UNSAT,0.040,35,3383
benchmarks/satlib/uuf125-538/UUF125.538.100/uuf125-019.cnf,UNSAT,0.099,62,8072
benchmarks/satlib/uuf125-538/UUF125.538.100/uuf125-02.cnf,UNSAT,0.225,123,18778
benchmarks/satlib/uuf125-538/UUF125.538.100/uuf125-020.cnf,UNSAT,0.056,48,4797
benchmarks/satlib/uuf125-538/UUF125.538.100/uuf125-021.cnf,UNSAT,0.087,61,6334
benchmarks/satlib/uuf125-538/UUF125.538.100/uuf125-022.cnf,UNSAT,0.095,62,8061
benchmarks/satlib/uuf125-538/UUF125.538.100/uuf125-023.cnf,UNSAT,0.046,41,3358
benchmarks/satlib/uuf125-538/UUF125.538.100/uuf125-024.cnf,UNSAT,0.061,51,4798
benchmarks/satlib/uuf125-538/UUF125.538.100/uuf125-025.cnf,UNSAT,0.256,125,18746
benchmarks/satlib/uuf125-538/UUF125.538.100/uuf125-026.cnf,UNSAT,0.051,44,4757
benchmarks/satlib/uuf125-538/UUF125.538.100/uuf125-027.cnf,UNSAT,0.091,62,8038
benchmarks/satlib/uuf125-538/UUF125.538.100/uuf125-028.cnf,UNSAT,0.145,87,11916
benchmarks/satlib/uuf125-538/UUF125.538.100/uuf125-029.cnf,UNSAT,0.329,127,24166
benchmarks/satlib/uuf125-538/UUF125.538.100/uuf125-03.cnf,UNSAT,0.148,92,11913
benchmarks/satlib/uuf125-538/UUF125.538.100/uuf125-030.cnf,UNSAT,0.066,58,6320
benchmarks/satlib/uuf125-538/UUF125.538.100/uuf125-031.cnf,UNSAT,0.134,77,11928
benchmarks/satlib/uuf125-538/UUF125.538.100/uuf125-032.cnf,UNSAT,0.113,69,9869
benchmarks/satlib/uuf125-538/UUF125.538.100/uuf125-033.cnf,UNSAT,0.157,92,14007
benchmarks/satlib/uuf125-538/UUF125.538.100/uuf125-034.cnf,UNSAT,0.087,62,8048
benchmarks/satlib/uuf125-538/UUF125.538.100/uuf125-035.cnf,UNSAT,0.270,126,21321
benchmarks/satlib/uuf125-538/UUF125.538.100/uuf125-036.cnf,UNSAT,0.185,103,14095
benchmarks/satlib/uuf125-538/UUF125.538.100/uuf125-037.cnf,UNSAT,0.108,62,9884
benchmarks/satlib/uuf125-538/UUF125.538.100/uuf125-038.cnf,UNSAT,0.033,30,2101
benchmarks/satlib/uuf125-538/UUF125.538.100/uuf125-039.cnf,UNSAT,0.041,37,3360
benchmarks/satlib/uuf125-538/UUF125.538.100/uuf125-04.cnf,UNSAT,0.071,59,6340
benchmarks/satlib/uuf125-538/UUF125.538.100/uuf125-040.cnf,UNSAT,0.162,93,14025
benchmarks/satlib/uuf125-538/UUF125.538.100/uuf125-041.cnf,UNSAT,0.105,62,8094
benchmarks/satlib/uuf125-538/UUF125.538.100/uuf125-042.cnf,UNSAT,0.084,61,6334
benchmarks/satlib/uuf125-538/UUF125.538.100/uuf125-043.cnf,UNSAT,0.109,62,8055
benchmarks/satlib/uuf125-538/UUF125.538.100/uuf125-044.cnf,UNSAT,0.106,62,8071
benchmarks/satlib/uuf125-538/UUF125.538.100/uuf125-045.cnf,UNSAT,0.606,206,36352
benchmarks/satlib/uuf125-538/UUF125.538.100/uuf125-046.cnf,UNSAT,0.325,126,24041
benchmarks/satlib/uuf125-538/UUF125.538.100/uuf125-047.cnf,UNSAT,0.035,30,3369
benchmarks/satlib/uuf125-538/UUF125.538.100/uuf125-048.cnf,UNSAT,0.271,125,21329
benchmarks/satlib/uuf125-538/UUF125.538.100/uuf125-049.cnf,UNSAT,0.052,45,4791
benchmarks/satlib/uuf125-538/UUF125.538.100/uuf125-05.cnf,UNSAT,0.056,45,4777
benchmarks/satlib/uuf125-538/UUF125.538.100/uuf125-050.cnf,UNSAT,0.361,151,26950
benchmarks/satlib/uuf125-538/UUF125.538.100/uuf125-051.cnf,UNSAT,0.139,80,11903
benchmarks/satlib/uuf125-538/UUF125.538.100/uuf125-052.cnf,UNSAT,0.189,109,16302
benchmarks/satlib/uuf125-538/UUF125.538.100/uuf125-053.cnf,UNSAT,0.314,126,24174
benchmarks/satlib/uuf125-538/UUF125.538.100/uuf125-054.cnf,UNSAT,0.033,30,2095
benchmarks/satlib/uuf125-538/UUF125.538.100/uuf125-055.cnf,UNSAT,0.112,62,9914
benchmarks/satlib/uuf125-538/UUF125.538.100/uuf125-056.cnf,UNSAT,0.218,121,16306
benchmarks/satlib/uuf125-538/UUF125.538.100/uuf125-057.cnf,UNSAT,0.040,33,3376
benchmarks/satlib/uuf125-538/UUF125.538.100/uuf125-058.cnf,UNSAT,0.132,77,11888
benchmarks/satlib/uuf125-538/UUF125.538.100/uuf125-059.cnf,UNSAT,0.078,61,6357
benchmarks/satlib/uuf125-538/UUF125.538.100/uuf125-06.cnf,UNSAT,0.113,65,9923
benchmarks/satlib/uuf125-538/UUF125.538.100/uuf125-060.cnf,UNSAT,0.185,105,14002
benchmarks/satlib/uuf125-538/UUF125.538.100/uuf125-061.cnf,UNSAT,0.228,123,16362
benchmarks/satlib/uuf125-538/UUF125.538.100/uuf125-062.cnf,UNSAT,0.326,126,21448
benchmarks/satlib/uuf125-538/UUF125.538.100/uuf125-063.cnf,UNSAT,0.053,40,3362
benchmarks/satlib/uuf125-538/UUF125.538.100/uuf125-064.cnf,UNSAT,0.089,62,8024
benchmarks/satlib/uuf125-538/UUF125.538.100/uuf125-065.cnf,UNSAT,0.170,92,11891
benchmarks/satlib/uuf125-538/UUF125.538.100/uuf125-066.cnf,UNSAT,0.140,77,9893
benchmarks/satlib/uuf125-538/UUF125.538.100/uuf125-067.cnf,UNSAT,0.208,108,16344
benchmarks/satlib/uuf125-538/UUF125.538.100/uuf125-068.cnf,UNSAT,0.126,69,9915
benchmarks/satlib/uuf125-538/UUF125.538.100/uuf125-069.cnf,UNSAT,0.190,98,14071
benchmarks/satlib/uuf125-538/UUF125.538.100/uuf125-07.cnf,UNSAT,0.573,192,36531
benchmarks/satlib/uuf125-538/UUF125.538.100/uuf125-070.cnf,UNSAT,0.041,30,3360
benchmarks/satlib/uuf125-538/UUF125.538.100/uuf125-071.cnf,UNSAT,0.175,93,14048
benchmarks/satlib/uuf125-538/UUF125.538.100/uuf125-072.cnf,UNSAT,0.074,59,6344
benchmarks/satlib/uuf125-538/UUF125.538.100/uuf125-073.cnf,UNSAT,0.284,126,21216
benchmarks/satlib/uuf125-538/UUF125.538.100/uuf125-074.cnf,UNSAT,0.079,61,6290
benchmarks/satlib/uuf125-538/UUF125.538.100/uuf125-075.cnf,UNSAT,0.097,62,8031
benchmarks/satlib/uuf125-538/UUF125.538.100/uuf125-076.cnf,UNSAT,0.386,147,26956
benchmarks/satlib/uuf125-538/UUF125.538.100/uuf125-077.cnf,UNSAT,0.112,62,9906
benchmarks/satlib/uuf125-538/UUF125.538.100/uuf125-078.cnf,UNSAT,0.276,125,21394
benchmarks/satlib/uuf125-538/UUF125.538.100/uuf125-079.cnf,UNSAT,0.116,69,9873
benchmarks/satlib/uuf125-538/UUF125.538.100/uuf125-08.cnf,UNSAT,0.155,92,11909
benchmarks/satlib/uuf125-538/UUF125.538.100/uuf125-080.cnf,UNSAT,0.097,62,8035
benchmarks/satlib/uuf125-538/UUF125.538.100/uuf125-081.cnf,UNSAT,0.075,60,6319
benchmarks/satlib/uuf125-538/UUF125.538.100/uuf125-082.cnf,UNSAT,0.132,78,11889
benchmarks/satlib/uuf125-538/UUF125.538.100/uuf125-083.cnf,UNSAT,0.087,62,8027
benchmarks/satlib/uuf125-538/UUF125.538.100/uuf125-084.cnf,UNSAT,0.092,61,7985
benchmarks/satlib/uuf125-538/UUF125.538.100/uuf125-085.cnf,UNSAT,0.155,91,11877
benchmarks/satlib/uuf125-538/UUF125.538.100/uuf125-086.cnf,UNSAT,0.087,61,6363
benchmarks/satlib/uuf125-538/UUF125.538.100/uuf125-087.cnf,UNSAT,0.120,71,9927
benchmarks/satlib/uuf125-538/UUF125.538.100/uuf125-088.cnf,UNSAT,0.076,60,6287
benchmarks/satlib/uuf125-538/UUF125.538.100/uuf125-089.cnf,UNSAT,0.099,62,8074
benchmarks/satlib/uuf125-538/UUF125.538.100/uuf125-09.cnf,UNSAT,0.096,62,8073
benchmarks/satlib/uuf125-538/UUF125.538.100/uuf125-090.cnf,UNSAT,0.128,76,9898
benchmarks/satlib/uuf125-538/UUF125.538.100/uuf125-091.cnf,UNSAT,0.113,69,9941
benchmarks/satlib/uuf125-538/UUF125.538.100/uuf125-092.cnf,UNSAT,0.071,59,6389
benchmarks/satlib/uuf125-538/UUF125.538.100/uuf125-093.cnf,UNSAT,0.077,60,6362
benchmarks/satlib/uuf125-538/UUF125.538.100/uuf125-094.cnf,UNSAT,0.177,98,14034
benchmarks/satlib/uuf125-538/UUF125.538.100/uuf125-095.cnf,UNSAT,0.082,61,6355
benchmarks/satlib/uuf125-538/UUF125.538.100/uuf125-096.cnf,UNSAT,0.142,87,11958
benchmarks/satlib/uuf125-538/UUF125.538.100/uuf125-097.cnf,UNSAT,0.024,28,2097
benchmarks/satlib/uuf125-538/UUF125.538.100/uuf125-098.cnf,UNSAT,0.173,93,14010
benchmarks/satlib/uuf125-538/UUF125.538.100/uuf125-099.cnf,UNSAT,0.103,62,9863
benchmarks/satlib/uuf150-645/UUF150.645.100/uuf150-01.cnf,UNSAT,3.542,637,160108
benchmarks/satlib/uuf150-645/UUF150.645.100/uuf150-010.cnf,UNSAT,0.796,254,51083
benchmarks/satlib/uuf150-645/UUF150.645.100/uuf150-0100.cnf,UNSAT,2.385,510,121002
benchmarks/satlib/uuf150-645/UUF150.645.100/uuf150-011.cnf,UNSAT,1.029,300,63564
benchmarks/satlib/uuf150-645/UUF150.645.100/uuf150-012.cnf,UNSAT,0.884,254,55469
benchmarks/satlib/uuf150-645/UUF150.645.100/uuf150-013.cnf,UNSAT,0.491,193,36430
benchmarks/satlib/uuf150-645/UUF150.645.100/uuf150-014.cnf,UNSAT,4.350,764,188599
benchmarks/satlib/uuf150-645/UUF150.645.100/uuf150-015.cnf,UNSAT,2.325,509,120813
benchmarks/satlib/uuf150-645/UUF150.645.100/uuf150-016.cnf,UNSAT,0.660,252,47214
benchmarks/satlib/uuf150-645/UUF150.645.100/uuf150-017.cnf,UNSAT,1.716,444,98168
benchmarks/satlib/uuf150-645/UUF150.645.100/uuf150-018.cnf,UNSAT,2.073,508,109101
benchmarks/satlib/uuf150-645/UUF150.645.100/uuf150-019.cnf,UNSAT,0.277,126,21416
benchmarks/satlib/uuf150-645/UUF150.645.100/uuf150-02.cnf,UNSAT,1.466,383,87634
benchmarks/satlib/uuf150-645/UUF150.645.100/uuf150-020.cnf,UNSAT,2.467,510,127047
benchmarks/satlib/uuf150-645/UUF150.645.100/uuf150-021.cnf,UNSAT,1.575,409,87514
benchmarks/satlib/uuf150-645/UUF150.645.100/uuf150-022.cnf,UNSAT,0.859,254,55279
benchmarks/satlib/uuf150-645/UUF150.645.100/uuf150-023.cnf,UNSAT,1.582,407,87413
benchmarks/satlib/uuf150-645/UUF150.645.100/uuf150-024.cnf,UNSAT,1.767,450,98406
benchmarks/satlib/uuf150-645/UUF150.645.100/uuf150-025.cnf,UNSAT,1.429,381,82601
benchmarks/satlib/uuf150-645/UUF150.645.100/uuf150-026.cnf,UNSAT,1.418,381,82737
benchmarks/satlib/uuf150-645/UUF150.645.100/uuf150-027.cnf,UNSAT,2.167,509,114712
benchmarks/satlib/uuf150-645/UUF150.645.100/uuf150-028.cnf,UNSAT,3.158,587,152758
benchmarks/satlib/uuf150-645/UUF150.645.100/uuf150-029.cnf,UNSAT,0.777,254,51372
benchmarks/satlib/uuf150-645/UUF150.645.100/uuf150-03.cnf,UNSAT,1.175,331,72816
benchmarks/satlib/uuf150-645/UUF150.645.100/uuf150-030.cnf,UNSAT,1.099,314,68141
benchmarks/satlib/uuf150-645/UUF150.645.100/uuf150-031.cnf,UNSAT,0.482,189,33097
benchmarks/satlib/uuf150-645/UUF150.645.100/uuf150-032.cnf,UNSAT,1.040,286,64091
benchmarks/satlib/uuf150-645/UUF150.645.100/uuf150-033.cnf,UNSAT,1.678,436,92407
benchmarks/satlib/uuf150-645/UUF150.645.100/uuf150-034.cnf,UNSAT,0.337,143,26890
benchmarks/satlib/uuf150-645/UUF150.645.100/uuf150-035.cnf,UNSAT,2.327,509,120586
benchmarks/satlib/uuf150-645/UUF150.645.100/uuf150-036.cnf,UNSAT,0.570,220,39938
benchmarks/satlib/uuf150-645/UUF150.645.100/uuf150-037.cnf,UNSAT,0.771,254,51213
benchmarks/satlib/uuf150-645/UUF150.645.100/uuf150-038.cnf,UNSAT,4.101,732,180912
benchmarks/satlib/uuf150-645/UUF150.645.100/uuf150-039.cnf,UNSAT,0.763,253,51005
benchmarks/satlib/uuf150-645/UUF150.645.100/uuf150-04.cnf,UNSAT,0.578,227,39909
benchmarks/satlib/uuf150-645/UUF150.645.100/uuf150-040.cnf,UNSAT,2.522,510,127453
benchmarks/satlib/uuf150-645/UUF150.645.100/uuf150-041.cnf,UNSAT,0.718,253,51179
benchmarks/satlib/uuf150-645/UUF150.645.100/uuf150-042.cnf,UNSAT,0.234,124,18728
benchmarks/satlib/uuf150-645/UUF150.645.100/uuf150-043.cnf,UNSAT,0.744,253,51076
benchmarks/satlib/uuf150-645/UUF150.645.100/uuf150-044.cnf,UNSAT,4.191,762,188086
benchmarks/satlib/uuf150-645/UUF150.645.100/uuf150-045.cnf,UNSAT,0.824,254,55222
benchmarks/satlib/uuf150-645/UUF150.645.100/uuf150-046.cnf,UNSAT,1.377,380,82642
benchmarks/satlib/uuf150-645/UUF150.645.100/uuf150-047.cnf,UNSAT,1.051,300,63788
benchmarks/satlib/uuf150-645/UUF150.645.100/uuf150-048.cnf,UNSAT,1.096,317,68035
benchmarks/satlib/uuf150-645/UUF150.645.100/uuf150-049.cnf,UNSAT,0.796,254,51203
benchmarks/satlib/uuf150-645/UUF150.645.100/uuf150-05.cnf,UNSAT,1.826,466,98377
benchmarks/satlib/uuf150-645/UUF150.645.100/uuf150-050.cnf,UNSAT,3.627,651,166723
benchmarks/satlib/uuf150-645/UUF150.645.100/uuf150-051.cnf,UNSAT,1.708,443,98176
benchmarks/satlib/uuf150-645/UUF150.645.100/uuf150-052.cnf,UNSAT,0.385,157,30104
benchmarks/satlib/uuf150-645/UUF150.645.100/uuf150-053.cnf,UNSAT,0.267,126,21363
benchmarks/satlib/uuf150-645/UUF150.645.100/uuf150-054.cnf,UNSAT,0.935,268,59358
benchmarks/satlib/uuf150-645/UUF150.645.100/uuf150-055.cnf,UNSAT,4.499,764,189626
benchmarks/satlib/uuf150-645/UUF150.645.100/uuf150-056.cnf,UNSAT,0.266,126,21337
benchmarks/satlib/uuf150-645/UUF150.645.100/uuf150-057.cnf,UNSAT,1.093,316,68323
benchmarks/satlib/uuf150-645/UUF150.645.100/uuf150-058.cnf,UNSAT,0.815,254,55110
benchmarks/satlib/uuf150-645/UUF150.645.100/uuf150-059.cnf,UNSAT,1.524,396,87239
benchmarks/satlib/uuf150-645/UUF150.645.100/uuf150-06.cnf,UNSAT,0.915,260,59328
benchmarks/satlib/uuf150-645/UUF150.645.100/uuf150-060.cnf,UNSAT,1.126,322,72749
benchmarks/satlib/uuf150-645/UUF150.645.100/uuf150-061.cnf,UNSAT,0.978,285,63885
benchmarks/satlib/uuf150-645/UUF150.645.100/uuf150-062.cnf,UNSAT,0.513,204,36327
benchmarks/satlib/uuf150-645/UUF150.645.100/uuf150-063.cnf,UNSAT,1.425,381,82684
benchmarks/satlib/uuf150-645/UUF150.645.100/uuf150-064.cnf,UNSAT,0.830,254,55139
benchmarks/satlib/uuf150-645/UUF150.645.100/uuf150-065.cnf,UNSAT,2.296,509,120970
benchmarks/satlib/uuf150-645/UUF150.645.100/uuf150-066.cnf,UNSAT,1.622,426,92819
benchmarks/satlib/uuf150-645/UUF150.645.100/uuf150-067.cnf,UNSAT,1.380,381,82110
benchmarks/satlib/uuf150-645/UUF150.645.100/uuf150-068.cnf,UNSAT,1.025,295,63766
benchmarks/satlib/uuf150-645/UUF150.645.100/uuf150-069.cnf,UNSAT,2.403,510,127253
benchmarks/satlib/uuf150-645/UUF150.645.100/uuf150-07.cnf,UNSAT,2.140,509,114870
benchmarks/satlib/uuf150-645/UUF150.645.100/uuf150-070.cnf,UNSAT,2.465,510,127018
benchmarks/satlib/uuf150-645/UUF150.645.100/uuf150-071.cnf,UNSAT,1.445,381,82477
benchmarks/satlib/uuf150-645/UUF150.645.100/uuf150-072.cnf,UNSAT,2.474,510,126865
benchmarks/satlib/uuf150-645/UUF150.645.100/uuf150-073.cnf,UNSAT,1.375,379,77789
benchmarks/satlib/uuf150-645/UUF150.645.100/uuf150-074.cnf,UNSAT,0.962,280,63707
benchmarks/satlib/uuf150-645/UUF150.645.100/uuf150-075.cnf,UNSAT,2.219,509,120686
benchmarks/satlib/uuf150-645/UUF150.645.100/uuf150-076.cnf,UNSAT,0.662,251,43421
benchmarks/satlib/uuf150-645/UUF150.645.100/uuf150-077.cnf,UNSAT,1.049,314,68095
benchmarks/satlib/uuf150-645/UUF150.645.100/uuf150-078.cnf,UNSAT,0.589,234,43565
benchmarks/satlib/uuf150-645/UUF150.645.100/uuf150-079.cnf,UNSAT,1.705,441,92803
benchmarks/satlib/uuf150-645/UUF150.645.100/uuf150-08.cnf,UNSAT,0.534,212,39655
benchmarks/satlib/uuf150-645/UUF150.645.100/uuf150-080.cnf,UNSAT,2.311,510,121200
benchmarks/satlib/uuf150-645/UUF150.645.100/uuf150-081.cnf,UNSAT,1.193,321,72885
benchmarks/satlib/uuf150-645/UUF150.645.100/uuf150-082.cnf,UNSAT,4.871,811,204224
benchmarks/satlib/uuf150-645/UUF150.645.100/uuf150-083.cnf,UNSAT,0.691,252,47201
benchmarks/satlib/uuf150-645/UUF150.645.100/uuf150-084.cnf,UNSAT,3.277,604,153362
benchmarks/satlib/uuf150-645/UUF150.645.100/uuf150-085.cnf,UNSAT,0.989,285,63825
benchmarks/satlib/uuf150-645/UUF150.645.100/uuf150-086.cnf,UNSAT,0.973,285,63685
benchmarks/satlib/uuf150-645/UUF150.645.100/uuf150-087.cnf,UNSAT,2.223,509,115322
benchmarks/satlib/uuf150-645/UUF150.645.100/uuf150-088.cnf,UNSAT,2.011,507,109337
benchmarks/satlib/uuf150-645/UUF150.645.100/uuf150-089.cnf,UNSAT,0.268,126,21402
benchmarks/satlib/uuf150-645/UUF150.645.100/uuf150-09.cnf,UNSAT,0.538,214,39957
benchmarks/satlib/uuf150-645/UUF150.645.100/uuf150-090.cnf,UNSAT,1.100,317,68284
benchmarks/satlib/uuf150-645/UUF150.645.100/uuf150-091.cnf,UNSAT,0.246,125,18819
benchmarks/satlib/uuf150-645/UUF150.645.100/uuf150-092.cnf,UNSAT,0.765,254,51095
benchmarks/satlib/uuf150-645/UUF150.645.100/uuf150-093.cnf,UNSAT,2.761,541,140029
benchmarks/satlib/uuf150-645/UUF150.645.100/uuf150-094.cnf,UNSAT,0.898,254,59355
benchmarks/satlib/uuf150-645/UUF150.645.100/uuf150-095.cnf,UNSAT,0.912,263,59532
benchmarks/satlib/uuf150-645/UUF150.645.100/uuf150-096.cnf,UNSAT,1.058,307,68511
benchmarks/satlib/uuf150-645/UUF150.645.100/uuf150-097.cnf,UNSAT,2.364,510,126687
benchmarks/satlib/uuf150-645/UUF150.645.100/uuf150-098.cnf,UNSAT,1.764,444,97820
benchmarks/satlib/uuf150-645/UUF150.645.100/uuf150-099.cnf,UNSAT,0.933,254,59544
benchmarks/satlib/uuf175-753/UUF175.753.100/uuf175-01.cnf,UNKNOWN,10.013,1210,347604
benchmarks/satlib/uuf175-753/UUF175.753.100/uuf175-010.cnf,UNKNOWN,10.027,1212,348584
benchmarks/satlib/uuf175-753/UUF175.753.100/uuf175-0100.cnf,UNKNOWN,10.022,1180,346397
benchmarks/satlib/uuf175-753/UUF175.753.100/uuf175-011.cnf,UNSAT,9.497,1137,327714
benchmarks/satlib/uuf175-753/UUF175.753.100/uuf175-012.cnf,UNSAT,6.366,1019,253409
benchmarks/satlib/uuf175-753/UUF175.753.100/uuf175-013.cnf,UNKNOWN,10.007,1211,347897
benchmarks/satlib/uuf175-753/UUF175.753.100/uuf175-014.cnf,UNKNOWN,10.023,1190,348592
benchmarks/satlib/uuf175-753/UUF175.753.100/uuf175-015.cnf,UNKNOWN,10.015,1242,356010
benchmarks/satlib/uuf175-753/UUF175.753.100/uuf175-016.cnf,UNKNOWN,10.041,1211,348431
benchmarks/satlib/uuf175-753/UUF175.753.100/uuf175-017.cnf,UNKNOWN,10.021,1179,346289
benchmarks/satlib/uuf175-753/UUF175.753.100/uuf175-018.cnf,UNKNOWN,10.023,1164,337862
benchmarks/satlib/uuf175-753/UUF175.753.100/uuf175-019.cnf,UNKNOWN,10.040,1190,348103
benchmarks/satlib/uuf175-753/UUF175.753.100/uuf175-02.cnf,UNKNOWN,10.019,1179,348816
benchmarks/satlib/uuf175-753/UUF175.753.100/uuf175-020.cnf,UNKNOWN,10.017,1180,348635
benchmarks/satlib/uuf175-753/UUF175.753.100/uuf175-021.cnf,UNKNOWN,10.007,1190,347522
benchmarks/satlib/uuf175-753/UUF175.753.100/uuf175-022.cnf,UNKNOWN,10.014,1222,356596
benchmarks/satlib/uuf175-753/UUF175.753.100/uuf175-023.cnf,UNSAT,7.412,1022,288418
benchmarks/satlib/uuf175-753/UUF175.753.100/uuf175-024.cnf,UNKNOWN,10.011,1205,348804
benchmarks/satlib/uuf175-753/UUF175.753.100/uuf175-025.cnf,UNSAT,2.768,555,146762
benchmarks/satlib/uuf175-753/UUF175.753.100/uuf175-026.cnf,UNKNOWN,10.040,1212,347264
benchmarks/satlib/uuf175-753/UUF175.753.100/uuf175-027.cnf,UNKNOWN,10.008,1190,348816
benchmarks/satlib/uuf175-753/UUF175.753.100/uuf175-028.cnf,UNKNOWN,10.035,1210,346669
benchmarks/satlib/uuf175-753/UUF175.753.100/uuf175-029.cnf,UNKNOWN,10.037,1174,348021
benchmarks/satlib/uuf175-753/UUF175.753.100/uuf175-03.cnf,UNKNOWN,10.041,1212,347781
benchmarks/satlib/uuf175-753/UUF175.753.100/uuf175-030.cnf,UNKNOWN,10.004,1212,348030
benchmarks/satlib/uuf175-753/UUF175.753.100/uuf175-031.cnf,UNKNOWN,10.036,1210,346234
benchmarks/satlib/uuf175-753/UUF175.753.100/uuf175-032.cnf,UNKNOWN,10.020,1195,348852
benchmarks/satlib/uuf175-753/UUF175.753.100/uuf175-033.cnf,UNKNOWN,10.007,1205,347545
benchmarks/satlib/uuf175-753/UUF175.753.100/uuf175-034.cnf,UNKNOWN,10.015,1210,347370
benchmarks/satlib/uuf175-753/UUF175.753.100/uuf175-035.cnf,UNKNOWN,10.005,1205,347458
benchmarks/satlib/uuf175-753/UUF175.753.100/uuf175-036.cnf,UNKNOWN,10.046,1222,358878
benchmarks/satlib/uuf175-753/UUF175.753.100/uuf175-037.cnf,UNKNOWN,10.039,1205,348018
benchmarks/satlib/uuf175-753/UUF175.753.100/uuf175-038.cnf,UNKNOWN,10.036,1258,357011
benchmarks/satlib/uuf175-753/UUF175.753.100/uuf175-039.cnf,UNKNOWN,10.004,1210,347797
benchmarks/satlib/uuf175-753/UUF175.753.100/uuf175-04.cnf,UNKNOWN,10.005,1180,348243
benchmarks/satlib/uuf175-753/UUF175.753.100/uuf175-040.cnf,UNKNOWN,10.020,1211,346879
benchmarks/satlib/uuf175-753/UUF175.753.100/uuf175-041.cnf,UNSAT,2.249,509,121083
benchmarks/satlib/uuf175-753/UUF175.753.100/uuf175-042.cnf,UNKNOWN,10.017,1190,349219
benchmarks/satlib/uuf175-753/UUF175.753.100/uuf175-043.cnf,UNKNOWN,10.016,1211,347799
benchmarks/satlib/uuf175-753/UUF175.753.100/uuf175-044.cnf,UNSAT,7.806,1022,299022
benchmarks/satlib/uuf175-753/UUF175.753.100/uuf175-045.cnf,UNKNOWN,10.030,1190,348080
benchmarks/satlib/uuf175-753/UUF175.753.100/uuf175-046.cnf,UNKNOWN,10.045,1190,347263
benchmarks/satlib/uuf175-753/UUF175.753.100/uuf175-047.cnf,UNKNOWN,10.031,1195,348725
benchmarks/satlib/uuf175-753/UUF175.753.100/uuf175-048.cnf,UNKNOWN,10.013,1211,348210
benchmarks/satlib/uuf175-753/UUF175.753.100/uuf175-049.cnf,UNSAT,8.046,1022,299155
benchmarks/satlib/uuf175-753/UUF175.753.100/uuf175-05.cnf,UNKNOWN,10.048,1212,348071
benchmarks/satlib/uuf175-753/UUF175.753.100/uuf175-050.cnf,UNKNOWN,10.003,1211,349112
benchmarks/satlib/uuf175-753/UUF175.753.100/uuf175-051.cnf,UNKNOWN,10.016,1179,346180
benchmarks/satlib/uuf175-753/UUF175.753.100/uuf175-052.cnf,UNSAT,5.461,897,228137
benchmarks/satlib/uuf175-753/UUF175.753.100/uuf175-053.cnf,UNKNOWN,10.042,1205,347463
benchmarks/satlib/uuf175-753/UUF175.753.100/uuf175-054.cnf,UNKNOWN,10.035,1210,348561
benchmarks/satlib/uuf175-753/UUF175.753.100/uuf175-055.cnf,UNKNOWN,10.041,1222,358402
benchmarks/satlib/uuf175-753/UUF175.753.100/uuf175-056.cnf,UNKNOWN,10.004,1190,347509
benchmarks/satlib/uuf175-753/UUF175.753.100/uuf175-057.cnf,UNKNOWN,10.015,1212,348153
benchmarks/satlib/uuf175-753/UUF175.753.100/uuf175-058.cnf,UNSAT,9.219,1131,326838
benchmarks/satlib/uuf175-753/UUF175.753.100/uuf175-059.cnf,UNKNOWN,10.032,1237,358466
benchmarks/satlib/uuf175-753/UUF175.753.100/uuf175-06.cnf,UNKNOWN,10.038,1212,347986
benchmarks/satlib/uuf175-753/UUF175.753.100/uuf175-060.cnf,UNKNOWN,10.003,1212,348785
benchmarks/satlib/uuf175-753/UUF175.753.100/uuf175-061.cnf,UNKNOWN,10.013,1212,347732
benchmarks/satlib/uuf175-753/UUF175.753.100/uuf175-062.cnf,UNKNOWN,10.006,1190,348343
benchmarks/satlib/uuf175-753/UUF175.753.100/uuf175-063.cnf,UNKNOWN,10.012,1195,347317
benchmarks/satlib/uuf175-753/UUF175.753.100/uuf175-064.cnf,UNKNOWN,10.029,1212,347111
benchmarks/satlib/uuf175-753/UUF175.753.100/uuf175-065.cnf,UNSAT,7.456,1022,287582
benchmarks/satlib/uuf175-753/UUF175.753.100/uuf175-066.cnf,UNKNOWN,10.012,1180,347108
benchmarks/satlib/uuf175-753/UUF175.753.100/uuf175-067.cnf,UNSAT,9.125,1126,327331
benchmarks/satlib/uuf175-753/UUF175.753.100/uuf175-068.cnf,UNKNOWN,10.038,1205,347440
benchmarks/satlib/uuf175-753/UUF175.753.100/uuf175-069.cnf,UNKNOWN,10.010,1205,347410
benchmarks/satlib/uuf175-753/UUF175.753.100/uuf175-07.cnf,UNKNOWN,10.008,1210,346478
benchmarks/satlib/uuf175-753/UUF175.753.100/uuf175-070.cnf,UNKNOWN,10.002,1211,347892
benchmarks/satlib/uuf175-753/UUF175.753.100/uuf175-071.cnf,UNKNOWN,10.023,1212,348083
benchmarks/satlib/uuf175-753/UUF175.753.100/uuf175-072.cnf,UNKNOWN,10.025,1195,348107
benchmarks/satlib/uuf175-753/UUF175.753.100/uuf175-073.cnf,UNKNOWN,10.030,1210,348339
benchmarks/satlib/uuf175-753/UUF175.753.100/uuf175-074.cnf,UNKNOWN,10.004,1180,347773
benchmarks/satlib/uuf175-753/UUF175.753.100/uuf175-075.cnf,UNKNOWN,10.013,1212,356738
benchmarks/satlib/uuf175-753/UUF175.753.100/uuf175-076.cnf,UNKNOWN,10.025,1179,347326
benchmarks/satlib/uuf175-753/UUF175.753.100/uuf175-077.cnf,UNKNOWN,10.044,1210,347128
benchmarks/satlib/uuf175-753/UUF175.753.100/uuf175-078.cnf,UNKNOWN,10.040,1212,348799
benchmarks/satlib/uuf175-753/UUF175.753.100/uuf175-079.cnf,UNKNOWN,10.038,1190,347599
benchmarks/satlib/uuf175-753/UUF175.753.100/uuf175-08.cnf,UNKNOWN,10.017,1211,348607
benchmarks/satlib/uuf175-753/UUF175.753.100/uuf175-080.cnf,UNSAT,4.433,765,196324
benchmarks/satlib/uuf175-753/UUF175.753.100/uuf175-081.cnf,UNSAT,8.866,1084,317905
benchmarks/satlib/uuf175-753/UUF175.753.100/uuf175-082.cnf,UNKNOWN,10.016,1190,348407
benchmarks/satlib/uuf175-753/UUF175.753.100/uuf175-083.cnf,UNKNOWN,10.009,1179,348269
benchmarks/satlib/uuf175-753/UUF175.753.100/uuf175-084.cnf,UNKNOWN,10.038,1211,348033
benchmarks/satlib/uuf175-753/UUF175.753.100/uuf175-085.cnf,UNKNOWN,10.008,1190,347751
benchmarks/satlib/uuf175-753/UUF175.753.100/uuf175-086.cnf,UNSAT,3.722,700,173826
benchmarks/satlib/uuf175-753/UUF175.753.100/uuf175-087.cnf,UNSAT,6.388,1020,254026
benchmarks/satlib/uuf175-753/UUF175.753.100/uuf175-088.cnf,UNKNOWN,10.032,1212,356680
benchmarks/satlib/uuf175-753/UUF175.753.100/uuf175-089.cnf,UNKNOWN,10.041,1205,347473
benchmarks/satlib/uuf175-753/UUF175.753.100/uuf175-09.cnf,UNKNOWN,10.054,1174,339138
benchmarks/satlib/uuf175-753/UUF175.753.100/uuf175-090.cnf,UNSAT,8.101,1022,308271
benchmarks/satlib/uuf175-753/UUF175.753.100/uuf175-091.cnf,UNSAT,5.187,874,220192
benchmarks/satlib/uuf175-753/UUF175.753.100/uuf175-092.cnf,UNKNOWN,10.012,1195,348056
benchmarks/satlib/uuf175-753/UUF175.753.100/uuf175-093.cnf,UNKNOWN,10.022,1212,347766
benchmarks/satlib/uuf175-753/UUF175.753.100/uuf175-094.cnf,UNSAT,6.958,1021,270853
benchmarks/satlib/uuf175-753/UUF175.753.100/uuf175-095.cnf,UNKNOWN,10.032,1205,347762
benchmarks/satlib/uuf175-753/UUF175.753.100/uuf175-096.cnf,UNKNOWN,10.001,1190,348379
benchmarks/satlib/uuf175-753/UUF175.753.100/uuf175-097.cnf,UNSAT,2.118,509,114693
benchmarks/satlib/uuf175-753/UUF175.753.100/uuf175-098.cnf,UNKNOWN,10.029,1212,356548
benchmarks/satlib/uuf175-753/UUF175.753.100/uuf175-099.cnf,UNKNOWN,10.034,1212,356088
benchmarks/satlib/uuf200-860/UUF200.860.1000/uuf200-01.cnf,UNKNOWN,10.032,1211,349454
benchmarks/satlib/uuf200-860/UUF200.860.1000/uuf200-010.cnf,UNKNOWN,10.030,1212,350403
benchmarks/satlib/uuf200-860/UUF200.860.1000/uuf200-011.cnf,UNKNOWN,10.035,1227,350036
benchmarks/satlib/uuf200-860/UUF200.860.1000/uuf200-012.cnf,UNKNOWN,10.017,1222,349931
benchmarks/satlib/uuf200-860/UUF200.860.1000/uuf200-013.cnf,UNKNOWN,10.003,1222,350482
benchmarks/satlib/uuf200-860/UUF200.860.1000/uuf200-014.cnf,UNKNOWN,10.029,1227,359879
benchmarks/satlib/uuf200-860/UUF200.860.1000/uuf200-015.cnf,UNKNOWN,10.044,1222,348933
benchmarks/satlib/uuf200-860/UUF200.860.1000/uuf200-016.cnf,UNKNOWN,10.015,1242,360203
benchmarks/satlib/uuf200-860/UUF200.860.1000/uuf200-017.cnf,UNKNOWN,10.025,1253,359187
benchmarks/satlib/uuf200-860/UUF200.860.1000/uuf200-018.cnf,UNKNOWN,10.007,1211,350224
benchmarks/satlib/uuf200-860/UUF200.860.1000/uuf200-019.cnf,UNKNOWN,10.016,1179,339967
benchmarks/satlib/uuf200-860/UUF200.860.1000/uuf200-02.cnf,UNKNOWN,10.031,1237,359627
benchmarks/satlib/uuf200-860/UUF200.860.1000/uuf200-020.cnf,UNKNOWN,10.012,1212,348906
benchmarks/satlib/uuf200-860/UUF200.860.1000/uuf200-021.cnf,UNKNOWN,10.029,1237,360150
benchmarks/satlib/uuf200-860/UUF200.860.1000/uuf200-022.cnf,UNKNOWN,10.022,1212,350716
benchmarks/satlib/uuf200-860/UUF200.860.1000/uuf200-023.cnf,UNKNOWN,10.042,1227,359622
benchmarks/satlib/uuf200-860/UUF200.860.1000/uuf200-024.cnf,UNKNOWN,10.010,1222,350053
benchmarks/satlib/uuf200-860/UUF200.860.1000/uuf200-025.cnf,UNKNOWN,10.028,1222,350437
benchmarks/satlib/uuf200-860/UUF200.860.1000/uuf200-026.cnf,UNKNOWN,10.034,1222,350093
benchmarks/satlib/uuf200-860/UUF200.860.1000/uuf200-027.cnf,UNKNOWN,10.000,1212,349819
benchmarks/satlib/uuf200-860/UUF200.860.1000/uuf200-028.cnf,UNKNOWN,10.012,1237,359233
benchmarks/satlib/uuf200-860/UUF200.860.1000/uuf200-029.cnf,UNKNOWN,10.026,1212,349935
benchmarks/satlib/uuf200-860/UUF200.860.1000/uuf200-03.cnf,UNKNOWN,10.011,1211,349865
benchmarks/satlib/uuf200-860/UUF200.860.1000/uuf200-030.cnf,UNKNOWN,10.038,1179,349283
benchmarks/satlib/uuf200-860/UUF200.860.1000/uuf200-031.cnf,UNKNOWN,10.004,1222,349361
benchmarks/satlib/uuf200-860/UUF200.860.1000/uuf200-032.cnf,UNKNOWN,10.025,1211,350488
benchmarks/satlib/uuf200-860/UUF200.860.1000/uuf200-033.cnf,UNKNOWN,10.046,1222,348768
benchmarks/satlib/uuf200-860/UUF200.860.1000/uuf200-034.cnf,UNKNOWN,10.043,1212,349654
benchmarks/satlib/uuf200-860/UUF200.860.1000/uuf200-035.cnf,UNKNOWN,10.035,1212,349416
benchmarks/satlib/uuf200-860/UUF200.860.1000/uuf200-036.cnf,UNKNOWN,10.008,1212,350577
benchmarks/satlib/uuf200-860/UUF200.860.1000/uuf200-037.cnf,UNKNOWN,10.016,1212,350369
benchmarks/satlib/uuf200-860/UUF200.860.1000/uuf200-038.cnf,UNKNOWN,10.014,1242,360245
benchmarks/satlib/uuf200-860/UUF200.860.1000/uuf200-039.cnf,UNKNOWN,10.033,1253,359682
benchmarks/satlib/uuf200-860/UUF200.860.1000/uuf200-04.cnf,UNKNOWN,10.028,1222,350322
benchmarks/satlib/uuf200-860/UUF200.860.1000/uuf200-040.cnf,UNKNOWN,10.016,1237,359991
benchmarks/satlib/uuf200-860/UUF200.860.1000/uuf200-041.cnf,UNKNOWN,10.015,1212,349755
benchmarks/satlib/uuf200-860/UUF200.860.1000/uuf200-042.cnf,UNKNOWN,10.015,1205,349355
benchmarks/satlib/uuf200-860/UUF200.860.1000/uuf200-043.cnf,UNKNOWN,10.002,1211,349045
benchmarks/satlib/uuf200-860/UUF200.860.1000/uuf200-044.cnf,UNKNOWN,10.005,1195,349139
benchmarks/satlib/uuf200-860/UUF200.860.1000/uuf200-045.cnf,UNKNOWN,10.020,1227,359871
benchmarks/satlib/uuf200-860/UUF200.860.1000/uuf200-046.cnf,UNKNOWN,10.012,1210,350034
benchmarks/satlib/uuf200-860/UUF200.860.1000/uuf200-047.cnf,UNKNOWN,10.046,1212,349317
benchmarks/satlib/uuf200-860/UUF200.860.1000/uuf200-048.cnf,UNKNOWN,10.043,1222,349663
benchmarks/satlib/uuf200-860/UUF200.860.1000/uuf200-049.cnf,UNKNOWN,10.003,1227,350641
benchmarks/satlib/uuf200-860/UUF200.860.1000/uuf200-05.cnf,UNKNOWN,10.030,1212,349437
benchmarks/satlib/uuf200-860/UUF200.860.1000/uuf200-050.cnf,UNKNOWN,10.004,1212,350228
benchmarks/satlib/uuf200-860/UUF200.860.1000/uuf200-051.cnf,UNKNOWN,10.038,1212,349942
benchmarks/satlib/uuf200-860/UUF200.860.1000/uuf200-052.cnf,UNKNOWN,10.023,1212,350366
benchmarks/satlib/uuf200-860/UUF200.860.1000/uuf200-053.cnf,UNKNOWN,10.050,1222,350181
benchmarks/satlib/uuf200-860/UUF200.860.1000/uuf200-054.cnf,UNKNOWN,10.004,1227,350039
benchmarks/satlib/uuf200-860/UUF200.860.1000/uuf200-055.cnf,UNKNOWN,10.030,1242,359988
benchmarks/satlib/uuf200-860/UUF200.860.1000/uuf200-056.cnf,UNKNOWN,10.027,1243,359852
benchmarks/satlib/uuf200-860/UUF200.860.1000/uuf200-057.cnf,UNKNOWN,10.015,1237,359713
benchmarks/satlib/uuf200-860/UUF200.860.1000/uuf200-058.cnf,UNKNOWN,10.008,1211,350621
benchmarks/satlib/uuf200-860/UUF200.860.1000/uuf200-059.cnf,UNKNOWN,10.032,1227,350098
benchmarks/satlib/uuf200-860/UUF200.860.1000/uuf200-06.cnf,UNKNOWN,10.048,1227,359782
benchmarks/satlib/uuf200-860/UUF200.860.1000/uuf200-060.cnf,UNKNOWN,10.020,1227,359459
benchmarks/satlib/uuf200-860/UUF200.860.1000/uuf200-061.cnf,UNKNOWN,10.023,1242,359941
benchmarks/satlib/uuf200-860/UUF200.860.1000/uuf200-062.cnf,UNKNOWN,10.006,1222,349359
benchmarks/satlib/uuf200-860/UUF200.860.1000/uuf200-063.cnf,UNKNOWN,10.006,1222,349820
benchmarks/satlib/uuf200-860/UUF200.860.1000/uuf200-064.cnf,UNKNOWN,10.008,1222,350292
benchmarks/satlib/uuf200-860/UUF200.860.1000/uuf200-065.cnf,UNKNOWN,10.021,1253,358809
benchmarks/satlib/uuf200-860/UUF200.860.1000/uuf200-066.cnf,UNKNOWN,10.020,1212,350344
benchmarks/satlib/uuf200-860/UUF200.860.1000/uuf200-067.cnf,UNKNOWN,10.025,1211,350523
benchmarks/satlib/uuf200-860/UUF200.860.1000/uuf200-068.cnf,UNKNOWN,10.042,1222,350162
benchmarks/satlib/uuf200-860/UUF200.860.1000/uuf200-069.cnf,UNKNOWN,10.021,1222,348995
benchmarks/satlib/uuf200-860/UUF200.860.1000/uuf200-07.cnf,UNKNOWN,10.004,1237,360600
benchmarks/satlib/uuf200-860/UUF200.860.1000/uuf200-070.cnf,UNKNOWN,10.011,1210,349331
benchmarks/satlib/uuf200-860/UUF200.860.1000/uuf200-071.cnf,UNKNOWN,10.036,1227,359449
benchmarks/satlib/uuf200-860/UUF200.860.1000/uuf200-072.cnf,UNKNOWN,10.027,1227,350798
benchmarks/satlib/uuf200-860/UUF200.860.1000/uuf200-073.cnf,UNKNOWN,10.040,1212,349712
benchmarks/satlib/uuf200-860/UUF200.860.1000/uuf200-074.cnf,UNKNOWN,10.011,1222,350199
benchmarks/satlib/uuf200-860/UUF200.860.1000/uuf200-075.cnf,UNKNOWN,10.036,1222,351199
benchmarks/satlib/uuf200-860/UUF200.860.1000/uuf200-076.cnf,UNKNOWN,10.013,1212,349779
benchmarks/satlib/uuf200-860/UUF200.860.1000/uuf200-077.cnf,UNKNOWN,10.025,1212,349739
benchmarks/satlib/uuf200-860/UUF200.860.1000/uuf200-078.cnf,UNKNOWN,10.014,1222,350147
benchmarks/satlib/uuf200-860/UUF200.860.1000/uuf200-079.cnf,UNKNOWN,10.033,1222,349869
benchmarks/satlib/uuf200-860/UUF200.860.1000/uuf200-08.cnf,UNKNOWN,10.037,1222,349688
benchmarks/satlib/uuf200-860/UUF200.860.1000/uuf200-080.cnf,UNKNOWN,10.013,1227,350005
benchmarks/satlib/uuf200-860/UUF200.860.1000/uuf200-081.cnf,UNKNOWN,10.027,1242,360012
benchmarks/satlib/uuf200-860/UUF200.860.1000/uuf200-082.cnf,UNKNOWN,10.048,1212,350157
benchmarks/satlib/uuf200-860/UUF200.860.1000/uuf200-083.cnf,UNKNOWN,10.018,1243,360384
benchmarks/satlib/uuf200-860/UUF200.860.1000/uuf200-084.cnf,UNKNOWN,10.035,1258,359488
benchmarks/satlib/uuf200-860/UUF200.860.1000/uuf200-085.cnf,UNKNOWN,10.030,1212,350979
benchmarks/satlib/uuf200-860/UUF200.860.1000/uuf200-086.cnf,UNKNOWN,10.016,1212,349628
benchmarks/satlib/uuf200-860/UUF200.860.1000/uuf200-087.cnf,UNKNOWN,10.028,1258,360418
benchmarks/satlib/uuf200-860/UUF200.860.1000/uuf200-088.cnf,UNKNOWN,10.011,1210,348844
benchmarks/satlib/uuf200-860/UUF200.860.1000/uuf200-089.cnf,UNKNOWN,10.037,1227,359751
benchmarks/satlib/uuf200-860/UUF200.860.1000/uuf200-09.cnf,UNKNOWN,10.007,1212,350077
benchmarks/satlib/uuf200-860/UUF200.860.1000/uuf200-090.cnf,UNKNOWN,10.030,1237,359642
benchmarks/satlib/uuf200-860/UUF200.860.1000/uuf200-091.cnf,UNKNOWN,10.034,1222,349867
benchmarks/satlib/uuf200-860/UUF200.860.1000/uuf200-092.cnf,UNKNOWN,10.013,1222,349553
benchmarks/satlib/uuf200-860/UUF200.860.1000/uuf200-093.cnf,UNKNOWN,10.045,1222,349441
benchmarks/satlib/uuf200-860/UUF200.860.1000/uuf200-094.cnf,UNKNOWN,10.022,1222,349080
benchmarks/satlib/uuf200-860/UUF200.860.1000/uuf200-095.cnf,UNKNOWN,10.035,1212,350161
benchmarks/satlib/uuf200-860/UUF200.860.1000/uuf200-096.cnf,UNKNOWN,10.024,1253,359815
benchmarks/satlib/uuf200-860/UUF200.860.1000/uuf200-097.cnf,UNKNOWN,10.003,1227,359045
benchmarks/satlib/uuf200-860/UUF200.860.1000/uuf200-098.cnf,UNKNOWN,10.024,1253,360250
benchmarks/satlib/uuf200-860/UUF200.860.1000/uuf200-099.cnf,UNKNOWN,10.031,1243,360314
benchmarks/satlib/uuf225-960/UUF225.960.100/uuf225-01.cnf,UNKNOWN,10.001,1258,360621
benchmarks/satlib/uuf225-960/UUF225.960.100/uuf225-010.cnf,UNKNOWN,10.022,1268,361216
benchmarks/satlib/uuf225-960/UUF225.960.100/uuf225-0100.cnf,UNKNOWN,10.003,1222,351310
benchmarks/satlib/uuf225-960/UUF225.960.100/uuf225-011.cnf,UNKNOWN,10.022,1274,361463
benchmarks/satlib/uuf225-960/UUF225.960.100/uuf225-012.cnf,UNKNOWN,10.024,1242,361170
benchmarks/satlib/uuf225-960/UUF225.960.100/uuf225-013.cnf,UNKNOWN,10.009,1242,361694
benchmarks/satlib/uuf225-960/UUF225.960.100/uuf225-014.cnf,UNKNOWN,10.038,1237,360491
benchmarks/satlib/uuf225-960/UUF225.960.100/uuf225-015.cnf,UNKNOWN,10.018,1237,350999
benchmarks/satlib/uuf225-960/UUF225.960.100/uuf225-016.cnf,UNKNOWN,10.026,1237,360891
benchmarks/satlib/uuf225-960/UUF225.960.100/uuf225-017.cnf,UNKNOWN,10.013,1243,361254
benchmarks/satlib/uuf225-960/UUF225.960.100/uuf225-018.cnf,UNKNOWN,10.037,1258,361328
benchmarks/satlib/uuf225-960/UUF225.960.100/uuf225-019.cnf,UNKNOWN,10.008,1258,361191
benchmarks/satlib/uuf225-960/UUF225.960.100/uuf225-02.cnf,UNKNOWN,10.014,1273,361700
benchmarks/satlib/uuf225-960/UUF225.960.100/uuf225-020.cnf,UNKNOWN,10.055,1212,351413
benchmarks/satlib/uuf225-960/UUF225.960.100/uuf225-021.cnf,UNKNOWN,10.020,1222,350747
benchmarks/satlib/uuf225-960/UUF225.960.100/uuf225-022.cnf,UNKNOWN,10.013,1243,360996
benchmarks/satlib/uuf225-960/UUF225.960.100/uuf225-023.cnf,UNKNOWN,10.004,1274,361862
benchmarks/satlib/uuf225-960/UUF225.960.100/uuf225-024.cnf,UNKNOWN,10.004,1210,351406
benchmarks/satlib/uuf225-960/UUF225.960.100/uuf225-025.cnf,UNKNOWN,10.036,1268,361259
benchmarks/satlib/uuf225-960/UUF225.960.100/uuf225-026.cnf,UNKNOWN,10.025,1274,361731
benchmarks/satlib/uuf225-960/UUF225.960.100/uuf225-027.cnf,UNKNOWN,10.023,1243,361441
benchmarks/satlib/uuf225-960/UUF225.960.100/uuf225-028.cnf,UNKNOWN,10.038,1268,361147
benchmarks/satlib/uuf225-960/UUF225.960.100/uuf225-029.cnf,UNKNOWN,10.005,1274,360626
benchmarks/satlib/uuf225-960/UUF225.960.100/uuf225-03.cnf,UNKNOWN,10.031,1268,361615
benchmarks/satlib/uuf225-960/UUF225.960.100/uuf225-030.cnf,UNKNOWN,10.025,1268,360604
benchmarks/satlib/uuf225-960/UUF225.960.100/uuf225-031.cnf,UNKNOWN,10.002,1258,361306
benchmarks/satlib/uuf225-960/UUF225.960.100/uuf225-032.cnf,UNKNOWN,10.041,1268,361113
benchmarks/satlib/uuf225-960/UUF225.960.100/uuf225-033.cnf,UNKNOWN,10.017,1242,361306
benchmarks/satlib/uuf225-960/UUF225.960.100/uuf225-034.cnf,UNKNOWN,10.026,1237,351814
benchmarks/satlib/uuf225-960/UUF225.960.100/uuf225-035.cnf,UNKNOWN,10.000,1253,361532
benchmarks/satlib/uuf225-960/UUF225.960.100/uuf225-036.cnf,UNKNOWN,10.020,1243,361113
benchmarks/satlib/uuf225-960/UUF225.960.100/uuf225-037.cnf,UNKNOWN,10.020,1268,360893
benchmarks/satlib/uuf225-960/UUF225.960.100/uuf225-038.cnf,UNKNOWN,10.008,1242,361144
benchmarks/satlib/uuf225-960/UUF225.960.100/uuf225-039.cnf,UNKNOWN,10.021,1253,361041
benchmarks/satlib/uuf225-960/UUF225.960.100/uuf225-04.cnf,UNKNOWN,10.032,1253,361084
benchmarks/satlib/uuf225-960/UUF225.960.100/uuf225-040.cnf,UNKNOWN,10.013,1273,360463
benchmarks/satlib/uuf225-960/UUF225.960.100/uuf225-041.cnf,UNKNOWN,10.005,1268,360844
benchmarks/satlib/uuf225-960/UUF225.960.100/uuf225-042.cnf,UNKNOWN,10.036,1237,360623
benchmarks/satlib/uuf225-960/UUF225.960.100/uuf225-043.cnf,UNKNOWN,10.031,1268,361382
benchmarks/satlib/uuf225-960/UUF225.960.100/uuf225-044.cnf,UNKNOWN,10.028,1227,350634
benchmarks/satlib/uuf225-960/UUF225.960.100/uuf225-045.cnf,UNKNOWN,10.020,1268,360801
benchmarks/satlib/uuf225-960/UUF225.960.100/uuf225-046.cnf,UNKNOWN,10.009,1253,361514
benchmarks/satlib/uuf225-960/UUF225.960.100/uuf225-047.cnf,UNKNOWN,10.030,1273,362135
benchmarks/satlib/uuf225-960/UUF225.960.100/uuf225-048.cnf,UNKNOWN,10.046,1237,351144
benchmarks/satlib/uuf225-960/UUF225.960.100/uuf225-049.cnf,UNKNOWN,10.028,1268,360032
benchmarks/satlib/uuf225-960/UUF225.960.100/uuf225-05.cnf,UNKNOWN,10.006,1242,352004
benchmarks/satlib/uuf225-960/UUF225.960.100/uuf225-050.cnf,UNKNOWN,10.006,1253,361017
benchmarks/satlib/uuf225-960/UUF225.960.100/uuf225-051.cnf,UNKNOWN,10.005,1243,360180
benchmarks/satlib/uuf225-960/UUF225.960.100/uuf225-052.cnf,UNKNOWN,10.003,1268,360785
benchmarks/satlib/uuf225-960/UUF225.960.100/uuf225-053.cnf,UNKNOWN,10.005,1237,350884
benchmarks/satlib/uuf225-960/UUF225.960.100/uuf225-054.cnf,UNKNOWN,10.017,1243,361479
benchmarks/satlib/uuf225-960/UUF225.960.100/uuf225-055.cnf,UNKNOWN,10.009,1243,361766
benchmarks/satlib/uuf225-960/UUF225.960.100/uuf225-056.cnf,UNKNOWN,10.025,1274,360389
benchmarks/satlib/uuf225-960/UUF225.960.100/uuf225-057.cnf,UNKNOWN,10.031,1273,362115
benchmarks/satlib/uuf225-960/UUF225.960.100/uuf225-058.cnf,UNKNOWN,10.028,1273,361622
benchmarks/satlib/uuf225-960/UUF225.960.100/uuf225-059.cnf,UNKNOWN,10.011,1237,360990
benchmarks/satlib/uuf225-960/UUF225.960.100/uuf225-06.cnf,UNKNOWN,10.037,1274,360916
benchmarks/satlib/uuf225-960/UUF225.960.100/uuf225-060.cnf,UNKNOWN,10.033,1253,361423
benchmarks/satlib/uuf225-960/UUF225.960.100/uuf225-061.cnf,UNKNOWN,10.015,1258,360733
benchmarks/satlib/uuf225-960/UUF225.960.100/uuf225-062.cnf,UNKNOWN,10.035,1258,361431
benchmarks/satlib/uuf225-960/UUF225.960.100/uuf225-063.cnf,UNKNOWN,10.015,1268,361594
benchmarks/satlib/uuf225-960/UUF225.960.100/uuf225-064.cnf,UNKNOWN,10.036,1237,360634
benchmarks/satlib/uuf225-960/UUF225.960.100/uuf225-065.cnf,UNKNOWN,10.006,1258,361695
benchmarks/satlib/uuf225-960/UUF225.960.100/uuf225-066.cnf,UNKNOWN,10.019,1275,360707
benchmarks/satlib/uuf225-960/UUF225.960.100/uuf225-067.cnf,UNKNOWN,10.027,1268,360933
benchmarks/satlib/uuf225-960/UUF225.960.100/uuf225-068.cnf,UNKNOWN,10.009,1258,361098
benchmarks/satlib/uuf225-960/UUF225.960.100/uuf225-069.cnf,UNKNOWN,10.013,1243,361683
benchmarks/satlib/uuf225-960/UUF225.960.100/uuf225-07.cnf,UNKNOWN,10.012,1268,361760
benchmarks/satlib/uuf225-960/UUF225.960.100/uuf225-070.cnf,UNKNOWN,10.031,1253,361573
benchmarks/satlib/uuf225-960/UUF225.960.100/uuf225-071.cnf,UNKNOWN,10.038,1273,361156
benchmarks/satlib/uuf225-960/UUF225.960.100/uuf225-072.cnf,UNKNOWN,10.013,1253,360474
benchmarks/satlib/uuf225-960/UUF225.960.100/uuf225-073.cnf,UNKNOWN,10.031,1180,351002
benchmarks/satlib/uuf225-960/UUF225.960.100/uuf225-074.cnf,UNKNOWN,10.016,1268,361634
benchmarks/satlib/uuf225-960/UUF225.960.100/uuf225-075.cnf,UNKNOWN,10.006,1242,361127
benchmarks/satlib/uuf225-960/UUF225.960.100/uuf225-076.cnf,UNKNOWN,10.003,1253,360898
benchmarks/satlib/uuf225-960/UUF225.960.100/uuf225-077.cnf,UNKNOWN,10.025,1227,350659
benchmarks/satlib/uuf225-960/UUF225.960.100/uuf225-078.cnf,UNKNOWN,10.034,1237,351437
benchmarks/satlib/uuf225-960/UUF225.960.100/uuf225-079.cnf,UNKNOWN,10.002,1258,360625
benchmarks/satlib/uuf225-960/UUF225.960.100/uuf225-08.cnf,UNKNOWN,10.027,1243,361394
benchmarks/satlib/uuf225-960/UUF225.960.100/uuf225-080.cnf,UNKNOWN,10.017,1243,361604
benchmarks/satlib/uuf225-960/UUF225.960.100/uuf225-081.cnf,UNKNOWN,10.011,1227,350655
benchmarks/satlib/uuf225-960/UUF225.960.100/uuf225-082.cnf,UNKNOWN,10.014,1243,360969
benchmarks/satlib/uuf225-960/UUF225.960.100/uuf225-083.cnf,UNKNOWN,10.040,1237,351490
benchmarks/satlib/uuf225-960/UUF225.960.100/uuf225-084.cnf,UNKNOWN,10.018,1253,360152
benchmarks/satlib/uuf225-960/UUF225.960.100/uuf225-085.cnf,UNKNOWN,10.013,1253,361611
benchmarks/satlib/uuf225-960/UUF225.960.100/uuf225-086.cnf,UNKNOWN,10.022,1222,351435
benchmarks/satlib/uuf225-960/UUF225.960.100/uuf225-087.cnf,UNKNOWN,10.033,1227,350820
benchmarks/satlib/uuf225-960/UUF225.960.100/uuf225-088.cnf,UNKNOWN,10.031,1275,361032
benchmarks/satlib/uuf225-960/UUF225.960.100/uuf225-089.cnf,UNKNOWN,10.013,1242,361599
benchmarks/satlib/uuf225-960/UUF225.960.100/uuf225-09.cnf,UNKNOWN,10.001,1237,351021
benchmarks/satlib/uuf225-960/UUF225.960.100/uuf225-090.cnf,UNKNOWN,10.010,1242,360528
benchmarks/satlib/uuf225-960/UUF225.960.100/uuf225-091.cnf,UNKNOWN,10.011,1243,361081
benchmarks/satlib/uuf225-960/UUF225.960.100/uuf225-092.cnf,UNKNOWN,10.035,1242,361606
benchmarks/satlib/uuf225-960/UUF225.960.100/uuf225-093.cnf,UNKNOWN,10.002,1258,361829
benchmarks/satlib/uuf225-960/UUF225.960.100/uuf225-094.cnf,UNKNOWN,10.021,1237,351819
benchmarks/satlib/uuf225-960/UUF225.960.100/uuf225-095.cnf,UNKNOWN,10.004,1253,361280
benchmarks/satlib/uuf225-960/UUF225.960.100/uuf225-096.cnf,UNKNOWN,10.045,1227,351606
benchmarks/satlib/uuf225-960/UUF225.960.100/uuf225-097.cnf,UNKNOWN,10.026,1237,360911
benchmarks/satlib/uuf225-960/UUF225.960.100/uuf225-098.cnf,UNKNOWN,10.006,1268,361531
benchmarks/satlib/uuf225-960/UUF225.960.100/uuf225-099.cnf,UNKNOWN,10.041,1227,350474
benchmarks/satlib/uuf250-1065/UUF250.1065.100/uuf250-01.cnf,UNKNOWN,10.028,1253,362374
benchmarks/satlib/uuf250-1065/UUF250.1065.100/uuf250-010.cnf,UNKNOWN,10.028,1273,361946
benchmarks/satlib/uuf250-1065/UUF250.1065.100/uuf250-0100.cnf,UNKNOWN,10.032,1276,361878
benchmarks/satlib/uuf250-1065/UUF250.1065.100/uuf250-011.cnf,UNKNOWN,10.011,1275,362170
benchmarks/satlib/uuf250-1065/UUF250.1065.100/uuf250-012.cnf,UNKNOWN,10.022,1243,362289
benchmarks/satlib/uuf250-1065/UUF250.1065.100/uuf250-013.cnf,UNKNOWN,10.030,1275,362224
benchmarks/satlib/uuf250-1065/UUF250.1065.100/uuf250-014.cnf,UNKNOWN,10.015,1243,362095
benchmarks/satlib/uuf250-1065/UUF250.1065.100/uuf250-015.cnf,UNKNOWN,10.023,1242,351976
benchmarks/satlib/uuf250-1065/UUF250.1065.100/uuf250-016.cnf,UNKNOWN,10.026,1275,361855
benchmarks/satlib/uuf250-1065/UUF250.1065.100/uuf250-017.cnf,UNKNOWN,10.027,1273,362135
benchmarks/satlib/uuf250-1065/UUF250.1065.100/uuf250-018.cnf,UNKNOWN,10.000,1275,361604
benchmarks/satlib/uuf250-1065/UUF250.1065.100/uuf250-019.cnf,UNKNOWN,10.030,1273,362332
benchmarks/satlib/uuf250-1065/UUF250.1065.100/uuf250-02.cnf,UNKNOWN,10.017,1274,361955
benchmarks/satlib/uuf250-1065/UUF250.1065.100/uuf250-020.cnf,UNKNOWN,10.007,1258,362175
benchmarks/satlib/uuf250-1065/UUF250.1065.100/uuf250-021.cnf,UNKNOWN,10.008,1253,362380
benchmarks/satlib/uuf250-1065/UUF250.1065.100/uuf250-022.cnf,UNKNOWN,10.041,1275,362403
benchmarks/satlib/uuf250-1065/UUF250.1065.100/uuf250-023.cnf,UNKNOWN,10.022,1274,361312
benchmarks/satlib/uuf250-1065/UUF250.1065.100/uuf250-024.cnf,UNKNOWN,10.020,1276,361188
benchmarks/satlib/uuf250-1065/UUF250.1065.100/uuf250-025.cnf,UNKNOWN,10.008,1274,361866
benchmarks/satlib/uuf250-1065/UUF250.1065.100/uuf250-026.cnf,UNKNOWN,10.002,1210,351251
benchmarks/satlib/uuf250-1065/UUF250.1065.100/uuf250-027.cnf,UNKNOWN,10.046,1242,352201
benchmarks/satlib/uuf250-1065/UUF250.1065.100/uuf250-028.cnf,UNKNOWN,10.032,1237,351539
benchmarks/satlib/uuf250-1065/UUF250.1065.100/uuf250-029.cnf,UNKNOWN,10.040,1222,351802
benchmarks/satlib/uuf250-1065/UUF250.1065.100/uuf250-03.cnf,UNKNOWN,10.032,1237,351282
benchmarks/satlib/uuf250-1065/UUF250.1065.100/uuf250-030.cnf,UNKNOWN,10.012,1276,362031
benchmarks/satlib/uuf250-1065/UUF250.1065.100/uuf250-031.cnf,UNKNOWN,10.028,1268,362556
benchmarks/satlib/uuf250-1065/UUF250.1065.100/uuf250-032.cnf,UNKNOWN,10.027,1274,362595
benchmarks/satlib/uuf250-1065/UUF250.1065.100/uuf250-033.cnf,UNKNOWN,10.001,1253,361908
benchmarks/satlib/uuf250-1065/UUF250.1065.100/uuf250-034.cnf,UNKNOWN,10.020,1253,362967
benchmarks/satlib/uuf250-1065/UUF250.1065.100/uuf250-035.cnf,UNKNOWN,10.023,1253,362230
benchmarks/satlib/uuf250-1065/UUF250.1065.100/uuf250-036.cnf,UNKNOWN,10.003,1273,361982
benchmarks/satlib/uuf250-1065/UUF250.1065.100/uuf250-037.cnf,UNKNOWN,10.020,1273,361465
benchmarks/satlib/uuf250-1065/UUF250.1065.100/uuf250-038.cnf,UNKNOWN,10.014,1273,361396
benchmarks/satlib/uuf250-1065/UUF250.1065.100/uuf250-039.cnf,UNKNOWN,10.011,1268,361667
benchmarks/satlib/uuf250-1065/UUF250.1065.100/uuf250-04.cnf,UNKNOWN,10.004,1276,372097
benchmarks/satlib/uuf250-1065/UUF250.1065.100/uuf250-040.cnf,UNKNOWN,10.045,1275,361048
benchmarks/satlib/uuf250-1065/UUF250.1065.100/uuf250-041.cnf,UNKNOWN,10.028,1242,352180
benchmarks/satlib/uuf250-1065/UUF250.1065.100/uuf250-042.cnf,UNKNOWN,10.023,1275,362443
benchmarks/satlib/uuf250-1065/UUF250.1065.100/uuf250-043.cnf,UNKNOWN,10.030,1273,362536
benchmarks/satlib/uuf250-1065/UUF250.1065.100/uuf250-044.cnf,UNKNOWN,10.029,1273,362082
benchmarks/satlib/uuf250-1065/UUF250.1065.100/uuf250-045.cnf,UNKNOWN,10.036,1227,351186
benchmarks/satlib/uuf250-1065/UUF250.1065.100/uuf250-046.cnf,UNKNOWN,10.024,1268,362073
benchmarks/satlib/uuf250-1065/UUF250.1065.100/uuf250-047.cnf,UNKNOWN,10.008,1253,361492
benchmarks/satlib/uuf250-1065/UUF250.1065.100/uuf250-048.cnf,UNKNOWN,10.002,1273,361760
benchmarks/satlib/uuf250-1065/UUF250.1065.100/uuf250-049.cnf,UNKNOWN,10.035,1258,361988
benchmarks/satlib/uuf250-1065/UUF250.1065.100/uuf250-05.cnf,UNKNOWN,10.001,1275,362124
benchmarks/satlib/uuf250-1065/UUF250.1065.100/uuf250-050.cnf,UNKNOWN,10.005,1275,362394
benchmarks/satlib/uuf250-1065/UUF250.1065.100/uuf250-051.cnf,UNKNOWN,10.022,1274,362361
benchmarks/satlib/uuf250-1065/UUF250.1065.100/uuf250-052.cnf,UNKNOWN,10.034,1275,361803
benchmarks/satlib/uuf250-1065/UUF250.1065.100/uuf250-053.cnf,UNKNOWN,10.029,1275,362336
benchmarks/satlib/uuf250-1065/UUF250.1065.100/uuf250-054.cnf,UNKNOWN,10.002,1242,362008
benchmarks/satlib/uuf250-1065/UUF250.1065.100/uuf250-055.cnf,UNKNOWN,10.018,1273,361395
benchmarks/satlib/uuf250-1065/UUF250.1065.100/uuf250-056.cnf,UNKNOWN,10.019,1258,361900
benchmarks/satlib/uuf250-1065/UUF250.1065.100/uuf250-057.cnf,UNKNOWN,10.024,1274,361920
benchmarks/satlib/uuf250-1065/UUF250.1065.100/uuf250-058.cnf,UNKNOWN,10.016,1243,362129
benchmarks/satlib/uuf250-1065/UUF250.1065.100/uuf250-059.cnf,UNKNOWN,10.028,1253,361615
benchmarks/satlib/uuf250-1065/UUF250.1065.100/uuf250-06.cnf,UNKNOWN,10.018,1258,362484
benchmarks/satlib/uuf250-1065/UUF250.1065.100/uuf250-060.cnf,UNKNOWN,10.016,1268,362212
benchmarks/satlib/uuf250-1065/UUF250.1065.100/uuf250-061.cnf,UNKNOWN,10.011,1253,362114
benchmarks/satlib/uuf250-1065/UUF250.1065.100/uuf250-062.cnf,UNKNOWN,10.012,1276,371728
benchmarks/satlib/uuf250-1065/UUF250.1065.100/uuf250-063.cnf,UNKNOWN,10.020,1273,361942
benchmarks/satlib/uuf250-1065/UUF250.1065.100/uuf250-064.cnf,UNKNOWN,10.027,1275,362319
benchmarks/satlib/uuf250-1065/UUF250.1065.100/uuf250-065.cnf,UNKNOWN,10.029,1273,361737
benchmarks/satlib/uuf250-1065/UUF250.1065.100/uuf250-066.cnf,UNKNOWN,10.025,1243,362719
benchmarks/satlib/uuf250-1065/UUF250.1065.100/uuf250-067.cnf,UNKNOWN,10.012,1258,362737
benchmarks/satlib/uuf250-1065/UUF250.1065.100/uuf250-068.cnf,UNKNOWN,10.002,1275,361239
benchmarks/satlib/uuf250-1065/UUF250.1065.100/uuf250-069.cnf,UNKNOWN,10.009,1274,361551
benchmarks/satlib/uuf250-1065/UUF250.1065.100/uuf250-07.cnf,UNKNOWN,10.036,1273,362148
benchmarks/satlib/uuf250-1065/UUF250.1065.100/uuf250-070.cnf,UNKNOWN,10.003,1258,362516
benchmarks/satlib/uuf250-1065/UUF250.1065.100/uuf250-071.cnf,UNKNOWN,10.035,1274,362038
benchmarks/satlib/uuf250-1065/UUF250.1065.100/uuf250-072.cnf,UNKNOWN,10.020,1253,362654
benchmarks/satlib/uuf250-1065/UUF250.1065.100/uuf250-073.cnf,UNKNOWN,10.010,1275,362329
benchmarks/satlib/uuf250-1065/UUF250.1065.100/uuf250-074.cnf,UNKNOWN,10.046,1276,362185
benchmarks/satlib/uuf250-1065/UUF250.1065.100/uuf250-075.cnf,UNKNOWN,10.047,1237,351769
benchmarks/satlib/uuf250-1065/UUF250.1065.100/uuf250-076.cnf,UNKNOWN,10.007,1273,361504
benchmarks/satlib/uuf250-1065/UUF250.1065.100/uuf250-077.cnf,UNKNOWN,10.026,1210,352205
benchmarks/satlib/uuf250-1065/UUF250.1065.100/uuf250-078.cnf,UNKNOWN,10.021,1253,361590
benchmarks/satlib/uuf250-1065/UUF250.1065.100/uuf250-079.cnf,UNKNOWN,10.027,1274,361404
benchmarks/satlib/uuf250-1065/UUF250.1065.100/uuf250-08.cnf,UNKNOWN,10.028,1275,361874
benchmarks/satlib/uuf250-1065/UUF250.1065.100/uuf250-080.cnf,UNKNOWN,10.007,1237,351686
benchmarks/satlib/uuf250-1065/UUF250.1065.100/uuf250-081.cnf,UNKNOWN,10.030,1275,362547
benchmarks/satlib/uuf250-1065/UUF250.1065.100/uuf250-082.cnf,UNKNOWN,10.004,1273,362106
benchmarks/satlib/uuf250-1065/UUF250.1065.100/uuf250-083.cnf,UNKNOWN,10.003,1242,362064
benchmarks/satlib/uuf250-1065/UUF250.1065.100/uuf250-084.cnf,UNKNOWN,10.038,1275,361625
benchmarks/satlib/uuf250-1065/UUF250.1065.100/uuf250-085.cnf,UNKNOWN,10.007,1276,372231
benchmarks/satlib/uuf250-1065/UUF250.1065.100/uuf250-086.cnf,UNKNOWN,10.024,1274,362103
benchmarks/satlib/uuf250-1065/UUF250.1065.100/uuf250-087.cnf,UNKNOWN,10.015,1268,362208
benchmarks/satlib/uuf250-1065/UUF250.1065.100/uuf250-088.cnf,UNKNOWN,10.004,1274,361595
benchmarks/satlib/uuf250-1065/UUF250.1065.100/uuf250-089.cnf,UNKNOWN,10.033,1273,362633
benchmarks/satlib/uuf250-1065/UUF250.1065.100/uuf250-09.cnf,UNKNOWN,10.018,1253,362515
benchmarks/satlib/uuf250-1065/UUF250.1065.100/uuf250-090.cnf,UNKNOWN,10.027,1274,361278
benchmarks/satlib/uuf250-1065/UUF250.1065.100/uuf250-091.cnf,UNKNOWN,10.010,1275,361868
benchmarks/satlib/uuf250-1065/UUF250.1065.100/uuf250-092.cnf,UNKNOWN,10.029,1242,352045
benchmarks/satlib/uuf250-1065/UUF250.1065.100/uuf250-093.cnf,UNKNOWN,10.006,1258,362401
benchmarks/satlib/uuf250-1065/UUF250.1065.100/uuf250-094.cnf,UNKNOWN,10.030,1275,362129
benchmarks/satlib/uuf250-1065/UUF250.1065.100/uuf250-095.cnf,UNKNOWN,10.033,1275,361087
benchmarks/satlib/uuf250-1065/UUF250.1065.100/uuf250-096.cnf,UNKNOWN,10.034,1268,362340
benchmarks/satlib/uuf250-1065/UUF250.1065.100/uuf250-097.cnf,UNKNOWN,10.034,1275,362067
benchmarks/satlib/uuf250-1065/UUF250.1065.100/uuf250-098.cnf,UNKNOWN,10.002,1258,361631
benchmarks/satlib/uuf250-1065/UUF250.1065.100/uuf250-099.cnf,UNKNOWN,10.001,1276,361163
benchmarks/satlib/uuf50-218/UUF50.218.1000/uuf50-01.cnf,UNSAT,0.000,1,0
benchmarks/satlib/uuf50-218/UUF50.218.1000/uuf50-010.cnf,UNSAT,0.000,0,0
benchmarks/satlib/uuf50-218/UUF50.218.1000/uuf50-0100.cnf,UNSAT,0.000,0,0
benchmarks/satlib/uuf50-218/UUF50.218.1000/uuf50-01000.cnf,UNSAT,0.000,1,0
benchmarks/satlib/uuf50-218/UUF50.218.1000/uuf50-0101.cnf,UNSAT,0.000,1,0
benchmarks/satlib/uuf50-218/UUF50.218.1000/uuf50-0102.cnf,UNSAT,0.000,1,0
benchmarks/satlib/uuf50-218/UUF50.218.1000/uuf50-0103.cnf,UNSAT,0.000,1,0
benchmarks/satlib/uuf50-218/UUF50.218.1000/uuf50-0104.cnf,UNSAT,0.000,2,0
benchmarks/satlib/uuf50-218/UUF50.218.1000/uuf50-0105.cnf,UNSAT,0.000,1,0
benchmarks/satlib/uuf50-218/UUF50.218.1000/uuf50-0106.cnf,UNSAT,0.000,1,0
benchmarks/satlib/uuf50-218/UUF50.218.1000/uuf50-0107.cnf,UNSAT,0.000,1,0
benchmarks/satlib/uuf50-218/UUF50.218.1000/uuf50-0108.cnf,UNSAT,0.000,1,0
benchmarks/satlib/uuf50-218/UUF50.218.1000/uuf50-0109.cnf,UNSAT,0.000,1,0
benchmarks/satlib/uuf50-218/UUF50.218.1000/uuf50-011.cnf,UNSAT,0.000,1,0
benchmarks/satlib/uuf50-218/UUF50.218.1000/uuf50-0110.cnf,UNSAT,0.000,1,0
benchmarks/satlib/uuf50-218/UUF50.218.1000/uuf50-0111.cnf,UNSAT,0.000,1,0
benchmarks/satlib/uuf50-218/UUF50.218.1000/uuf50-0112.cnf,UNSAT,0.000,1,0
benchmarks/satlib/uuf50-218/UUF50.218.1000/uuf50-0113.cnf,UNSAT,0.000,0,0
benchmarks/satlib/uuf50-218/UUF50.218.1000/uuf50-0114.cnf,UNSAT,0.000,2,0
benchmarks/satlib/uuf50-218/UUF50.218.1000/uuf50-0115.cnf,UNSAT,0.000,2,0
benchmarks/satlib/uuf50-218/UUF50.218.1000/uuf50-0116.cnf,UNSAT,0.000,1,0
benchmarks/satlib/uuf50-218/UUF50.218.1000/uuf50-0117.cnf,UNSAT,0.000,1,0
benchmarks/satlib/uuf50-218/UUF50.218.1000/uuf50-0118.cnf,UNSAT,0.000,2,0
benchmarks/satlib/uuf50-218/UUF50.218.1000/uuf50-0119.cnf,UNSAT,0.000,2,0
benchmarks/satlib/uuf50-218/UUF50.218.1000/uuf50-012.cnf,UNSAT,0.000,1,0
benchmarks/satlib/uuf50-218/UUF50.218.1000/uuf50-0120.cnf,UNSAT,0.000,2,0
benchmarks/satlib/uuf50-218/UUF50.218.1000/uuf50-0121.cnf,UNSAT,0.000,0,0
benchmarks/satlib/uuf50-218/UUF50.218.1000/uuf50-0122.cnf,UNSAT,0.000,1,0
benchmarks/satlib/uuf50-218/UUF50.218.1000/uuf50-0123.cnf,UNSAT,0.000,0,0
benchmarks/satlib/uuf50-218/UUF50.218.1000/uuf50-0124.cnf,UNSAT,0.000,1,0
benchmarks/satlib/uuf50-218/UUF50.218.1000/uuf50-0125.cnf,UNSAT,0.000,1,0
benchmarks/satlib/uuf50-218/UUF50.218.1000/uuf50-0126.cnf,UNSAT,0.000,1,0
benchmarks/satlib/uuf50-218/UUF50.218.1000/uuf50-0127.cnf,UNSAT,0.000,2,0
benchmarks/satlib/uuf50-218/UUF50.218.1000/uuf50-0128.cnf,UNSAT,0.000,1,0
benchmarks/satlib/uuf50-218/UUF50.218.1000/uuf50-0129.cnf,UNSAT,0.000,0,0
benchmarks/satlib/uuf50-218/UUF50.218.1000/uuf50-013.cnf,UNSAT,0.000,1,0
benchmarks/satlib/uuf50-218/UUF50.218.1000/uuf50-0130.cnf,UNSAT,0.000,1,0
benchmarks/satlib/uuf50-218/UUF50.218.1000/uuf50-0131.cnf,UNSAT,0.000,1,0
benchmarks/satlib/uuf50-218/UUF50.218.1000/uuf50-0132.cnf,UNSAT,0.000,1,0
benchmarks/satlib/uuf50-218/UUF50.218.1000/uuf50-0133.cnf,UNSAT,0.000,1,0
benchmarks/satlib/uuf50-218/UUF50.218.1000/uuf50-0134.cnf,UNSAT,0.000,1,0
benchmarks/satlib/uuf50-218/UUF50.218.1000/uuf50-0135.cnf,UNSAT,0.000,1,0
benchmarks/satlib/uuf50-218/UUF50.218.1000/uuf50-0136.cnf,UNSAT,0.000,1,0
benchmarks/satlib/uuf50-218/UUF50.218.1000/uuf50-0137.cnf,UNSAT,0.000,1,0
benchmarks/satlib/uuf50-218/UUF50.218.1000/uuf50-0138.cnf,UNSAT,0.000,1,0
benchmarks/satlib/uuf50-218/UUF50.218.1000/uuf50-0139.cnf,UNSAT,0.000,1,0
benchmarks/satlib/uuf50-218/UUF50.218.1000/uuf50-014.cnf,UNSAT,0.000,1,0
benchmarks/satlib/uuf50-218/UUF50.218.1000/uuf50-0140.cnf,UNSAT,0.000,1,0
benchmarks/satlib/uuf50-218/UUF50.218.1000/uuf50-0141.cnf,UNSAT,0.000,1,0
benchmarks/satlib/uuf50-218/UUF50.218.1000/uuf50-0142.cnf,UNSAT,0.000,1,0
benchmarks/satlib/uuf50-218/UUF50.218.1000/uuf50-0143.cnf,UNSAT,0.000,2,0
benchmarks/satlib/uuf50-218/UUF50.218.1000/uuf50-0144.cnf,UNSAT,0.000,1,0
benchmarks/satlib/uuf50-218/UUF50.218.1000/uuf50-0145.cnf,UNSAT,0.000,1,0
benchmarks/satlib/uuf50-218/UUF50.218.1000/uuf50-0146.cnf,UNSAT,0.000,0,0
benchmarks/satlib/uuf50-218/UUF50.218.1000/uuf50-0147.cnf,UNSAT,0.000,1,0
benchmarks/satlib/uuf50-218/UUF50.218.1000/uuf50-0148.cnf,UNSAT,0.000,2,0
benchmarks/satlib/uuf50-218/UUF50.218.1000/uuf50-0149.cnf,UNSAT,0.000,2,0
benchmarks/satlib/uuf50-218/UUF50.218.1000/uuf50-015.cnf,UNSAT,0.000,0,0
benchmarks/satlib/uuf50-218/UUF50.218.1000/uuf50-0150.cnf,UNSAT,0.000,2,0
benchmarks/satlib/uuf50-218/UUF50.218.1000/uuf50-0151.cnf,UNSAT,0.000,0,0
benchmarks/satlib/uuf50-218/UUF50.218.1000/uuf50-0152.cnf,UNSAT,0.000,1,0
benchmarks/satlib/uuf50-218/UUF50.218.1000/uuf50-0153.cnf,UNSAT,0.000,2,0
benchmarks/satlib/uuf50-218/UUF50.218.1000/uuf50-0154.cnf,UNSAT,0.000,1,0
benchmarks/satlib/uuf50-218/UUF50.218.1000/uuf50-0155.cnf,UNSAT,0.000,1,0
benchmarks/satlib/uuf50-218/UUF50.218.1000/uuf50-0156.cnf,UNSAT,0.000,0,0
benchmarks/satlib/uuf50-218/UUF50.218.1000/uuf50-0157.cnf,UNSAT,0.000,1,0
benchmarks/satlib/uuf50-218/UUF50.218.1000/uuf50-0158.cnf,UNSAT,0.000,0,0
benchmarks/satlib/uuf50-218/UUF50.218.1000/uuf50-0159.cnf,UNSAT,0.000,1,0
benchmarks/satlib/uuf50-218/UUF50.218.1000/uuf50-016.cnf,UNSAT,0.000,0,0
benchmarks/satlib/uuf50-218/UUF50.218.1000/uuf50-0160.cnf,UNSAT,0.000,1,0
benchmarks/satlib/uuf50-218/UUF50.218.1000/uuf50-0161.cnf,UNSAT,0.000,0,0
benchmarks/satlib/uuf50-218/UUF50.218.1000/uuf50-0162.cnf,UNSAT,0.000,1,0
benchmarks/satlib/uuf50-218/UUF50.218.1000/uuf50-0163.cnf,UNSAT,0.000,1,0
benchmarks/satlib/uuf50-218/UUF50.218.1000/uuf50-0164.cnf,UNSAT,0.000,1,0
benchmarks/satlib/uuf50-218/UUF50.218.1000/uuf50-0165.cnf,UNSAT,0.000,1,0
benchmarks/satlib/uuf50-218/UUF50.218.1000/uuf50-0166.cnf,UNSAT,0.000,1,0
benchmarks/satlib/uuf50-218/UUF50.218.1000/uuf50-0167.cnf,UNSAT,0.000,1,0
benchmarks/satlib/uuf50-218/UUF50.218.1000/uuf50-0168.cnf,UNSAT,0.000,0,0
benchmarks/satlib/uuf50-218/UUF50.218.1000/uuf50-0169.cnf,UNSAT,0.000,0,0
benchmarks/satlib/uuf50-218/UUF50.218.1000/uuf50-017.cnf,UNSAT,0.000,1,0
benchmarks/satlib/uuf50-218/UUF50.218.1000/uuf50-0170.cnf,UNSAT,0.000,0,0
benchmarks/satlib/uuf50-218/UUF50.218.1000/uuf50-0171.cnf,UNSAT,0.000,1,0
benchmarks/satlib/uuf50-218/UUF50.218.1000/uuf50-0172.cnf,UNSAT,0.000,1,0
benchmarks/satlib/uuf50-218/UUF50.218.1000/uuf50-0173.cnf,UNSAT,0.000,1,0
benchmarks/satlib/uuf50-218/UUF50.218.1000/uuf50-0174.cnf,UNSAT,0.000,1,0
benchmarks/satlib/uuf50-218/UUF50.218.1000/uuf50-0175.cnf,UNSAT,0.000,1,0
benchmarks/satlib/uuf50-218/UUF50.218.1000/uuf50-0176.cnf,UNSAT,0.000,1,0
benchmarks/satlib/uuf50-218/UUF50.218.1000/uuf50-0177.cnf,UNSAT,0.000,1,0
benchmarks/satlib/uuf50-218/UUF50.218.1000/uuf50-0178.cnf,UNSAT,0.001,2,0
benchmarks/satlib/uuf50-218/UUF50.218.1000/uuf50-0179.cnf,UNSAT,0.000,1,0
benchmarks/satlib/uuf50-218/UUF50.218.1000/uuf50-018.cnf,UNSAT,0.000,0,0
benchmarks/satlib/uuf50-218/UUF50.218.1000/uuf50-0180.cnf,UNSAT,0.000,1,0
benchmarks/satlib/uuf50-218/UUF50.218.1000/uuf50-0181.cnf,UNSAT,0.000,1,0
benchmarks/satlib/uuf50-218/UUF50.218.1000/uuf50-0182.cnf,UNSAT,0.000,1,0
benchmarks/satlib/uuf50-218/UUF50.218.1000/uuf50-0183.cnf,UNSAT,0.000,2,0
benchmarks/satlib/uuf50-218/UUF50.218.1000/uuf50-0184.cnf,UNSAT,0.000,2,0
benchmarks/satlib/uuf50-218/UUF50.218.1000/uuf50-0185.cnf,UNSAT,0.000,1,0
benchmarks/satlib/uuf50-218/UUF50.218.1000/uuf50-0186.cnf,UNSAT,0.000,1,0
benchmarks/satlib/uuf50-218/UUF50.218.1000/uuf50-0187.cnf,UNSAT,0.000,2,0
benchmarks/satlib/uuf50-218/UUF50.218.1000/uuf50-0188.cnf,UNSAT,0.000,1,0
benchmarks/satlib/uuf50-218/UUF50.218.1000/uuf50-0189.cnf,UNSAT,0.000,2,0
benchmarks/satlib/uuf50-218/UUF50.218.1000/uuf50-019.cnf,UNSAT,0.000,1,0
benchmarks/satlib/uuf50-218/UUF50.218.1000/uuf50-0190.cnf,UNSAT,0.000,1,0
benchmarks/satlib/uuf50-218/UUF50.218.1000/uuf50-0191.cnf,UNSAT,0.000,2,0
benchmarks/satlib/uuf50-218/UUF50.218.1000/uuf50-0192.cnf,UNSAT,0.000,0,0
benchmarks/satlib/uuf50-218/UUF50.218.1000/uuf50-0193.cnf,UNSAT,0.000,1,0
benchmarks/satlib/uuf50-218/UUF50.218.1000/uuf50-0194.cnf,UNSAT,0.000,1,0
benchmarks/satlib/uuf50-218/UUF50.218.1000/uuf50-0195.cnf,UNSAT,0.000,1,0
benchmarks/satlib/uuf50-218/UUF50.218.1000/uuf50-0196.cnf,UNSAT,0.000,0,0
benchmarks/satlib/uuf50-218/UUF50.218.1000/uuf50-0197.cnf,UNSAT,0.000,0,0
benchmarks/satlib/uuf50-218/UUF50.218.1000/uuf50-0198.cnf,UNSAT,0.000,1,0
benchmarks/satlib/uuf50-218/UUF50.218.1000/uuf50-0199.cnf,UNSAT,0.000,2,0
benchmarks/satlib/uuf50-218/UUF50.218.1000/uuf50-02.cnf,UNSAT,0.000,1,0
benchmarks/satlib/uuf50-218/UUF50.218.1000/uuf50-020.cnf,UNSAT,0.000,1,0
benchmarks/satlib/uuf50-218/UUF50.218.1000/uuf50-0200.cnf,UNSAT,0.000,1,0
benchmarks/satlib/uuf50-218/UUF50.218.1000/uuf50-0201.cnf,UNSAT,0.000,1,0
benchmarks/satlib/uuf50-218/UUF50.218.1000/uuf50-0202.cnf,UNSAT,0.000,1,0
benchmarks/satlib/uuf50-218/UUF50.218.1000/uuf50-0203.cnf,UNSAT,0.000,1,0
benchmarks/satlib/uuf50-218/UUF50.218.1000/uuf50-0204.cnf,UNSAT,0.000,1,0
benchmarks/satlib/uuf50-218/UUF50.218.1000/uuf50-0205.cnf,UNSAT,0.000,1,0
benchmarks/satlib/uuf50-218/UUF50.218.1000/uuf50-0206.cnf,UNSAT,0.000,2,0
benchmarks/satlib/uuf50-218/UUF50.218.1000/uuf50-0207.cnf,UNSAT,0.000,2,0
benchmarks/satlib/uuf50-218/UUF50.218.1000/uuf50-0208.cnf,UNSAT,0.000,1,0
benchmarks/satlib/uuf50-218/UUF50.218.1000/uuf50-0209.cnf,UNSAT,0.000,1,0
benchmarks/satlib/uuf50-218/UUF50.218.1000/uuf50-021.cnf,UNSAT,0.000,2,0
benchmarks/satlib/uuf50-218/UUF50.218.1000/uuf50-0210.cnf,UNSAT,0.000,1,0
benchmarks/satlib/uuf50-218/UUF50.218.1000/uuf50-0211.cnf,UNSAT,0.000,0,0
benchmarks/satlib/uuf50-218/UUF50.218.1000/uuf50-0212.cnf,UNSAT,0.000,1,0
benchmarks/satlib/uuf50-218/UUF50.218.1000/uuf50-0213.cnf,UNSAT,0.000,1,0
benchmarks/satlib/uuf50-218/UUF50.218.1000/uuf50-0214.cnf,UNSAT,0.000,2,0
benchmarks/satlib/uuf50-218/UUF50.218.1000/uuf50-0215.cnf,UNSAT,0.000,1,0
benchmarks/satlib/uuf50-218/UUF50.218.1000/uuf50-0216.cnf,UNSAT,0.000,1,0
benchmarks/satlib/uuf50-218/UUF50.218.1000/uuf50-0217.cnf,UNSAT,0.001,2,0
benchmarks/satlib/uuf50-218/UUF50.218.1000/uuf50-0218.cnf,UNSAT,0.000,1,0
benchmarks/satlib/uuf50-218/UUF50.218.1000/uuf50-0219.cnf,UNSAT,0.000,2,0
benchmarks/satlib/uuf50-218/UUF50.218.1000/uuf50-022.cnf,UNSAT,0.000,1,0
benchmarks/satlib/uuf50-218/UUF50.218.1000/uuf50-0220.cnf,UNSAT,0.000,1,0
benchmarks/satlib/uuf50-218/UUF50.218.1000/uuf50-0221.cnf,UNSAT,0.000,0,0
benchmarks/satlib/uuf50-218/UUF50.218.1000/uuf50-0222.cnf,UNSAT,0.000,1,0
benchmarks/satlib/uuf50-218/UUF50.218.1000/uuf50-0223.cnf,UNSAT,0.000,2,0
benchmarks/satlib/uuf50-218/UUF50.218.1000/uuf50-0224.cnf,UNSAT,0.000,2,0
benchmarks/satlib/uuf50-218/UUF50.218.1000/uuf50-0225.cnf,UNSAT,0.000,1,0
benchmarks/satlib/uuf50-218/UUF50.218.1000/uuf50-0226.cnf,UNSAT,0.000,2,0
benchmarks/satlib/uuf50-218/UUF50.218.1000/uuf50-0227.cnf,UNSAT,0.000,1,0
benchmarks/satlib/uuf50-218/UUF50.218.1000/uuf50-0228.cnf,UNSAT,0.000,1,0
benchmarks/satlib/uuf50-218/UUF50.218.1000/uuf50-0229.cnf,UNSAT,0.000,2,0
benchmarks/satlib/uuf50-218/UUF50.218.1000/uuf50-023.cnf,UNSAT,0.000,1,0
benchmarks/satlib/uuf50-218/UUF50.218.1000/uuf50-0230.cnf,UNSAT,0.000,1,0
benchmarks/satlib/uuf50-218/UUF50.218.1000/uuf50-0231.cnf,UNSAT,0.000,1,0
benchmarks/satlib/uuf50-218/UUF50.218.1000/uuf50-0232.cnf,UNSAT,0.000,1,0
benchmarks/satlib/uuf50-218/UUF50.218.1000/uuf50-0233.cnf,UNSAT,0.000,1,0
benchmarks/satlib/uuf50-218/UUF50.218.1000/uuf50-0234.cnf,UNSAT,0.000,1,0
benchmarks/satlib/uuf50-218/UUF50.218.1000/uuf50-0235.cnf,UNSAT,0.000,1,0
benchmarks/satlib/uuf50-218/UUF50.218.1000/uuf50-0236.cnf,UNSAT,0.000,1,0
benchmarks/satlib/uuf50-218/UUF50.218.1000/uuf50-0237.cnf,UNSAT,0.000,2,0
benchmarks/satlib/uuf50-218/UUF50.218.1000/uuf50-0238.cnf,UNSAT,0.000,1,0
benchmarks/satlib/uuf50-218/UUF50.218.1000/uuf50-0239.cnf,UNSAT,0.000,1,0
benchmarks/satlib/uuf50-218/UUF50.218.1000/uuf50-024.cnf,UNSAT,0.000,0,0
benchmarks/satlib/uuf50-218/UUF50.218.1000/uuf50-0240.cnf,UNSAT,0.000,1,0
benchmarks/satlib/uuf50-218/UUF50.218.1000/uuf50-0241.cnf,UNSAT,0.000,1,0
benchmarks/satlib/uuf50-218/UUF50.218.1000/uuf50-0242.cnf,UNSAT,0.000,1,0
benchmarks/satlib/uuf50-218/UUF50.218.1000/uuf50-0243.cnf,UNSAT,0.000,1,0
benchmarks/satlib/uuf50-218/UUF50.218.1000/uuf50-0244.cnf,UNSAT,0.000,2,0
benchmarks/satlib/uuf50-218/UUF50.218.1000/uuf50-0245.cnf,UNSAT,0.000,1,0
benchmarks/satlib/uuf50-218/UUF50.218.1000/uuf50-0246.cnf,UNSAT,0.000,1,0
benchmarks/satlib/uuf50-218/UUF50.218.1000/uuf50-0247.cnf,UNSAT,0.000,2,0
benchmarks/satlib/uuf50-218/UUF50.218.1000/uuf50-0248.cnf,UNSAT,0.000,0,0
benchmarks/satlib/uuf50-218/UUF50.218.1000/uuf50-0249.cnf,UNSAT,0.000,1,0
benchmarks/satlib/uuf50-218/UUF50.218.1000/uuf50-025.cnf,UNSAT,0.000,1,0
benchmarks/satlib/uuf50-218/UUF50.218.1000/uuf50-0250.cnf,UNSAT,0.000,0,0
benchmarks/satlib/uuf50-218/UUF50.218.1000/uuf50-0251.cnf,UNSAT,0.000,1,0
benchmarks/satlib/uuf50-218/UUF50.218.1000/uuf50-0252.cnf,UNSAT,0.000,1,0
benchmarks/satlib/uuf50-218/UUF50.218.1000/uuf50-0253.cnf,UNSAT,0.000,1,0
benchmarks/satlib/uuf50-218/UUF50.218.1000/uuf50-0254.cnf,UNSAT,0.000,2,0
benchmarks/satlib/uuf50-218/UUF50.218.1000/uuf50-0255.cnf,UNSAT,0.000,1,0
benchmarks/satlib/uuf50-218/UUF50.218.1000/uuf50-0256.cnf,UNSAT,0.000,2,0
benchmarks/satlib/uuf50-218/UUF50.218.1000/uuf50-0257.cnf,UNSAT,0.000,1,0
benchmarks/satlib/uuf50-218/UUF50.218.1000/uuf50-0258.cnf,UNSAT,0.000,0,0
benchmarks/satlib/uuf50-218/UUF50.218.1000/uuf50-0259.cnf,UNSAT,0.000,1,0
benchmarks/satlib/uuf50-218/UUF50.218.1000/uuf50-026.cnf,UNSAT,0.000,1,0
benchmarks/satlib/uuf50-218/UUF50.218.1000/uuf50-0260.cnf,UNSAT,0.000,1,0
benchmarks/satlib/uuf50-218/UUF50.218.1000/uuf50-0261.cnf,UNSAT,0.000,0,0
benchmarks/satlib/uuf50-218/UUF50.218.1000/uuf50-0262.cnf,UNSAT,0.000,1,0
benchmarks/satlib/uuf50-218/UUF50.218.1000/uuf50-0263.cnf,UNSAT,0.000,1,0
benchmarks/satlib/uuf50-218/UUF50.218.1000/uuf50-0264.cnf,UNSAT,0.000,1,0
benchmarks/satlib/uuf50-218/UUF50.218.1000/uuf50-0265.cnf,UNSAT,0.000,1,0
benchmarks/satlib/uuf50-218/UUF50.218.1000/uuf50-0266.cnf,UNSAT,0.000,1,0
benchmarks/satlib/uuf50-218/UUF50.218.1000/uuf50-0267.cnf,UNSAT,0.000,1,0
benchmarks/satlib/uuf50-218/UUF50.218.1000/uuf50-0268.cnf,UNSAT,0.000,0,0
benchmarks/satlib/uuf50-218/UUF50.218.1000/uuf50-0269.cnf,UNSAT,0.000,2,0
benchmarks/satlib/uuf50-218/UUF50.218.1000/uuf50-027.cnf,UNSAT,0.000,1,0
benchmarks/satlib/uuf50-218/UUF50.218.1000/uuf50-0270.cnf,UNSAT,0.000,1,0
benchmarks/satlib/uuf50-218/UUF50.218.1000/uuf50-0271.cnf,UNSAT,0.000,1,0
benchmarks/satlib/uuf50-218/UUF50.218.1000/uuf50-0272.cnf,UNSAT,0.000,1,0
benchmarks/satlib/uuf50-218/UUF50.218.1000/uuf50-0273.cnf,UNSAT,0.000,1,0
benchmarks/satlib/uuf50-218/UUF50.218.1000/uuf50-0274.cnf,UNSAT,0.000,1,0
benchmarks/satlib/uuf50-218/UUF50.218.1000/uuf50-0275.cnf,UNSAT,0.000,2,0
benchmarks/satlib/uuf50-218/UUF50.218.1000/uuf50-0276.cnf,UNSAT,0.000,1,0
benchmarks/satlib/uuf50-218/UUF50.218.1000/uuf50-0277.cnf,UNSAT,0.000,1,0
benchmarks/satlib/uuf50-218/UUF50.218.1000/uuf50-0278.cnf,UNSAT,0.000,1,0
benchmarks/satlib/uuf50-218/UUF50.218.1000/uuf50-0279.cnf,UNSAT,0.000,1,0
benchmarks/satlib/uuf50-218/UUF50.218.1000/uuf50-028.cnf,UNSAT,0.000,1,0
benchmarks/satlib/uuf50-218/UUF50.218.1000/uuf50-0280.cnf,UNSAT,0.000,1,0
benchmarks/satlib/uuf50-218/UUF50.218.1000/uuf50-0281.cnf,UNSAT,0.000,2,0
benchmarks/satlib/uuf50-218/UUF50.218.1000/uuf50-0282.cnf,UNSAT,0.000,2,0
benchmarks/satlib/uuf50-218/UUF50.218.1000/uuf50-0283.cnf,UNSAT,0.000,0,0
benchmarks/satlib/uuf50-218/UUF50.218.1000/uuf50-0284.cnf,UNSAT,0.000,1,0
benchmarks/satlib/uuf50-218/UUF50.218.1000/uuf50-0285.cnf,UNSAT,0.000,1,0
benchmarks/satlib/uuf50-218/UUF50.218.1000/uuf50-0286.cnf,UNSAT,0.000,1,0
benchmarks/satlib/uuf50-218/UUF50.218.1000/uuf50-0287.cnf,UNSAT,0.000,2,0
benchmarks/satlib/uuf50-218/UUF50.218.1000/uuf50-0288.cnf,UNSAT,0.000,1,0
benchmarks/satlib/uuf50-218/UUF50.218.1000/uuf50-0289.cnf,UNSAT,0.000,1,0
benchmarks/satlib/uuf50-218/UUF50.218.1000/uuf50-029.cnf,UNSAT,0.000,1,0
benchmarks/satlib/uuf50-218/UUF50.218.1000/uuf50-0290.cnf,UNSAT,0.000,1,0
benchmarks/satlib/uuf50-218/UUF50.218.1000/uuf50-0291.cnf,UNSAT,0.000,1,0
benchmarks/satlib/uuf50-218/UUF50.218.1000/uuf50-0292.cnf,UNSAT,0.000,1,0
benchmarks/satlib/uuf50-218/UUF50.218.1000/uuf50-0293.cnf,UNSAT,0.000,1,0
benchmarks/satlib/uuf50-218/UUF50.218.1000/uuf50-0294.cnf,UNSAT,0.000,1,0
benchmarks/satlib/uuf50-218/UUF50.218.1000/uuf50-0295.cnf,UNSAT,0.000,2,0
benchmarks/satlib/uuf50-218/UUF50.218.1000/uuf50-0296.cnf,UNSAT,0.000,1,0
benchmarks/satlib/uuf50-218/UUF50.218.1000/uuf50-0297.cnf,UNSAT,0.000,1,0
benchmarks/satlib/uuf50-218/UUF50.218.1000/uuf50-0298.cnf,UNSAT,0.000,0,0
benchmarks/satlib/uuf50-218/UUF50.218.1000/uuf50-0299.cnf,UNSAT,0.000,2,0
benchmarks/satlib/uuf50-218/UUF50.218.1000/uuf50-03.cnf,UNSAT,0.000,1,0
benchmarks/satlib/uuf50-218/UUF50.218.1000/uuf50-030.cnf,UNSAT,0.000,1,0
benchmarks/satlib/uuf50-218/UUF50.218.1000/uuf50-0300.cnf,UNSAT,0.000,2,0
benchmarks/satlib/uuf50-218/UUF50.218.1000/uuf50-0301.cnf,UNSAT,0.000,2,0
benchmarks/satlib/uuf50-218/UUF50.218.1000/uuf50-0302.cnf,UNSAT,0.000,2,0
benchmarks/satlib/uuf50-218/UUF50.218.1000/uuf50-0303.cnf,UNSAT,0.000,1,0
benchmarks/satlib/uuf50-218/UUF50.218.1000/uuf50-0304.cnf,UNSAT,0.000,1,0
benchmarks/satlib/uuf50-218/UUF50.218.1000/uuf50-0305.cnf,UNSAT,0.000,1,0
benchmarks/satlib/uuf50-218/UUF50.218.1000/uuf50-0306.cnf,UNSAT,0.000,1,0
benchmarks/satlib/uuf50-218/UUF50.218.1000/uuf50-0307.cnf,UNSAT,0.000,1,0
benchmarks/satlib/uuf50-218/UUF50.218.1000/uuf50-0308.cnf,UNSAT,0.000,1,0
benchmarks/satlib/uuf50-218/UUF50.218.1000/uuf50-0309.cnf,UNSAT,0.000,1,0
benchmarks/satlib/uuf50-218/UUF50.218.1000/uuf50-031.cnf,UNSAT,0.000,1,0
benchmarks/satlib/uuf50-218/UUF50.218.1000/uuf50-0310.cnf,UNSAT,0.000,0,0
benchmarks/satlib/uuf50-218/UUF50.218.1000/uuf50-0311.cnf,UNSAT,0.000,2,0
benchmarks/satlib/uuf50-218/UUF50.218.1000/uuf50-0312.cnf,UNSAT,0.000,1,0
benchmarks/satlib/uuf50-218/UUF50.218.1000/uuf50-0313.cnf,UNSAT,0.000,2,0
benchmarks/satlib/uuf50-218/UUF50.218.1000/uuf50-0314.cnf,UNSAT,0.000,2,0
benchmarks/satlib/uuf50-218/UUF50.218.1000/uuf50-0315.cnf,UNSAT,0.000,1,0
benchmarks/satlib/uuf50-218/UUF50.218.1000/uuf50-0316.cnf,UNSAT,0.000,2,0
benchmarks/satlib/uuf50-218/UUF50.218.1000/uuf50-0317.cnf,UNSAT,0.000,1,0
benchmarks/satlib/uuf50-218/UUF50.218.1000/uuf50-0318.cnf,UNSAT,0.000,1,0
benchmarks/satlib/uuf50-218/UUF50.218.1000/uuf50-0319.cnf,UNSAT,0.000,1,0
benchmarks/satlib/uuf50-218/UUF50.218.1000/uuf50-032.cnf,UNSAT,0.000,0,0
benchmarks/satlib/uuf50-218/UUF50.218.1000/uuf50-0320.cnf,UNSAT,0.000,2,0
benchmarks/satlib/uuf50-218/UUF50.218.1000/uuf50-0321.cnf,UNSAT,0.000,2,0
benchmarks/satlib/uuf50-218/UUF50.218.1000/uuf50-0322.cnf,UNSAT,0.000,2,0
benchmarks/satlib/uuf50-218/UUF50.218.1000/uuf50-0323.cnf,UNSAT,0.000,1,0
benchmarks/satlib/uuf50-218/UUF50.218.1000/uuf50-0324.cnf,UNSAT,0.000,1,0
benchmarks/satlib/uuf50-218/UUF50.218.1000/uuf50-0325.cnf,UNSAT,0.000,1,0
benchmarks/satlib/uuf50-218/UUF50.218.1000/uuf50-0326.cnf,UNSAT,0.000,2,0
benchmarks/satlib/uuf50-218/UUF50.218.1000/uuf50-0327.cnf,UNSAT,0.000,1,0
benchmarks/satlib/uuf50-218/UUF50.218.1000/uuf50-0328.cnf,UNSAT,0.000,1,0
benchmarks/satlib/uuf50-218/UUF50.218.1000/uuf50-0329.cnf,UNSAT,0.000,2,0
benchmarks/satlib/uuf50-218/UUF50.218.1000/uuf50-033.cnf,UNSAT,0.000,1,0
benchmarks/satlib/uuf50-218/UUF50.218.1000/uuf50-0330.cnf,UNSAT,0.000,1,0
benchmarks/satlib/uuf50-218/UUF50.218.1000/uuf50-0331.cnf,UNSAT,0.000,1,0
benchmarks/satlib/uuf50-218/UUF50.218.1000/uuf50-0332.cnf,UNSAT,0.000,1,0
benchmarks/satlib/uuf50-218/UUF50.218.1000/uuf50-0333.cnf,UNSAT,0.000,1,0
benchmarks/satlib/uuf50-218/UUF50.218.1000/uuf50-0334.cnf,UNSAT,0.000,2,0
benchmarks/satlib/uuf50-218/UUF50.218.1000/uuf50-0335.cnf,UNSAT,0.000,2,0
benchmarks/satlib/uuf50-218/UUF50.218.1000/uuf50-0336.cnf,UNSAT,0.000,2,0
benchmarks/satlib/uuf50-218/UUF50.218.1000/uuf50-0337.cnf,UNSAT,0.000,1,0
benchmarks/satlib/uuf50-218/UUF50.218.1000/uuf50-0338.cnf,UNSAT,0.000,2,0
benchmarks/satlib/uuf50-218/UUF50.218.1000/uuf50-0339.cnf,UNSAT,0.000,1,0
benchmarks/satlib/uuf50-218/UUF50.218.1000/uuf50-034.cnf,UNSAT,0.000,1,0
benchmarks/satlib/uuf50-218/UUF50.218.1000/uuf50-0340.cnf,UNSAT,0.000,1,0
benchmarks/satlib/uuf50-218/UUF50.218.1000/uuf50-0341.cnf,UNSAT,0.000,1,0
benchmarks/satlib/uuf50-218/UUF50.218.1000/uuf50-0342.cnf,UNSAT,0.000,0,0
benchmarks/satlib/uuf50-218/UUF50.218.1000/uuf50-0343.cnf,UNSAT,0.000,2,0
benchmarks/satlib/uuf50-218/UUF50.218.1000/uuf50-0344.cnf,UNSAT,0.000,1,0
benchmarks/satlib/uuf50-218/UUF50.218.1000/uuf50-0345.cnf,UNSAT,0.000,2,0
benchmarks/satlib/uuf50-218/UUF50.218.1000/uuf50-0346.cnf,UNSAT,0.000,0,0
benchmarks/satlib/uuf50-218/UUF50.218.1000/uuf50-0347.cnf,UNSAT,0.000,1,0
benchmarks/satlib/uuf50-218/UUF50.218.1000/uuf50-0348.cnf,UNSAT,0.000,2,0
benchmarks/satlib/uuf50-218/UUF50.218.1000/uuf50-0349.cnf,UNSAT,0.000,1,0
benchmarks/satlib/uuf50-218/UUF50.218.1000/uuf50-035.cnf,UNSAT,0.001,2,0
benchmarks/satlib/uuf50-218/UUF50.218.1000/uuf50-0350.cnf,UNSAT,0.000,1,0
benchmarks/satlib/uuf50-218/UUF50.218.1000/uuf50-0351.cnf,UNSAT,0.000,1,0
benchmarks/satlib/uuf50-218/UUF50.218.1000/uuf50-0352.cnf,UNSAT,0.000,0,0
benchmarks/satlib/uuf50-218/UUF50.218.1000/uuf50-0353.cnf,UNSAT,0.000,1,0
benchmarks/satlib/uuf50-218/UUF50.218.1000/uuf50-0354.cnf,UNSAT,0.000,2,0
benchmarks/satlib/uuf50-218/UUF50.218.1000/uuf50-0355.cnf,UNSAT,0.000,2,0
benchmarks/satlib/uuf50-218/UUF50.218.1000/uuf50-0356.cnf,UNSAT,0.000,1,0
benchmarks/satlib/uuf50-218/UUF50.218.1000/uuf50-0357.cnf,UNSAT,0.000,0,0
benchmarks/satlib/uuf50-218/UUF50.218.1000/uuf50-0358.cnf,UNSAT,0.000,1,0
benchmarks/satlib/uuf50-218/UUF50.218.1000/uuf50-0359.cnf,UNSAT,0.000,1,0
benchmarks/satlib/uuf50-218/UUF50.218.1000/uuf50-036.cnf,UNSAT,0.000,0,0
benchmarks/satlib/uuf50-218/UUF50.218.1000/uuf50-0360.cnf,UNSAT,0.000,1,0
benchmarks/satlib/uuf50-218/UUF50.218.1000/uuf50-0361.cnf,UNSAT,0.000,0,0
benchmarks/satlib/uuf50-218/UUF50.218.1000/uuf50-0362.cnf,UNSAT,0.000,1,0
benchmarks/satlib/uuf50-218/UUF50.218.1000/uuf50-0363.cnf,UNSAT,0.000,2,0
benchmarks/satlib/uuf50-218/UUF50.218.1000/uuf50-0364.cnf,UNSAT,0.000,1,0
benchmarks/satlib/uuf50-218/UUF50.218.1000/uuf50-0365.cnf,UNSAT,0.000,2,0
benchmarks/satlib/uuf50-218/UUF50.218.1000/uuf50-0366.cnf,UNSAT,0.000,1,0
benchmarks/satlib/uuf50-218/UUF50.218.1000/uuf50-0367.cnf,UNSAT,0.000,1,0
benchmarks/satlib/uuf50-218/UUF50.218.1000/uuf50-0368.cnf,UNSAT,0.000,1,0
benchmarks/satlib/uuf50-218/UUF50.218.1000/uuf50-0369.cnf,UNSAT,0.000,2,0
benchmarks/satlib/uuf50-218/UUF50.218.1000/uuf50-037.cnf,UNSAT,0.000,1,0
benchmarks/satlib/uuf50-218/UUF50.218.1000/uuf50-0370.cnf,UNSAT,0.000,1,0
benchmarks/satlib/uuf50-218/UUF50.218.1000/uuf50-0371.cnf,UNSAT,0.000,2,0
benchmarks/satlib/uuf50-218/UUF50.218.1000/uuf50-0372.cnf,UNSAT,0.000,1,0
benchmarks/satlib/uuf50-218/UUF50.218.1000/uuf50-0373.cnf,UNSAT,0.000,1,0
benchmarks/satlib/uuf50-218/UUF50.218.1000/uuf50-0374.cnf,UNSAT,0.000,2,0
benchmarks/satlib/uuf50-218/UUF50.218.1000/uuf50-0375.cnf,UNSAT,0.000,1,0
benchmarks/satlib/uuf50-218/UUF50.218.1000/uuf50-0376.cnf,UNSAT,0.000,1,0
benchmarks/satlib/uuf50-218/UUF50.218.1000/uuf50-0377.cnf,UNSAT,0.000,2,0
benchmarks/satlib/uuf50-218/UUF50.218.1000/uuf50-0378.cnf,UNSAT,0.000,1,0
benchmarks/satlib/uuf50-218/UUF50.218.1000/uuf50-0379.cnf,UNSAT,0.000,1,0
benchmarks/satlib/uuf50-218/UUF50.218.1000/uuf50-038.cnf,UNSAT,0.000,0,0
benchmarks/satlib/uuf50-218/UUF50.218.1000/uuf50-0380.cnf,UNSAT,0.000,1,0
benchmarks/satlib/uuf50-218/UUF50.218.1000/uuf50-0381.cnf,UNSAT,0.000,1,0
benchmarks/satlib/uuf50-218/UUF50.218.1000/uuf50-0382.cnf,UNSAT,0.000,1,0
benchmarks/satlib/uuf50-218/UUF50.218.1000/uuf50-0383.cnf,UNSAT,0.000,0,0
benchmarks/satlib/uuf50-218/UUF50.218.1000/uuf50-0384.cnf,UNSAT,0.000,1,0
benchmarks/satlib/uuf50-218/UUF50.218.1000/uuf50-0385.cnf,UNSAT,0.000,2,0
benchmarks/satlib/uuf50-218/UUF50.218.1000/uuf50-0386.cnf,UNSAT,0.000,1,0
benchmarks/satlib/uuf50-218/UUF50.218.1000/uuf50-0387.cnf,UNSAT,0.000,1,0
benchmarks/satlib/uuf50-218/UUF50.218.1000/uuf50-0388.cnf,UNSAT,0.000,1,0
benchmarks/satlib/uuf50-218/UUF50.218.1000/uuf50-0389.cnf,UNSAT,0.000,1,0
benchmarks/satlib/uuf50-218/UUF50.218.1000/uuf50-039.cnf,UNSAT,0.000,1,0
benchmarks/satlib/uuf50-218/UUF50.218.1000/uuf50-0390.cnf,UNSAT,0.000,1,0
benchmarks/satlib/uuf50-218/UUF50.218.1000/uuf50-0391.cnf,UNSAT,0.000,1,0
benchmarks/satlib/uuf50-218/UUF50.218.1000/uuf50-0392.cnf,UNSAT,0.000,1,0
benchmarks/satlib/uuf50-218/UUF50.218.1000/uuf50-0393.cnf,UNSAT,0.000,1,0
benchmarks/satlib/uuf50-218/UUF50.218.1000/uuf50-0394.cnf,UNSAT,0.000,0,0
benchmarks/satlib/uuf50-218/UUF50.218.1000/uuf50-0395.cnf,UNSAT,0.000,0,0
benchmarks/satlib/uuf50-218/UUF50.218.1000/uuf50-0396.cnf,UNSAT,0.000,1,0
benchmarks/satlib/uuf50-218/UUF50.218.1000/uuf50-0397.cnf,UNSAT,0.000,1,0
benchmarks/satlib/uuf50-218/UUF50.218.1000/uuf50-0398.cnf,UNSAT,0.000,1,0
benchmarks/satlib/uuf50-218/UUF50.218.1000/uuf50-0399.cnf,UNSAT,0.000,1,0
benchmarks/satlib/uuf50-218/UUF50.218.1000/uuf50-04.cnf,UNSAT,0.000,0,0
benchmarks/satlib/uuf50-218/UUF50.218.1000/uuf50-040.cnf,UNSAT,0.000,1,0
benchmarks/satlib/uuf50-218/UUF50.218.1000/uuf50-0400.cnf,UNSAT,0.000,2,0
benchmarks/satlib/uuf50-218/UUF50.218.1000/uuf50-0401.cnf,UNSAT,0.000,1,0
benchmarks/satlib/uuf50-218/UUF50.218.1000/uuf50-0402.cnf,UNSAT,0.000,0,0
benchmarks/satlib/uuf50-218/UUF50.218.1000/uuf50-0403.cnf,UNSAT,0.000,1,0
benchmarks/satlib/uuf50-218/UUF50.218.1000/uuf50-0404.cnf,UNSAT,0.000,0,0
benchmarks/satlib/uuf50-218/UUF50.218.1000/uuf50-0405.cnf,UNSAT,0.000,1,0
benchmarks/satlib/uuf50-218/UUF50.218.1000/uuf50-0406.cnf,UNSAT,0.000,1,0
benchmarks/satlib/uuf50-218/UUF50.218.1000/uuf50-0407.cnf,UNSAT,0.000,0,0
benchmarks/satlib/uuf50-218/UUF50.218.1000/uuf50-0408.cnf,UNSAT,0.000,0,0
benchmarks/satlib/uuf50-218/UUF50.218.1000/uuf50-0409.cnf,UNSAT,0.000,1,0
benchmarks/satlib/uuf50-218/UUF50.218.1000/uuf50-041.cnf,UNSAT,0.000,1,0
benchmarks/satlib/uuf50-218/UUF50.218.1000/uuf50-0410.cnf,UNSAT,0.000,1,0
benchmarks/satlib/uuf50-218/UUF50.218.1000/uuf50-0411.cnf,UNSAT,0.000,0,0
benchmarks/satlib/uuf50-218/UUF50.218.1000/uuf50-0412.cnf,UNSAT,0.000,0,0
benchmarks/satlib/uuf50-218/UUF50.218.1000/uuf50-0413.cnf,UNSAT,0.000,0,0
benchmarks/satlib/uuf50-218/UUF50.218.1000/uuf50-0414.cnf,UNSAT,0.000,0,0
benchmarks/satlib/uuf50-218/UUF50.218.1000/uuf50-0415.cnf,UNSAT,0.000,1,0
benchmarks/satlib/uuf50-218/UUF50.218.1000/uuf50-0416.cnf,UNSAT,0.000,1,0
benchmarks/satlib/uuf50-218/UUF50.218.1000/uuf50-0417.cnf,UNSAT,0.000,0,0
benchmarks/satlib/uuf50-218/UUF50.218.1000/uuf50-0418.cnf,UNSAT,0.000,1,0
benchmarks/satlib/uuf50-218/UUF50.218.1000/uuf50-0419.cnf,UNSAT,0.000,1,0
benchmarks/satlib/uuf50-218/UUF50.218.1000/uuf50-042.cnf,UNSAT,0.000,2,0
benchmarks/satlib/uuf50-218/UUF50.218.1000/uuf50-0420.cnf,UNSAT,0.000,1,0
benchmarks/satlib/uuf50-218/UUF50.218.1000/uuf50-0421.cnf,UNSAT,0.000,2,0
benchmarks/satlib/uuf50-218/UUF50.218.1000/uuf50-0422.cnf,UNSAT,0.000,1,0
benchmarks/satlib/uuf50-218/UUF50.218.1000/uuf50-0423.cnf,UNSAT,0.000,1,0
benchmarks/satlib/uuf50-218/UUF50.218.1000/uuf50-0424.cnf,UNSAT,0.000,0,0
benchmarks/satlib/uuf50-218/UUF50.218.1000/uuf50-0425.cnf,UNSAT,0.000,1,0
benchmarks/satlib/uuf50-218/UUF50.218.1000/uuf50-0426.cnf,UNSAT,0.000,1,0
benchmarks/satlib/uuf50-218/UUF50.218.1000/uuf50-0427.cnf,UNSAT,0.000,1,0
benchmarks/satlib/uuf50-218/UUF50.218.1000/uuf50-0428.cnf,UNSAT,0.000,2,0
benchmarks/satlib/uuf50-218/UUF50.218.1000/uuf50-0429.cnf,UNSAT,0.000,1,0
benchmarks/satlib/uuf50-218/UUF50.218.1000/uuf50-043.cnf,UNSAT,0.000,1,0
benchmarks/satlib/uuf50-218/UUF50.218.1000/uuf50-0430.cnf,UNSAT,0.001,2,0
benchmarks/satlib/uuf50-218/UUF50.218.1000/uuf50-0431.cnf,UNSAT,0.000,1,0
benchmarks/satlib/uuf50-218/UUF50.218.1000/uuf50-0432.cnf,UNSAT,0.000,1,0
benchmarks/satlib/uuf50-218/UUF50.218.1000/uuf50-0433.cnf,UNSAT,0.000,1,0
benchmarks/satlib/uuf50-218/UUF50.218.1000/uuf50-0434.cnf,UNSAT,0.000,1,0
benchmarks/satlib/uuf50-218/UUF50.218.1000/uuf50-0435.cnf,UNSAT,0.000,1,0
benchmarks/satlib/uuf50-218/UUF50.218.1000/uuf50-0436.cnf,UNSAT,0.000,1,0
benchmarks/satlib/uuf50-218/UUF50.218.1000/uuf50-0437.cnf,UNSAT,0.000,1,0
benchmarks/satlib/uuf50-218/UUF50.218.1000/uuf50-0438.cnf,UNSAT,0.000,1,0
benchmarks/satlib/uuf50-218/UUF50.218.1000/uuf50-0439.cnf,UNSAT,0.000,1,0
benchmarks/satlib/uuf50-218/UUF50.218.1000/uuf50-044.cnf,UNSAT,0.000,2,0
benchmarks/satlib/uuf50-218/UUF50.218.1000/uuf50-0440.cnf,UNSAT,0.000,1,0
benchmarks/satlib/uuf50-218/UUF50.218.1000/uuf50-0441.cnf,UNSAT,0.000,1,0
benchmarks/satlib/uuf50-218/UUF50.218.1000/uuf50-0442.cnf,UNSAT,0.000,0,0
benchmarks/satlib/uuf50-218/UUF50.218.1000/uuf50-0443.cnf,UNSAT,0.000,1,0
benchmarks/satlib/uuf50-218/UUF50.218.1000/uuf50-0444.cnf,UNSAT,0.000,1,0
benchmarks/satlib/uuf50-218/UUF50.218.1000/uuf50-0445.cnf,UNSAT,0.000,1,0
benchmarks/satlib/uuf50-218/UUF50.218.1000/uuf50-0446.cnf,UNSAT,0.000,1,0
benchmarks/satlib/uuf50-218/UUF50.218.1000/uuf50-0447.cnf,UNSAT,0.000,1,0
benchmarks/satlib/uuf50-218/UUF50.218.1000/uuf50-0448.cnf,UNSAT,0.000,1,0
benchmarks/satlib/uuf50-218/UUF50.218.1000/uuf50-0449.cnf,UNSAT,0.000,2,0
benchmarks/satlib/uuf50-218/UUF50.218.1000/uuf50-045.cnf,UNSAT,0.000,1,0
benchmarks/satlib/uuf50-218/UUF50.218.1000/uuf50-0450.cnf,UNSAT,0.000,0,0
benchmarks/satlib/uuf50-218/UUF50.218.1000/uuf50-0451.cnf,UNSAT,0.000,2,0
benchmarks/satlib/uuf50-218/UUF50.218.1000/uuf50-0452.cnf,UNSAT,0.000,1,0
benchmarks/satlib/uuf50-218/UUF50.218.1000/uuf50-0453.cnf,UNSAT,0.000,1,0
benchmarks/satlib/uuf50-218/UUF50.218.1000/uuf50-0454.cnf,UNSAT,0.000,1,0
benchmarks/satlib/uuf50-218/UUF50.218.1000/uuf50-0455.cnf,UNSAT,0.000,1,0
benchmarks/satlib/uuf50-218/UUF50.218.1000/uuf50-0456.cnf,UNSAT,0.000,1,0
benchmarks/satlib/uuf50-218/UUF50.218.1000/uuf50-0457.cnf,UNSAT,0.000,1,0
benchmarks/satlib/uuf50-218/UUF50.218.1000/uuf50-0458.cnf,UNSAT,0.000,1,0
benchmarks/satlib/uuf50-218/UUF50.218.1000/uuf50-0459.cnf,UNSAT,0.000,1,0
benchmarks/satlib/uuf50-218/UUF50.218.1000/uuf50-046.cnf,UNSAT,0.000,1,0
benchmarks/satlib/uuf50-218/UUF50.218.1000/uuf50-0460.cnf,UNSAT,0.000,1,0
benchmarks/satlib/uuf50-218/UUF50.218.1000/uuf50-0461.cnf,UNSAT,0.000,1,0
benchmarks/satlib/uuf50-218/UUF50.218.1000/uuf50-0462.cnf,UNSAT,0.000,1,0
benchmarks/satlib/uuf50-218/UUF50.218.1000/uuf50-0463.cnf,UNSAT,0.000,1,0
benchmarks/satlib/uuf50-218/UUF50.218.1000/uuf50-0464.cnf,UNSAT,0.000,0,0
benchmarks/satlib/uuf50-218/UUF50.218.1000/uuf50-0465.cnf,UNSAT,0.000,0,0
benchmarks/satlib/uuf50-218/UUF50.218.1000/uuf50-0466.cnf,UNSAT,0.000,1,0
benchmarks/satlib/uuf50-218/UUF50.218.1000/uuf50-0467.cnf,UNSAT,0.000,1,0
benchmarks/satlib/uuf50-218/UUF50.218.1000/uuf50-0468.cnf,UNSAT,0.000,2,0
benchmarks/satlib/uuf50-218/UUF50.218.1000/uuf50-0469.cnf,UNSAT,0.000,0,0
benchmarks/satlib/uuf50-218/UUF50.218.1000/uuf50-047.cnf,UNSAT,0.000,1,0
benchmarks/satlib/uuf50-218/UUF50.218.1000/uuf50-0470.cnf,UNSAT,0.000,1,0
benchmarks/satlib/uuf50-218/UUF50.218.1000/uuf50-0471.cnf,UNSAT,0.000,1,0
benchmarks/satlib/uuf50-218/UUF50.218.1000/uuf50-0472.cnf,UNSAT,0.000,1,0
benchmarks/satlib/uuf50-218/UUF50.218.1000/uuf50-0473.cnf,UNSAT,0.000,0,0
benchmarks/satlib/uuf50-218/UUF50.218.1000/uuf50-0474.cnf,UNSAT,0.000,2,0
benchmarks/satlib/uuf50-218/UUF50.218.1000/uuf50-0475.cnf,UNSAT,0.000,1,0
benchmarks/satlib/uuf50-218/UUF50.218.1000/uuf50-0476.cnf,UNSAT,0.000,1,0
benchmarks/satlib/uuf50-218/UUF50.218.1000/uuf50-0477.cnf,UNSAT,0.000,0,0
benchmarks/satlib/uuf50-218/UUF50.218.1000/uuf50-0478.cnf,UNSAT,0.000,0,0
benchmarks/satlib/uuf50-218/UUF50.218.1000/uuf50-0479.cnf,UNSAT,0.000,0,0
benchmarks/satlib/uuf50-218/UUF50.218.1000/uuf50-048.cnf,UNSAT,0.000,0,0
benchmarks/satlib/uuf50-218/UUF50.218.1000/uuf50-0480.cnf,UNSAT,0.000,1,0
benchmarks/satlib/uuf50-218/UUF50.218.1000/uuf50-0481.cnf,UNSAT,0.000,1,0
benchmarks/satlib/uuf50-218/UUF50.218.1000/uuf50-0482.cnf,UNSAT,0.000,2,0
benchmarks/satlib/uuf50-218/UUF50.218.1000/uuf50-0483.cnf,UNSAT,0.000,1,0
benchmarks/satlib/uuf50-218/UUF50.218.1000/uuf50-0484.cnf,UNSAT,0.000,1,0
benchmarks/satlib/uuf50-218/UUF50.218.1000/uuf50-0485.cnf,UNSAT,0.000,1,0
benchmarks/satlib/uuf50-218/UUF50.218.1000/uuf50-0486.cnf,UNSAT,0.000,1,0
benchmarks/satlib/uuf50-218/UUF50.218.1000/uuf50-0487.cnf,UNSAT,0.000,1,0
benchmarks/satlib/uuf50-218/UUF50.218.1000/uuf50-0488.cnf,UNSAT,0.000,2,0
benchmarks/satlib/uuf50-218/UUF50.218.1000/uuf50-0489.cnf,UNSAT,0.000,2,0
benchmarks/satlib/uuf50-218/UUF50.218.1000/uuf50-049.cnf,UNSAT,0.000,2,0
benchmarks/satlib/uuf50-218/UUF50.218.1000/uuf50-0490.cnf,UNSAT,0.000,1,0
benchmarks/satlib/uuf50-218/UUF50.218.1000/uuf50-0491.cnf,UNSAT,0.000,1,0
benchmarks/satlib/uuf50-218/UUF50.218.1000/uuf50-0492.cnf,UNSAT,0.000,2,0
benchmarks/satlib/uuf50-218/UUF50.218.1000/uuf50-0493.cnf,UNSAT,0.000,1,0
benchmarks/satlib/uuf50-218/UUF50.218.1000/uuf50-0494.cnf,UNSAT,0.000,2,0
benchmarks/satlib/uuf50-218/UUF50.218.1000/uuf50-0495.cnf,UNSAT,0.000,2,0
benchmarks/satlib/uuf50-218/UUF50.218.1000/uuf50-0496.cnf,UNSAT,0.000,1,0
benchmarks/satlib/uuf50-218/UUF50.218.1000/uuf50-0497.cnf,UNSAT,0.000,1,0
benchmarks/satlib/uuf50-218/UUF50.218.1000/uuf50-0498.cnf,UNSAT,0.000,0,0
benchmarks/satlib/uuf50-218/UUF50.218.1000/uuf50-0499.cnf,UNSAT,0.000,1,0
benchmarks/satlib/uuf50-218/UUF50.218.1000/uuf50-05.cnf,UNSAT,0.000,1,0
benchmarks/satlib/uuf50-218/UUF50.218.1000/uuf50-050.cnf,UNSAT,0.000,1,0
benchmarks/satlib/uuf50-218/UUF50.218.1000/uuf50-0500.cnf,UNSAT,0.000,1,0
benchmarks/satlib/uuf50-218/UUF50.218.1000/uuf50-0501.cnf,UNSAT,0.000,1,0
benchmarks/satlib/uuf50-218/UUF50.218.1000/uuf50-0502.cnf,UNSAT,0.000,1,0
benchmarks/satlib/uuf50-218/UUF50.218.1000/uuf50-0503.cnf,UNSAT,0.000,0,0
benchmarks/satlib/uuf50-218/UUF50.218.1000/uuf50-0504.cnf,UNSAT,0.000,1,0
benchmarks/satlib/uuf50-218/UUF50.218.1000/uuf50-0505.cnf,UNSAT,0.000,1,0
benchmarks/satlib/uuf50-218/UUF50.218.1000/uuf50-0506.cnf,UNSAT,0.000,1,0
benchmarks/satlib/uuf50-218/UUF50.218.1000/uuf50-0507.cnf,UNSAT,0.000,0,0
benchmarks/satlib/uuf50-218/UUF50.218.1000/uuf50-0508.cnf,UNSAT,0.000,2,0
benchmarks/satlib/uuf50-218/UUF50.218.1000/uuf50-0509.cnf,UNSAT,0.000,1,0
benchmarks/satlib/uuf50-218/UUF50.218.1000/uuf50-051.cnf,UNSAT,0.000,1,0
benchmarks/satlib/uuf50-218/UUF50.218.1000/uuf50-0510.cnf,UNSAT,0.000,1,0
benchmarks/satlib/uuf50-218/UUF50.218.1000/uuf50-0511.cnf,UNSAT,0.000,1,0
benchmarks/satlib/uuf50-218/UUF50.218.1000/uuf50-0512.cnf,UNSAT,0.000,2,0
benchmarks/satlib/uuf50-218/UUF50.218.1000/uuf50-0513.cnf,UNSAT,0.000,1,0
benchmarks/satlib/uuf50-218/UUF50.218.1000/uuf50-0514.cnf,UNSAT,0.000,2,0
benchmarks/satlib/uuf50-218/UUF50.218.1000/uuf50-0515.cnf,UNSAT,0.000,1,0
benchmarks/satlib/uuf50-218/UUF50.218.1000/uuf50-0516.cnf,UNSAT,0.000,1,0
benchmarks/satlib/uuf50-218/UUF50.218.1000/uuf50-0517.cnf,UNSAT,0.000,0,0
benchmarks/satlib/uuf50-218/UUF50.218.1000/uuf50-0518.cnf,UNSAT,0.000,1,0
benchmarks/satlib/uuf50-218/UUF50.218.1000/uuf50-0519.cnf,UNSAT,0.000,1,0
benchmarks/satlib/uuf50-218/UUF50.218.1000/uuf50-052.cnf,UNSAT,0.000,0,0
benchmarks/satlib/uuf50-218/UUF50.218.1000/uuf50-0520.cnf,UNSAT,0.000,1,0
benchmarks/satlib/uuf50-218/UUF50.218.1000/uuf50-0521.cnf,UNSAT,0.000,2,0
benchmarks/satlib/uuf50-218/UUF50.218.1000/uuf50-0522.cnf,UNSAT,0.000,1,0
benchmarks/satlib/uuf50-218/UUF50.218.1000/uuf50-0523.cnf,UNSAT,0.000,2,0
benchmarks/satlib/uuf50-218/UUF50.218.1000/uuf50-0524.cnf,UNSAT,0.000,1,0
benchmarks/satlib/uuf50-218/UUF50.218.1000/uuf50-0525.cnf,UNSAT,0.000,0,0
benchmarks/satlib/uuf50-218/UUF50.218.1000/uuf50-0526.cnf,UNSAT,0.000,1,0
benchmarks/satlib/uuf50-218/UUF50.218.1000/uuf50-0527.cnf,UNSAT,0.000,0,0
benchmarks/satlib/uuf50-218/UUF50.218.1000/uuf50-0528.cnf,UNSAT,0.000,1,0
benchmarks/satlib/uuf50-218/UUF50.218.1000/uuf50-0529.cnf,UNSAT,0.000,2,0
benchmarks/satlib/uuf50-218/UUF50.218.1000/uuf50-053.cnf,UNSAT,0.000,1,0
benchmarks/satlib/uuf50-218/UUF50.218.1000/uuf50-0530.cnf,UNSAT,0.000,0,0
benchmarks/satlib/uuf50-218/UUF50.218.1000/uuf50-0531.cnf,UNSAT,0.000,0,0
benchmarks/satlib/uuf50-218/UUF50.218.1000/uuf50-0532.cnf,UNSAT,0.000,1,0
benchmarks/satlib/uuf50-218/UUF50.218.1000/uuf50-0533.cnf,UNSAT,0.000,1,0
benchmarks/satlib/uuf50-218/UUF50.218.1000/uuf50-0534.cnf,UNSAT,0.000,1,0
benchmarks/satlib/uuf50-218/UUF50.218.1000/uuf50-0535.cnf,UNSAT,0.000,2,0
benchmarks/satlib/uuf50-218/UUF50.218.1000/uuf50-0536.cnf,UNSAT,0.000,1,0
benchmarks/satlib/uuf50-218/UUF50.218.1000/uuf50-0537.cnf,UNSAT,0.000,1,0
benchmarks/satlib/uuf50-218/UUF50.218.1000/uuf50-0538.cnf,UNSAT,0.000,1,0
benchmarks/satlib/uuf50-218/UUF50.218.1000/uuf50-0539.cnf,UNSAT,0.000,2,0
benchmarks/satlib/uuf50-218/UUF50.218.1000/uuf50-054.cnf,UNSAT,0.001,2,0
benchmarks/satlib/uuf50-218/UUF50.218.1000/uuf50-0540.cnf,UNSAT,0.000,0,0
benchmarks/satlib/uuf50-218/UUF50.218.1000/uuf50-0541.cnf,UNSAT,0.000,1,0
benchmarks/satlib/uuf50-218/UUF50.218.1000/uuf50-0542.cnf,UNSAT,0.000,2,0
benchmarks/satlib/uuf50-218/UUF50.218.1000/uuf50-0543.cnf,UNSAT,0.000,1,0
benchmarks/satlib/uuf50-218/UUF50.218.1000/uuf50-0544.cnf,UNSAT,0.000,1,0
benchmarks/satlib/uuf50-218/UUF50.218.1000/uuf50-0545.cnf,UNSAT,0.000,1,0
benchmarks/satlib/uuf50-218/UUF50.218.1000/uuf50-0546.cnf,UNSAT,0.000,1,0
benchmarks/satlib/uuf50-218/UUF50.218.1000/uuf50-0547.cnf,UNSAT,0.000,1,0
benchmarks/satlib/uuf50-218/UUF50.218.1000/uuf50-0548.cnf,UNSAT,0.000,1,0
benchmarks/satlib/uuf50-218/UUF50.218.1000/uuf50-0549.cnf,UNSAT,0.000,2,0
benchmarks/satlib/uuf50-218/UUF50.218.1000/uuf50-055.cnf,UNSAT,0.000,1,0
benchmarks/satlib/uuf50-218/UUF50.218.1000/uuf50-0550.cnf,UNSAT,0.000,1,0
benchmarks/satlib/uuf50-218/UUF50.218.1000/uuf50-0551.cnf,UNSAT,0.000,2,0
benchmarks/satlib/uuf50-218/UUF50.218.1000/uuf50-0552.cnf,UNSAT,0.000,1,0
benchmarks/satlib/uuf50-218/UUF50.218.1000/uuf50-0553.cnf,UNSAT,0.000,1,0
benchmarks/satlib/uuf50-218/UUF50.218.1000/uuf50-0554.cnf,UNSAT,0.000,1,0
benchmarks/satlib/uuf50-218/UUF50.218.1000/uuf50-0555.cnf,UNSAT,0.000,0,0
benchmarks/satlib/uuf50-218/UUF50.218.1000/uuf50-0556.cnf,UNSAT,0.000,1,0
benchmarks/satlib/uuf50-218/UUF50.218.1000/uuf50-0557.cnf,UNSAT,0.000,0,0
benchmarks/satlib/uuf50-218/UUF50.218.1000/uuf50-0558.cnf,UNSAT,0.000,2,0
benchmarks/satlib/uuf50-218/UUF50.218.1000/uuf50-0559.cnf,UNSAT,0.000,1,0
benchmarks/satlib/uuf50-218/UUF50.218.1000/uuf50-056.cnf,UNSAT,0.000,1,0
benchmarks/satlib/uuf50-218/UUF50.218.1000/uuf50-0560.cnf,UNSAT,0.000,1,0
benchmarks/satlib/uuf50-218/UUF50.218.1000/uuf50-0561.cnf,UNSAT,0.000,0,0
benchmarks/satlib/uuf50-218/UUF50.218.1000/uuf50-0562.cnf,UNSAT,0.000,1,0
benchmarks/satlib/uuf50-218/UUF50.218.1000/uuf50-0563.cnf,UNSAT,0.000,2,0
benchmarks/satlib/uuf50-218/UUF50.218.1000/uuf50-0564.cnf,UNSAT,0.000,1,0
benchmarks/satlib/uuf50-218/UUF50.218.1000/uuf50-0565.cnf,UNSAT,0.000,1,0
benchmarks/satlib/uuf50-218/UUF50.218.1000/uuf50-0566.cnf,UNSAT,0.000,1,0
benchmarks/satlib/uuf50-218/UUF50.218.1000/uuf50-0567.cnf,UNSAT,0.000,0,0
benchmarks/satlib/uuf50-218/UUF50.218.1000/uuf50-0568.cnf,UNSAT,0.000,0,0
benchmarks/satlib/uuf50-218/UUF50.218.1000/uuf50-0569.cnf,UNSAT,0.000,2,0
benchmarks/satlib/uuf50-218/UUF50.218.1000/uuf50-057.cnf,UNSAT,0.000,1,0
benchmarks/satlib/uuf50-218/UUF50.218.1000/uuf50-0570.cnf,UNSAT,0.000,2,0
benchmarks/satlib/uuf50-218/UUF50.218.1000/uuf50-0571.cnf,UNSAT,0.000,1,0
benchmarks/satlib/uuf50-218/UUF50.218.1000/uuf50-0572.cnf,UNSAT,0.000,0,0
benchmarks/satlib/uuf50-218/UUF50.218.1000/uuf50-0573.cnf,UNSAT,0.000,1,0
benchmarks/satlib/uuf50-218/UUF50.218.1000/uuf50-0574.cnf,UNSAT,0.000,0,0
benchmarks/satlib/uuf50-218/UUF50.218.1000/uuf50-0575.cnf,UNSAT,0.000,2,0
benchmarks/satlib/uuf50-218/UUF50.218.1000/uuf50-0576.cnf,UNSAT,0.000,2,0
benchmarks/satlib/uuf50-218/UUF50.218.1000/uuf50-0577.cnf,UNSAT,0.000,1,0
benchmarks/satlib/uuf50-218/UUF50.218.1000/uuf50-0578.cnf,UNSAT,0.001,2,0
benchmarks/satlib/uuf50-218/UUF50.218.1000/uuf50-0579.cnf,UNSAT,0.000,1,0
benchmarks/satlib/uuf50-218/UUF50.218.1000/uuf50-058.cnf,UNSAT,0.000,1,0
benchmarks/satlib/uuf50-218/UUF50.218.1000/uuf50-0580.cnf,UNSAT,0.000,1,0
benchmarks/satlib/uuf50-218/UUF50.218.1000/uuf50-0581.cnf,UNSAT,0.000,2,0
benchmarks/satlib/uuf50-218/UUF50.218.1000/uuf50-0582.cnf,UNSAT,0.000,1,0
benchmarks/satlib/uuf50-218/UUF50.218.1000/uuf50-0583.cnf,UNSAT,0.000,1,0
benchmarks/satlib/uuf50-218/UUF50.218.1000/uuf50-0584.cnf,UNSAT,0.000,0,0
benchmarks/satlib/uuf50-218/UUF50.218.1000/uuf50-0585.cnf,UNSAT,0.000,1,0
benchmarks/satlib/uuf50-218/UUF50.218.1000/uuf50-0586.cnf,UNSAT,0.000,1,0
benchmarks/satlib/uuf50-218/UUF50.218.1000/uuf50-0587.cnf,UNSAT,0.000,1,0
benchmarks/satlib/uuf50-218/UUF50.218.1000/uuf50-0588.cnf,UNSAT,0.000,1,0
benchmarks/satlib/uuf50-218/UUF50.218.1000/uuf50-0589.cnf,UNSAT,0.000,1,0
benchmarks/satlib/uuf50-218/UUF50.218.1000/uuf50-059.cnf,UNSAT,0.000,1,0
benchmarks/satlib/uuf50-218/UUF50.218.1000/uuf50-0590.cnf,UNSAT,0.000,1,0
benchmarks/satlib/uuf50-218/UUF50.218.1000/uuf50-0591.cnf,UNSAT,0.000,1,0
benchmarks/satlib/uuf50-218/UUF50.218.1000/uuf50-0592.cnf,UNSAT,0.000,1,0
benchmarks/satlib/uuf50-218/UUF50.218.1000/uuf50-0593.cnf,UNSAT,0.000,1,0
benchmarks/satlib/uuf50-218/UUF50.218.1000/uuf50-0594.cnf,UNSAT,0.000,0,0
benchmarks/satlib/uuf50-218/UUF50.218.1000/uuf50-0595.cnf,UNSAT,0.000,2,0
benchmarks/satlib/uuf50-218/UUF50.218.1000/uuf50-0596.cnf,UNSAT,0.000,1,0
benchmarks/satlib/uuf50-218/UUF50.218.1000/uuf50-0597.cnf,UNSAT,0.000,2,0
benchmarks/satlib/uuf50-218/UUF50.218.1000/uuf50-0598.cnf,UNSAT,0.000,2,0
benchmarks/satlib/uuf50-218/UUF50.218.1000/uuf50-0599.cnf,UNSAT,0.000,1,0
benchmarks/satlib/uuf50-218/UUF50.218.1000/uuf50-06.cnf,UNSAT,0.000,2,0
benchmarks/satlib/uuf50-218/UUF50.218.1000/uuf50-060.cnf,UNSAT,0.000,2,0
benchmarks/satlib/uuf50-218/UUF50.218.1000/uuf50-0600.cnf,UNSAT,0.000,0,0
benchmarks/satlib/uuf50-218/UUF50.218.1000/uuf50-0601.cnf,UNSAT,0.000,1,0
benchmarks/satlib/uuf50-218/UUF50.218.1000/uuf50-0602.cnf,UNSAT,0.000,0,0
benchmarks/satlib/uuf50-218/UUF50.218.1000/uuf50-0603.cnf,UNSAT,0.000,2,0
benchmarks/satlib/uuf50-218/UUF50.218.1000/uuf50-0604.cnf,UNSAT,0.000,2,0
benchmarks/satlib/uuf50-218/UUF50.218.1000/uuf50-0605.cnf,UNSAT,0.000,1,0
benchmarks/satlib/uuf50-218/UUF50.218.1000/uuf50-0606.cnf,UNSAT,0.000,2,0
benchmarks/satlib/uuf50-218/UUF50.218.1000/uuf50-0607.cnf,UNSAT,0.000,1,0
benchmarks/satlib/uuf50-218/UUF50.218.1000/uuf50-0608.cnf,UNSAT,0.000,1,0
benchmarks/satlib/uuf50-218/UUF50.218.1000/uuf50-0609.cnf,UNSAT,0.000,0,0
benchmarks/satlib/uuf50-218/UUF50.218.1000/uuf50-061.cnf,UNSAT,0.000,1,0
benchmarks/satlib/uuf50-218/UUF50.218.1000/uuf50-0610.cnf,UNSAT,0.000,2,0
benchmarks/satlib/uuf50-218/UUF50.218.1000/uuf50-0611.cnf,UNSAT,0.000,2,0
benchmarks/satlib/uuf50-218/UUF50.218.1000/uuf50-0612.cnf,UNSAT,0.000,1,0
benchmarks/satlib/uuf50-218/UUF50.218.1000/uuf50-0613.cnf,UNSAT,0.000,1,0
benchmarks/satlib/uuf50-218/UUF50.218.1000/uuf50-0614.cnf,UNSAT,0.000,0,0
benchmarks/satlib/uuf50-218/UUF50.218.1000/uuf50-0615.cnf,UNSAT,0.000,1,0
benchmarks/satlib/uuf50-218/UUF50.218.1000/uuf50-0616.cnf,UNSAT,0.000,2,0
benchmarks/satlib/uuf50-218/UUF50.218.1000/uuf50-0617.cnf,UNSAT,0.000,2,0
benchmarks/satlib/uuf50-218/UUF50.218.1000/uuf50-0618.cnf,UNSAT,0.000,1,0
benchmarks/satlib/uuf50-218/UUF50.218.1000/uuf50-0619.cnf,UNSAT,0.000,1,0
benchmarks/satlib/uuf50-218/UUF50.218.1000/uuf50-062.cnf,UNSAT,0.000,2,0
benchmarks/satlib/uuf50-218/UUF50.218.1000/uuf50-0620.cnf,UNSAT,0.000,1,0
benchmarks/satlib/uuf50-218/UUF50.218.1000/uuf50-0621.cnf,UNSAT,0.000,0,0
benchmarks/satlib/uuf50-218/UUF50.218.1000/uuf50-0622.cnf,UNSAT,0.000,1,0
benchmarks/satlib/uuf50-218/UUF50.218.1000/uuf50-0623.cnf,UNSAT,0.000,1,0
benchmarks/satlib/uuf50-218/UUF50.218.1000/uuf50-0624.cnf,UNSAT,0.000,2,0
benchmarks/satlib/uuf50-218/UUF50.218.1000/uuf50-0625.cnf,UNSAT,0.000,0,0
benchmarks/satlib/uuf50-218/UUF50.218.1000/uuf50-0626.cnf,UNSAT,0.000,1,0
benchmarks/satlib/uuf50-218/UUF50.218.1000/uuf50-0627.cnf,UNSAT,0.000,1,0
benchmarks/satlib/uuf50-218/UUF50.218.1000/uuf50-0628.cnf,UNSAT,0.000,1,0
benchmarks/satlib/uuf50-218/UUF50.218.1000/uuf50-0629.cnf,UNSAT,0.000,0,0
benchmarks/satlib/uuf50-218/UUF50.218.1000/uuf50-063.cnf,UNSAT,0.000,0,0
benchmarks/satlib/uuf50-218/UUF50.218.1000/uuf50-0630.cnf,UNSAT,0.000,0,0
benchmarks/satlib/uuf50-218/UUF50.218.1000/uuf50-0631.cnf,UNSAT,0.000,1,0
benchmarks/satlib/uuf50-218/UUF50.218.1000/uuf50-0632.cnf,UNSAT,0.000,2,0
benchmarks/satlib/uuf50-218/UUF50.218.1000/uuf50-0633.cnf,UNSAT,0.000,1,0
benchmarks/satlib/uuf50-218/UUF50.218.1000/uuf50-0634.cnf,UNSAT,0.000,0,0
benchmarks/satlib/uuf50-218/UUF50.218.1000/uuf50-0635.cnf,UNSAT,0.000,1,0
benchmarks/satlib/uuf50-218/UUF50.218.1000/uuf50-0636.cnf,UNSAT,0.000,1,0
benchmarks/satlib/uuf50-218/UUF50.218.1000/uuf50-0637.cnf,UNSAT,0.000,1,0
benchmarks/satlib/uuf50-218/UUF50.218.1000/uuf50-0638.cnf,UNSAT,0.000,1,0
benchmarks/satlib/uuf50-218/UUF50.218.1000/uuf50-0639.cnf,UNSAT,0.000,1,0
benchmarks/satlib/uuf50-218/UUF50.218.1000/uuf50-064.cnf,UNSAT,0.000,1,0
benchmarks/satlib/uuf50-218/UUF50.218.1000/uuf50-0640.cnf,UNSAT,0.000,1,0
benchmarks/satlib/uuf50-218/UUF50.218.1000/uuf50-0641.cnf,UNSAT,0.000,1,0
benchmarks/satlib/uuf50-218/UUF50.218.1000/uuf50-0642.cnf,UNSAT,0.000,2,0
benchmarks/satlib/uuf50-218/UUF50.218.1000/uuf50-0643.cnf,UNSAT,0.000,2,0
benchmarks/satlib/uuf50-218/UUF50.218.1000/uuf50-0644.cnf,UNSAT,0.000,2,0
benchmarks/satlib/uuf50-218/UUF50.218.1000/uuf50-0645.cnf,UNSAT,0.000,2,0
benchmarks/satlib/uuf50-218/UUF50.218.1000/uuf50-0646.cnf,UNSAT,0.000,2,0
benchmarks/satlib/uuf50-218/UUF50.218.1000/uuf50-0647.cnf,UNSAT,0.000,1,0
benchmarks/satlib/uuf50-218/UUF50.218.1000/uuf50-0648.cnf,UNSAT,0.000,1,0
benchmarks/satlib/uuf50-218/UUF50.218.1000/uuf50-0649.cnf,UNSAT,0.000,1,0
benchmarks/satlib/uuf50-218/UUF50.218.1000/uuf50-065.cnf,UNSAT,0.000,1,0
benchmarks/satlib/uuf50-218/UUF50.218.1000/uuf50-0650.cnf,UNSAT,0.000,1,0
benchmarks/satlib/uuf50-218/UUF50.218.1000/uuf50-0651.cnf,UNSAT,0.000,1,0
benchmarks/satlib/uuf50-218/UUF50.218.1000/uuf50-0652.cnf,UNSAT,0.000,1,0
benchmarks/satlib/uuf50-218/UUF50.218.1000/uuf50-0653.cnf,UNSAT,0.000,1,0
benchmarks/satlib/uuf50-218/UUF50.218.1000/uuf50-0654.cnf,UNSAT,0.000,1,0
benchmarks/satlib/uuf50-218/UUF50.218.1000/uuf50-0655.cnf,UNSAT,0.000,0,0
benchmarks/satlib/uuf50-218/UUF50.218.1000/uuf50-0656.cnf,UNSAT,0.000,1,0
benchmarks/satlib/uuf50-218/UUF50.218.1000/uuf50-0657.cnf,UNSAT,0.000,0,0
benchmarks/satlib/uuf50-218/UUF50.218.1000/uuf50-0658.cnf,UNSAT,0.000,1,0
benchmarks/satlib/uuf50-218/UUF50.218.1000/uuf50-0659.cnf,UNSAT,0.000,1,0
benchmarks/satlib/uuf50-218/UUF50.218.1000/uuf50-066.cnf,UNSAT,0.000,1,0
benchmarks/satlib/uuf50-218/UUF50.218.1000/uuf50-0660.cnf,UNSAT,0.000,2,0
benchmarks/satlib/uuf50-218/UUF50.218.1000/uuf50-0661.cnf,UNSAT,0.000,2,0
benchmarks/satlib/uuf50-218/UUF50.218.1000/uuf50-0662.cnf,UNSAT,0.000,1,0
benchmarks/satlib/uuf50-218/UUF50.218.1000/uuf50-0663.cnf,UNSAT,0.000,2,0
benchmarks/satlib/uuf50-218/UUF50.218.1000/uuf50-0664.cnf,UNSAT,0.000,1,0
benchmarks/satlib/uuf50-218/UUF50.218.1000/uuf50-0665.cnf,UNSAT,0.000,1,0
benchmarks/satlib/uuf50-218/UUF50.218.1000/uuf50-0666.cnf,UNSAT,0.000,1,0
benchmarks/satlib/uuf50-218/UUF50.218.1000/uuf50-0667.cnf,UNSAT,0.000,1,0
benchmarks/satlib/uuf50-218/UUF50.218.1000/uuf50-0668.cnf,UNSAT,0.000,1,0
benchmarks/satlib/uuf50-218/UUF50.218.1000/uuf50-0669.cnf,UNSAT,0.000,2,0
benchmarks/satlib/uuf50-218/UUF50.218.1000/uuf50-067.cnf,UNSAT,0.000,1,0
benchmarks/satlib/uuf50-218/UUF50.218.1000/uuf50-0670.cnf,UNSAT,0.000,1,0
benchmarks/satlib/uuf50-218/UUF50.218.1000/uuf50-0671.cnf,UNSAT,0.000,1,0
benchmarks/satlib/uuf50-218/UUF50.218.1000/uuf50-0672.cnf,UNSAT,0.000,1,0
benchmarks/satlib/uuf50-218/UUF50.218.1000/uuf50-0673.cnf,UNSAT,0.000,1,0
benchmarks/satlib/uuf50-218/UUF50.218.1000/uuf50-0674.cnf,UNSAT,0.000,1,0
benchmarks/satlib/uuf50-218/UUF50.218.1000/uuf50-0675.cnf,UNSAT,0.000,1,0
benchmarks/satlib/uuf50-218/UUF50.218.1000/uuf50-0676.cnf,UNSAT,0.000,1,0
benchmarks/satlib/uuf50-218/UUF50.218.1000/uuf50-0677.cnf,UNSAT,0.000,1,0
benchmarks/satlib/uuf50-218/UUF50.218.1000/uuf50-0678.cnf,UNSAT,0.000,1,0
benchmarks/satlib/uuf50-218/UUF50.218.1000/uuf50-0679.cnf,UNSAT,0.000,0,0
benchmarks/satlib/uuf50-218/UUF50.218.1000/uuf50-068.cnf,UNSAT,0.000,1,0
benchmarks/satlib/uuf50-218/UUF50.218.1000/uuf50-0680.cnf,UNSAT,0.000,1,0
benchmarks/satlib/uuf50-218/UUF50.218.1000/uuf50-0681.cnf,UNSAT,0.000,1,0
benchmarks/satlib/uuf50-218/UUF50.218.1000/uuf50-0682.cnf,UNSAT,0.000,2,0
benchmarks/satlib/uuf50-218/UUF50.218.1000/uuf50-0683.cnf,UNSAT,0.000,1,0
benchmarks/satlib/uuf50-218/UUF50.218.1000/uuf50-0684.cnf,UNSAT,0.000,1,0
benchmarks/satlib/uuf50-218/UUF50.218.1000/uuf50-0685.cnf,UNSAT,0.000,2,0
benchmarks/satlib/uuf50-218/UUF50.218.1000/uuf50-0686.cnf,UNSAT,0.000,1,0
benchmarks/satlib/uuf50-218/UUF50.218.1000/uuf50-0687.cnf,UNSAT,0.000,1,0
benchmarks/satlib/uuf50-218/UUF50.218.1000/uuf50-0688.cnf,UNSAT,0.000,2,0
benchmarks/satlib/uuf50-218/UUF50.218.1000/uuf50-0689.cnf,UNSAT,0.000,1,0
benchmarks/satlib/uuf50-218/UUF50.218.1000/uuf50-069.cnf,UNSAT,0.000,1,0
benchmarks/satlib/uuf50-218/UUF50.218.1000/uuf50-0690.cnf,UNSAT,0.000,2,0
benchmarks/satlib/uuf50-218/UUF50.218.1000/uuf50-0691.cnf,UNSAT,0.000,1,0
benchmarks/satlib/uuf50-218/UUF50.218.1000/uuf50-0692.cnf,UNSAT,0.000,2,0
benchmarks/satlib/uuf50-218/UUF50.218.1000/uuf50-0693.cnf,UNSAT,0.000,1,0
benchmarks/satlib/uuf50-218/UUF50.218.1000/uuf50-0694.cnf,UNSAT,0.000,1,0
benchmarks/satlib/uuf50-218/UUF50.218.1000/uuf50-0695.cnf,UNSAT,0.000,0,0
benchmarks/satlib/uuf50-218/UUF50.218.1000/uuf50-0696.cnf,UNSAT,0.000,1,0
benchmarks/satlib/uuf50-218/UUF50.218.1000/uuf50-0697.cnf,UNSAT,0.000,1,0
benchmarks/satlib/uuf50-218/UUF50.218.1000/uuf50-0698.cnf,UNSAT,0.000,1,0
benchmarks/satlib/uuf50-218/UUF50.218.1000/uuf50-0699.cnf,UNSAT,0.000,1,0
benchmarks/satlib/uuf50-218/UUF50.218.1000/uuf50-07.cnf,UNSAT,0.000,1,0
benchmarks/satlib/uuf50-218/UUF50.218.1000/uuf50-070.cnf,UNSAT,0.000,1,0
benchmarks/satlib/uuf50-218/UUF50.218.1000/uuf50-0700.cnf,UNSAT,0.000,0,0
benchmarks/satlib/uuf50-218/UUF50.218.1000/uuf50-0701.cnf,UNSAT,0.000,1,0
benchmarks/satlib/uuf50-218/UUF50.218.1000/uuf50-0702.cnf,UNSAT,0.000,1,0
benchmarks/satlib/uuf50-218/UUF50.218.1000/uuf50-0703.cnf,UNSAT,0.000,1,0
benchmarks/satlib/uuf50-218/UUF50.218.1000/uuf50-0704.cnf,UNSAT,0.000,1,0
benchmarks/satlib/uuf50-218/UUF50.218.1000/uuf50-0705.cnf,UNSAT,0.000,2,0
benchmarks/satlib/uuf50-218/UUF50.218.1000/uuf50-0706.cnf,UNSAT,0.000,1,0
benchmarks/satlib/uuf50-218/UUF50.218.1000/uuf50-0707.cnf,UNSAT,0.000,0,0
benchmarks/satlib/uuf50-218/UUF50.218.1000/uuf50-0708.cnf,UNSAT,0.000,1,0
benchmarks/satlib/uuf50-218/UUF50.218.1000/uuf50-0709.cnf,UNSAT,0.000,2,0
benchmarks/satlib/uuf50-218/UUF50.218.1000/uuf50-071.cnf,UNSAT,0.000,0,0
benchmarks/satlib/uuf50-218/UUF50.218.1000/uuf50-0710.cnf,UNSAT,0.000,1,0
benchmarks/satlib/uuf50-218/UUF50.218.1000/uuf50-0711.cnf,UNSAT,0.000,1,0
benchmarks/satlib/uuf50-218/UUF50.218.1000/uuf50-0712.cnf,UNSAT,0.000,2,0
benchmarks/satlib/uuf50-218/UUF50.218.1000/uuf50-0713.cnf,UNSAT,0.000,1,0
benchmarks/satlib/uuf50-218/UUF50.218.1000/uuf50-0714.cnf,UNSAT,0.000,1,0
benchmarks/satlib/uuf50-218/UUF50.218.1000/uuf50-0715.cnf,UNSAT,0.000,1,0
benchmarks/satlib/uuf50-218/UUF50.218.1000/uuf50-0716.cnf,UNSAT,0.000,1,0
benchmarks/satlib/uuf50-218/UUF50.218.1000/uuf50-0717.cnf,UNSAT,0.000,1,0
benchmarks/satlib/uuf50-218/UUF50.218.1000/uuf50-0718.cnf,UNSAT,0.000,1,0
benchmarks/satlib/uuf50-218/UUF50.218.1000/uuf50-0719.cnf,UNSAT,0.000,1,0
benchmarks/satlib/uuf50-218/UUF50.218.1000/uuf50-072.cnf,UNSAT,0.000,2,0
benchmarks/satlib/uuf50-218/UUF50.218.1000/uuf50-0720.cnf,UNSAT,0.000,1,0
benchmarks/satlib/uuf50-218/UUF50.218.1000/uuf50-0721.cnf,UNSAT,0.000,1,0
benchmarks/satlib/uuf50-218/UUF50.218.1000/uuf50-0722.cnf,UNSAT,0.000,1,0
benchmarks/satlib/uuf50-218/UUF50.218.1000/uuf50-0723.cnf,UNSAT,0.000,1,0
benchmarks/satlib/uuf50-218/UUF50.218.1000/uuf50-0724.cnf,UNSAT,0.000,1,0
benchmarks/satlib/uuf50-218/UUF50.218.1000/uuf50-0725.cnf,UNSAT,0.000,1,0
benchmarks/satlib/uuf50-218/UUF50.218.1000/uuf50-0726.cnf,UNSAT,0.000,0,0
benchmarks/satlib/uuf50-218/UUF50.218.1000/uuf50-0727.cnf,UNSAT,0.000,1,0
benchmarks/satlib/uuf50-218/UUF50.218.1000/uuf50-0728.cnf,UNSAT,0.000,0,0
benchmarks/satlib/uuf50-218/UUF50.218.1000/uuf50-0729.cnf,UNSAT,0.000,0,0
benchmarks/satlib/uuf50-218/UUF50.218.1000/uuf50-073.cnf,UNSAT,0.000,1,0
benchmarks/satlib/uuf50-218/UUF50.218.1000/uuf50-0730.cnf,UNSAT,0.000,1,0
benchmarks/satlib/uuf50-218/UUF50.218.1000/uuf50-0731.cnf,UNSAT,0.000,1,0
benchmarks/satlib/uuf50-218/UUF50.218.1000/uuf50-0732.cnf,UNSAT,0.000,1,0
benchmarks/satlib/uuf50-218/UUF50.218.1000/uuf50-0733.cnf,UNSAT,0.000,1,0
benchmarks/satlib/uuf50-218/UUF50.218.1000/uuf50-0734.cnf,UNSAT,0.000,1,0
benchmarks/satlib/uuf50-218/UUF50.218.1000/uuf50-0735.cnf,UNSAT,0.000,1,0
benchmarks/satlib/uuf50-218/UUF50.218.1000/uuf50-0736.cnf,UNSAT,0.000,1,0
benchmarks/satlib/uuf50-218/UUF50.218.1000/uuf50-0737.cnf,UNSAT,0.000,2,0
benchmarks/satlib/uuf50-218/UUF50.218.1000/uuf50-0738.cnf,UNSAT,0.001,2,0
benchmarks/satlib/uuf50-218/UUF50.218.1000/uuf50-0739.cnf,UNSAT,0.000,2,0
benchmarks/satlib/uuf50-218/UUF50.218.1000/uuf50-074.cnf,UNSAT,0.000,0,0
benchmarks/satlib/uuf50-218/UUF50.218.1000/uuf50-0740.cnf,UNSAT,0.000,2,0
benchmarks/satlib/uuf50-218/UUF50.218.1000/uuf50-0741.cnf,UNSAT,0.000,2,0
benchmarks/satlib/uuf50-218/UUF50.218.1000/uuf50-0742.cnf,UNSAT,0.000,1,0
benchmarks/satlib/uuf50-218/UUF50.218.1000/uuf50-0743.cnf,UNSAT,0.000,1,0
benchmarks/satlib/uuf50-218/UUF50.218.1000/uuf50-0744.cnf,UNSAT,0.000,2,0
benchmarks/satlib/uuf50-218/UUF50.218.1000/uuf50-0745.cnf,UNSAT,0.000,0,0
benchmarks/satlib/uuf50-218/UUF50.218.1000/uuf50-0746.cnf,UNSAT,0.000,2,0
benchmarks/satlib/uuf50-218/UUF50.218.1000/uuf50-0747.cnf,UNSAT,0.000,1,0
benchmarks/satlib/uuf50-218/UUF50.218.1000/uuf50-0748.cnf,UNSAT,0.000,1,0
benchmarks/satlib/uuf50-218/UUF50.218.1000/uuf50-0749.cnf,UNSAT,0.000,2,0
benchmarks/satlib/uuf50-218/UUF50.218.1000/uuf50-075.cnf,UNSAT,0.000,0,0
benchmarks/satlib/uuf50-218/UUF50.218.1000/uuf50-0750.cnf,UNSAT,0.000,0,0
benchmarks/satlib/uuf50-218/UUF50.218.1000/uuf50-0751.cnf,UNSAT,0.000,1,0
benchmarks/satlib/uuf50-218/UUF50.218.1000/uuf50-0752.cnf,UNSAT,0.000,2,0
benchmarks/satlib/uuf50-218/UUF50.218.1000/uuf50-0753.cnf,UNSAT,0.000,1,0
benchmarks/satlib/uuf50-218/UUF50.218.1000/uuf50-0754.cnf,UNSAT,0.000,1,0
benchmarks/satlib/uuf50-218/UUF50.218.1000/uuf50-0755.cnf,UNSAT,0.000,0,0
benchmarks/satlib/uuf50-218/UUF50.218.1000/uuf50-0756.cnf,UNSAT,0.000,1,0
benchmarks/satlib/uuf50-218/UUF50.218.1000/uuf50-0757.cnf,UNSAT,0.000,1,0
benchmarks/satlib/uuf50-218/UUF50.218.1000/uuf50-0758.cnf,UNSAT,0.000,1,0
benchmarks/satlib/uuf50-218/UUF50.218.1000/uuf50-0759.cnf,UNSAT,0.000,1,0
benchmarks/satlib/uuf50-218/UUF50.218.1000/uuf50-076.cnf,UNSAT,0.000,1,0
benchmarks/satlib/uuf50-218/UUF50.218.1000/uuf50-0760.cnf,UNSAT,0.000,1,0
benchmarks/satlib/uuf50-218/UUF50.218.1000/uuf50-0761.cnf,UNSAT,0.000,1,0
benchmarks/satlib/uuf50-218/UUF50.218.1000/uuf50-0762.cnf,UNSAT,0.000,1,0
benchmarks/satlib/uuf50-218/UUF50.218.1000/uuf50-0763.cnf,UNSAT,0.000,2,0
benchmarks/satlib/uuf50-218/UUF50.218.1000/uuf50-0764.cnf,UNSAT,0.000,1,0
benchmarks/satlib/uuf50-218/UUF50.218.1000/uuf50-0765.cnf,UNSAT,0.000,1,0
benchmarks/satlib/uuf50-218/UUF50.218.1000/uuf50-0766.cnf,UNSAT,0.001,2,0
benchmarks/satlib/uuf50-218/UUF50.218.1000/uuf50-0767.cnf,UNSAT,0.000,2,0
benchmarks/satlib/uuf50-218/UUF50.218.1000/uuf50-0768.cnf,UNSAT,0.000,1,0
benchmarks/satlib/uuf50-218/UUF50.218.1000/uuf50-0769.cnf,UNSAT,0.000,1,0
benchmarks/satlib/uuf50-218/UUF50.218.1000/uuf50-077.cnf,UNSAT,0.000,0,0
benchmarks/satlib/uuf50-218/UUF50.218.1000/uuf50-0770.cnf,UNSAT,0.000,0,0
benchmarks/satlib/uuf50-218/UUF50.218.1000/uuf50-0771.cnf,UNSAT,0.000,1,0
benchmarks/satlib/uuf50-218/UUF50.218.1000/uuf50-0772.cnf,UNSAT,0.000,2,0
benchmarks/satlib/uuf50-218/UUF50.218.1000/uuf50-0773.cnf,UNSAT,0.000,1,0
benchmarks/satlib/uuf50-218/UUF50.218.1000/uuf50-0774.cnf,UNSAT,0.000,1,0
benchmarks/satlib/uuf50-218/UUF50.218.1000/uuf50-0775.cnf,UNSAT,0.000,0,0
benchmarks/satlib/uuf50-218/UUF50.218.1000/uuf50-0776.cnf,UNSAT,0.000,1,0
benchmarks/satlib/uuf50-218/UUF50.218.1000/uuf50-0777.cnf,UNSAT,0.000,1,0
benchmarks/satlib/uuf50-218/UUF50.218.1000/uuf50-0778.cnf,UNSAT,0.000,0,0
benchmarks/satlib/uuf50-218/UUF50.218.1000/uuf50-0779.cnf,UNSAT,0.000,1,0
benchmarks/satlib/uuf50-218/UUF50.218.1000/uuf50-078.cnf,UNSAT,0.000,1,0
benchmarks/satlib/uuf50-218/UUF50.218.1000/uuf50-0780.cnf,UNSAT,0.000,1,0
benchmarks/satlib/uuf50-218/UUF50.218.1000/uuf50-0781.cnf,UNSAT,0.000,2,0
benchmarks/satlib/uuf50-218/UUF50.218.1000/uuf50-0782.cnf,UNSAT,0.000,0,0
benchmarks/satlib/uuf50-218/UUF50.218.1000/uuf50-0783.cnf,UNSAT,0.000,1,0
benchmarks/satlib/uuf50-218/UUF50.218.1000/uuf50-0784.cnf,UNSAT,0.000,0,0
benchmarks/satlib/uuf50-218/UUF50.218.1000/uuf50-0785.cnf,UNSAT,0.000,1,0
benchmarks/satlib/uuf50-218/UUF50.218.1000/uuf50-0786.cnf,UNSAT,0.000,1,0
benchmarks/satlib/uuf50-218/UUF50.218.1000/uuf50-0787.cnf,UNSAT,0.000,2,0
benchmarks/satlib/uuf50-218/UUF50.218.1000/uuf50-0788.cnf,UNSAT,0.000,1,0
benchmarks/satlib/uuf50-218/UUF50.218.1000/uuf50-0789.cnf,UNSAT,0.000,1,0
benchmarks/satlib/uuf50-218/UUF50.218.1000/uuf50-079.cnf,UNSAT,0.000,1,0
benchmarks/satlib/uuf50-218/UUF50.218.1000/uuf50-0790.cnf,UNSAT,0.000,1,0
benchmarks/satlib/uuf50-218/UUF50.218.1000/uuf50-0791.cnf,UNSAT,0.000,1,0
benchmarks/satlib/uuf50-218/UUF50.218.1000/uuf50-0792.cnf,UNSAT,0.000,1,0
benchmarks/satlib/uuf50-218/UUF50.218.1000/uuf50-0793.cnf,UNSAT,0.000,0,0
benchmarks/satlib/uuf50-218/UUF50.218.1000/uuf50-0794.cnf,UNSAT,0.000,0,0
benchmarks/satlib/uuf50-218/UUF50.218.1000/uuf50-0795.cnf,UNSAT,0.000,0,0
benchmarks/satlib/uuf50-218/UUF50.218.1000/uuf50-0796.cnf,UNSAT,0.001,2,0
benchmarks/satlib/uuf50-218/UUF50.218.1000/uuf50-0797.cnf,UNSAT,0.000,1,0
benchmarks/satlib/uuf50-218/UUF50.218.1000/uuf50-0798.cnf,UNSAT,0.000,1,0
benchmarks/satlib/uuf50-218/UUF50.218.1000/uuf50-0799.cnf,UNSAT,0.000,1,0
benchmarks/satlib/uuf50-218/UUF50.218.1000/uuf50-08.cnf,UNSAT,0.000,1,0
benchmarks/satlib/uuf50-218/UUF50.218.1000/uuf50-080.cnf,UNSAT,0.000,2,0
benchmarks/satlib/uuf50-218/UUF50.218.1000/uuf50-0800.cnf,UNSAT,0.000,1,0
benchmarks/satlib/uuf50-218/UUF50.218.1000/uuf50-0801.cnf,UNSAT,0.000,1,0
benchmarks/satlib/uuf50-218/UUF50.218.1000/uuf50-0802.cnf,UNSAT,0.000,2,0
benchmarks/satlib/uuf50-218/UUF50.218.1000/uuf50-0803.cnf,UNSAT,0.000,2,0
benchmarks/satlib/uuf50-218/UUF50.218.1000/uuf50-0804.cnf,UNSAT,0.000,0,0
benchmarks/satlib/uuf50-218/UUF50.218.1000/uuf50-0805.cnf,UNSAT,0.000,0,0
benchmarks/satlib/uuf50-218/UUF50.218.1000/uuf50-0806.cnf,UNSAT,0.000,1,0
benchmarks/satlib/uuf50-218/UUF50.218.1000/uuf50-0807.cnf,UNSAT,0.000,1,0
benchmarks/satlib/uuf50-218/UUF50.218.1000/uuf50-0808.cnf,UNSAT,0.000,1,0
benchmarks/satlib/uuf50-218/UUF50.218.1000/uuf50-0809.cnf,UNSAT,0.000,1,0
benchmarks/satlib/uuf50-218/UUF50.218.1000/uuf50-081.cnf,UNSAT,0.000,1,0
benchmarks/satlib/uuf50-218/UUF50.218.1000/uuf50-0810.cnf,UNSAT,0.000,2,0
benchmarks/satlib/uuf50-218/UUF50.218.1000/uuf50-0811.cnf,UNSAT,0.000,1,0
benchmarks/satlib/uuf50-218/UUF50.218.1000/uuf50-0812.cnf,UNSAT,0.000,1,0
benchmarks/satlib/uuf50-218/UUF50.218.1000/uuf50-0813.cnf,UNSAT,0.000,1,0
benchmarks/satlib/uuf50-218/UUF50.218.1000/uuf50-0814.cnf,UNSAT,0.000,2,0
benchmarks/satlib/uuf50-218/UUF50.218.1000/uuf50-0815.cnf,UNSAT,0.000,1,0
benchmarks/satlib/uuf50-218/UUF50.218.1000/uuf50-0816.cnf,UNSAT,0.000,2,0
benchmarks/satlib/uuf50-218/UUF50.218.1000/uuf50-0817.cnf,UNSAT,0.000,2,0
benchmarks/satlib/uuf50-218/UUF50.218.1000/uuf50-0818.cnf,UNSAT,0.001,2,0
benchmarks/satlib/uuf50-218/UUF50.218.1000/uuf50-0819.cnf,UNSAT,0.000,0,0
benchmarks/satlib/uuf50-218/UUF50.218.1000/uuf50-082.cnf,UNSAT,0.000,1,0
benchmarks/satlib/uuf50-218/UUF50.218.1000/uuf50-0820.cnf,UNSAT,0.000,1,0
benchmarks/satlib/uuf50-218/UUF50.218.1000/uuf50-0821.cnf,UNSAT,0.000,1,0
benchmarks/satlib/uuf50-218/UUF50.218.1000/uuf50-0822.cnf,UNSAT,0.000,2,0
benchmarks/satlib/uuf50-218/UUF50.218.1000/uuf50-0823.cnf,UNSAT,0.000,2,0
benchmarks/satlib/uuf50-218/UUF50.218.1000/uuf50-0824.cnf,UNSAT,0.000,1,0
benchmarks/satlib/uuf50-218/UUF50.218.1000/uuf50-0825.cnf,UNSAT,0.000,2,0
benchmarks/satlib/uuf50-218/UUF50.218.1000/uuf50-0826.cnf,UNSAT,0.000,1,0
benchmarks/satlib/uuf50-218/UUF50.218.1000/uuf50-0827.cnf,UNSAT,0.000,1,0
benchmarks/satlib/uuf50-218/UUF50.218.1000/uuf50-0828.cnf,UNSAT,0.001,2,0
benchmarks/satlib/uuf50-218/UUF50.218.1000/uuf50-0829.cnf,UNSAT,0.000,1,0
benchmarks/satlib/uuf50-218/UUF50.218.1000/uuf50-083.cnf,UNSAT,0.000,1,0
benchmarks/satlib/uuf50-218/UUF50.218.1000/uuf50-0830.cnf,UNSAT,0.000,2,0
benchmarks/satlib/uuf50-218/UUF50.218.1000/uuf50-0831.cnf,UNSAT,0.000,0,0
benchmarks/satlib/uuf50-218/UUF50.218.1000/uuf50-0832.cnf,UNSAT,0.000,2,0
benchmarks/satlib/uuf50-218/UUF50.218.1000/uuf50-0833.cnf,UNSAT,0.000,2,0
benchmarks/satlib/uuf50-218/UUF50.218.1000/uuf50-0834.cnf,UNSAT,0.000,1,0
benchmarks/satlib/uuf50-218/UUF50.218.1000/uuf50-0835.cnf,UNSAT,0.000,1,0
benchmarks/satlib/uuf50-218/UUF50.218.1000/uuf50-0836.cnf,UNSAT,0.000,1,0
benchmarks/satlib/uuf50-218/UUF50.218.1000/uuf50-0837.cnf,UNSAT,0.000,2,0
benchmarks/satlib/uuf50-218/UUF50.218.1000/uuf50-0838.cnf,UNSAT,0.000,1,0
benchmarks/satlib/uuf50-218/UUF50.218.1000/uuf50-0839.cnf,UNSAT,0.000,2,0
benchmarks/satlib/uuf50-218/UUF50.218.1000/uuf50-084.cnf,UNSAT,0.000,1,0
benchmarks/satlib/uuf50-218/UUF50.218.1000/uuf50-0840.cnf,UNSAT,0.000,1,0
benchmarks/satlib/uuf50-218/UUF50.218.1000/uuf50-0841.cnf,UNSAT,0.000,2,0
benchmarks/satlib/uuf50-218/UUF50.218.1000/uuf50-0842.cnf,UNSAT,0.000,1,0
benchmarks/satlib/uuf50-218/UUF50.218.1000/uuf50-0843.cnf,UNSAT,0.000,1,0
benchmarks/satlib/uuf50-218/UUF50.218.1000/uuf50-0844.cnf,UNSAT,0.000,2,0
benchmarks/satlib/uuf50-218/UUF50.218.1000/uuf50-0845.cnf,UNSAT,0.000,1,0
benchmarks/satlib/uuf50-218/UUF50.218.1000/uuf50-0846.cnf,UNSAT,0.000,1,0
benchmarks/satlib/uuf50-218/UUF50.218.1000/uuf50-0847.cnf,UNSAT,0.000,1,0
benchmarks/satlib/uuf50-218/UUF50.218.1000/uuf50-0848.cnf,UNSAT,0.000,1,0
benchmarks/satlib/uuf50-218/UUF50.218.1000/uuf50-0849.cnf,UNSAT,0.000,1,0
benchmarks/satlib/uuf50-218/UUF50.218.1000/uuf50-085.cnf,UNSAT,0.000,0,0
benchmarks/satlib/uuf50-218/UUF50.218.1000/uuf50-0850.cnf,UNSAT,0.000,2,0
benchmarks/satlib/uuf50-218/UUF50.218.1000/uuf50-0851.cnf,UNSAT,0.000,1,0
benchmarks/satlib/uuf50-218/UUF50.218.1000/uuf50-0852.cnf,UNSAT,0.000,1,0
benchmarks/satlib/uuf50-218/UUF50.218.1000/uuf50-0853.cnf,UNSAT,0.000,1,0
benchmarks/satlib/uuf50-218/UUF50.218.1000/uuf50-0854.cnf,UNSAT,0.000,2,0
benchmarks/satlib/uuf50-218/UUF50.218.1000/uuf50-0855.cnf,UNSAT,0.000,1,0
benchmarks/satlib/uuf50-218/UUF50.218.1000/uuf50-0856.cnf,UNSAT,0.000,1,0
benchmarks/satlib/uuf50-218/UUF50.218.1000/uuf50-0857.cnf,UNSAT,0.000,1,0
benchmarks/satlib/uuf50-218/UUF50.218.1000/uuf50-0858.cnf,UNSAT,0.000,1,0
benchmarks/satlib/uuf50-218/UUF50.218.1000/uuf50-0859.cnf,UNSAT,0.000,0,0
benchmarks/satlib/uuf50-218/UUF50.218.1000/uuf50-086.cnf,UNSAT,0.000,2,0
benchmarks/satlib/uuf50-218/UUF50.218.1000/uuf50-0860.cnf,UNSAT,0.000,1,0
benchmarks/satlib/uuf50-218/UUF50.218.1000/uuf50-0861.cnf,UNSAT,0.000,2,0
benchmarks/satlib/uuf50-218/UUF50.218.1000/uuf50-0862.cnf,UNSAT,0.000,1,0
benchmarks/satlib/uuf50-218/UUF50.218.1000/uuf50-0863.cnf,UNSAT,0.000,1,0
benchmarks/satlib/uuf50-218/UUF50.218.1000/uuf50-0864.cnf,UNSAT,0.000,2,0
benchmarks/satlib/uuf50-218/UUF50.218.1000/uuf50-0865.cnf,UNSAT,0.000,2,0
benchmarks/satlib/uuf50-218/UUF50.218.1000/uuf50-0866.cnf,UNSAT,0.000,1,0
benchmarks/satlib/uuf50-218/UUF50.218.1000/uuf50-0867.cnf,UNSAT,0.000,1,0
benchmarks/satlib/uuf50-218/UUF50.218.1000/uuf50-0868.cnf,UNSAT,0.000,1,0
benchmarks/satlib/uuf50-218/UUF50.218.1000/uuf50-0869.cnf,UNSAT,0.000,1,0
benchmarks/satlib/uuf50-218/UUF50.218.1000/uuf50-087.cnf,UNSAT,0.000,1,0
benchmarks/satlib/uuf50-218/UUF50.218.1000/uuf50-0870.cnf,UNSAT,0.000,1,0
benchmarks/satlib/uuf50-218/UUF50.218.1000/uuf50-0871.cnf,UNSAT,0.000,2,0
benchmarks/satlib/uuf50-218/UUF50.218.1000/uuf50-0872.cnf,UNSAT,0.000,1,0
benchmarks/satlib/uuf50-218/UUF50.218.1000/uuf50-0873.cnf,UNSAT,0.000,1,0
benchmarks/satlib/uuf50-218/UUF50.218.1000/uuf50-0874.cnf,UNSAT,0.000,1,0
benchmarks/satlib/uuf50-218/UUF50.218.1000/uuf50-0875.cnf,UNSAT,0.000,1,0
benchmarks/satlib/uuf50-218/UUF50.218.1000/uuf50-0876.cnf,UNSAT,0.000,1,0
benchmarks/satlib/uuf50-218/UUF50.218.1000/uuf50-0877.cnf,UNSAT,0.000,1,0
benchmarks/satlib/uuf50-218/UUF50.218.1000/uuf50-0878.cnf,UNSAT,0.000,2,0
benchmarks/satlib/uuf50-218/UUF50.218.1000/uuf50-0879.cnf,UNSAT,0.000,2,0
benchmarks/satlib/uuf50-218/UUF50.218.1000/uuf50-088.cnf,UNSAT,0.000,1,0
benchmarks/satlib/uuf50-218/UUF50.218.1000/uuf50-0880.cnf,UNSAT,0.000,1,0
benchmarks/satlib/uuf50-218/UUF50.218.1000/uuf50-0881.cnf,UNSAT,0.000,2,0
benchmarks/satlib/uuf50-218/UUF50.218.1000/uuf50-0882.cnf,UNSAT,0.000,1,0
benchmarks/satlib/uuf50-218/UUF50.218.1000/uuf50-0883.cnf,UNSAT,0.000,0,0
benchmarks/satlib/uuf50-218/UUF50.218.1000/uuf50-0884.cnf,UNSAT,0.000,1,0
benchmarks/satlib/uuf50-218/UUF50.218.1000/uuf50-0885.cnf,UNSAT,0.000,1,0
benchmarks/satlib/uuf50-218/UUF50.218.1000/uuf50-0886.cnf,UNSAT,0.000,1,0
benchmarks/satlib/uuf50-218/UUF50.218.1000/uuf50-0887.cnf,UNSAT,0.000,1,0
benchmarks/satlib/uuf50-218/UUF50.218.1000/uuf50-0888.cnf,UNSAT,0.000,1,0
benchmarks/satlib/uuf50-218/UUF50.218.1000/uuf50-0889.cnf,UNSAT,0.000,1,0
benchmarks/satlib/uuf50-218/UUF50.218.1000/uuf50-089.cnf,UNSAT,0.000,1,0
benchmarks/satlib/uuf50-218/UUF50.218.1000/uuf50-0890.cnf,UNSAT,0.000,2,0
benchmarks/satlib/uuf50-218/UUF50.218.1000/uuf50-0891.cnf,UNSAT,0.000,2,0
benchmarks/satlib/uuf50-218/UUF50.218.1000/uuf50-0892.cnf,UNSAT,0.000,0,0
benchmarks/satlib/uuf50-218/UUF50.218.1000/uuf50-0893.cnf,UNSAT,0.000,1,0
benchmarks/satlib/uuf50-218/UUF50.218.1000/uuf50-0894.cnf,UNSAT,0.000,0,0
benchmarks/satlib/uuf50-218/UUF50.218.1000/uuf50-0895.cnf,UNSAT,0.000,1,0
benchmarks/satlib/uuf50-218/UUF50.218.1000/uuf50-0896.cnf,UNSAT,0.000,2,0
benchmarks/satlib/uuf50-218/UUF50.218.1000/uuf50-0897.cnf,UNSAT,0.000,1,0
benchmarks/satlib/uuf50-218/UUF50.218.1000/uuf50-0898.cnf,UNSAT,0.000,1,0
benchmarks/satlib/uuf50-218/UUF50.218.1000/uuf50-0899.cnf,UNSAT,0.000,2,0
benchmarks/satlib/uuf50-218/UUF50.218.1000/uuf50-09.cnf,UNSAT,0.000,2,0
benchmarks/satlib/uuf50-218/UUF50.218.1000/uuf50-090.cnf,UNSAT,0.000,0,0
benchmarks/satlib/uuf50-218/UUF50.218.1000/uuf50-0900.cnf,UNSAT,0.000,2,0
benchmarks/satlib/uuf50-218/UUF50.218.1000/uuf50-0901.cnf,UNSAT,0.000,1,0
benchmarks/satlib/uuf50-218/UUF50.218.1000/uuf50-0902.cnf,UNSAT,0.000,0,0
benchmarks/satlib/uuf50-218/UUF50.218.1000/uuf50-0903.cnf,UNSAT,0.000,1,0
benchmarks/satlib/uuf50-218/UUF50.218.1000/uuf50-0904.cnf,UNSAT,0.000,1,0
benchmarks/satlib/uuf50-218/UUF50.218.1000/uuf50-0905.cnf,UNSAT,0.000,1,0
benchmarks/satlib/uuf50-218/UUF50.218.1000/uuf50-0906.cnf,UNSAT,0.000,1,0
benchmarks/satlib/uuf50-218/UUF50.218.1000/uuf50-0907.cnf,UNSAT,0.000,1,0
benchmarks/satlib/uuf50-218/UUF50.218.1000/uuf50-0908.cnf,UNSAT,0.000,1,0
benchmarks/satlib/uuf50-218/UUF50.218.1000/uuf50-0909.cnf,UNSAT,0.000,0,0
benchmarks/satlib/uuf50-218/UUF50.218.1000/uuf50-091.cnf,UNSAT,0.000,1,0
benchmarks/satlib/uuf50-218/UUF50.218.1000/uuf50-0910.cnf,UNSAT,0.000,2,0
benchmarks/satlib/uuf50-218/UUF50.218.1000/uuf50-0911.cnf,UNSAT,0.000,1,0
benchmarks/satlib/uuf50-218/UUF50.218.1000/uuf50-0912.cnf,UNSAT,0.000,1,0
benchmarks/satlib/uuf50-218/UUF50.218.1000/uuf50-0913.cnf,UNSAT,0.000,0,0
benchmarks/satlib/uuf50-218/UUF50.218.1000/uuf50-0914.cnf,UNSAT,0.000,1,0
benchmarks/satlib/uuf50-218/UUF50.218.1000/uuf50-0915.cnf,UNSAT,0.000,0,0
benchmarks/satlib/uuf50-218/UUF50.218.1000/uuf50-0916.cnf,UNSAT,0.000,1,0
benchmarks/satlib/uuf50-218/UUF50.218.1000/uuf50-0917.cnf,UNSAT,0.000,1,0
benchmarks/satlib/uuf50-218/UUF50.218.1000/uuf50-0918.cnf,UNSAT,0.000,1,0
benchmarks/satlib/uuf50-218/UUF50.218.1000/uuf50-0919.cnf,UNSAT,0.000,2,0
benchmarks/satlib/uuf50-218/UUF50.218.1000/uuf50-092.cnf,UNSAT,0.000,1,0
benchmarks/satlib/uuf50-218/UUF50.218.1000/uuf50-0920.cnf,UNSAT,0.000,1,0
benchmarks/satlib/uuf50-218/UUF50.218.1000/uuf50-0921.cnf,UNSAT,0.000,1,0
benchmarks/satlib/uuf50-218/UUF50.218.1000/uuf50-0922.cnf,UNSAT,0.000,1,0
benchmarks/satlib/uuf50-218/UUF50.218.1000/uuf50-0923.cnf,UNSAT,0.000,2,0
benchmarks/satlib/uuf50-218/UUF50.218.1000/uuf50-0924.cnf,UNSAT,0.000,1,0
benchmarks/satlib/uuf50-218/UUF50.218.1000/uuf50-0925.cnf,UNSAT,0.000,1,0
benchmarks/satlib/uuf50-218/UUF50.218.1000/uuf50-0926.cnf,UNSAT,0.000,1,0
benchmarks/satlib/uuf50-218/UUF50.218.1000/uuf50-0927.cnf,UNSAT,0.000,1,0
benchmarks/satlib/uuf50-218/UUF50.218.1000/uuf50-0928.cnf,UNSAT,0.000,1,0
benchmarks/satlib/uuf50-218/UUF50.218.1000/uuf50-0929.cnf,UNSAT,0.000,1,0
benchmarks/satlib/uuf50-218/UUF50.218.1000/uuf50-093.cnf,UNSAT,0.000,0,0
benchmarks/satlib/uuf50-218/UUF50.218.1000/uuf50-0930.cnf,UNSAT,0.000,1,0
benchmarks/satlib/uuf50-218/UUF50.218.1000/uuf50-0931.cnf,UNSAT,0.000,1,0
benchmarks/satlib/uuf50-218/UUF50.218.1000/uuf50-0932.cnf,UNSAT,0.000,1,0
benchmarks/satlib/uuf50-218/UUF50.218.1000/uuf50-0933.cnf,UNSAT,0.000,1,0
benchmarks/satlib/uuf50-218/UUF50.218.1000/uuf50-0934.cnf,UNSAT,0.000,2,0
benchmarks/satlib/uuf50-218/UUF50.218.1000/uuf50-0935.cnf,UNSAT,0.000,2,0
benchmarks/satlib/uuf50-218/UUF50.218.1000/uuf50-0936.cnf,UNSAT,0.000,1,0
benchmarks/satlib/uuf50-218/UUF50.218.1000/uuf50-0937.cnf,UNSAT,0.000,1,0
benchmarks/satlib/uuf50-218/UUF50.218.1000/uuf50-0938.cnf,UNSAT,0.000,1,0
benchmarks/satlib/uuf50-218/UUF50.218.1000/uuf50-0939.cnf,UNSAT,0.000,1,0
benchmarks/satlib/uuf50-218/UUF50.218.1000/uuf50-094.cnf,UNSAT,0.000,1,0
benchmarks/satlib/uuf50-218/UUF50.218.1000/uuf50-0940.cnf,UNSAT,0.000,1,0
benchmarks/satlib/uuf50-218/UUF50.218.1000/uuf50-0941.cnf,UNSAT,0.000,1,0
benchmarks/satlib/uuf50-218/UUF50.218.1000/uuf50-0942.cnf,UNSAT,0.000,1,0
benchmarks/satlib/uuf50-218/UUF50.218.1000/uuf50-0943.cnf,UNSAT,0.000,2,0
benchmarks/satlib/uuf50-218/UUF50.218.1000/uuf50-0944.cnf,UNSAT,0.000,1,0
benchmarks/satlib/uuf50-218/UUF50.218.1000/uuf50-0945.cnf,UNSAT,0.000,1,0
benchmarks/satlib/uuf50-218/UUF50.218.1000/uuf50-0946.cnf,UNSAT,0.000,1,0
benchmarks/satlib/uuf50-218/UUF50.218.1000/uuf50-0947.cnf,UNSAT,0.000,1,0
benchmarks/satlib/uuf50-218/UUF50.218.1000/uuf50-0948.cnf,UNSAT,0.000,1,0
benchmarks/satlib/uuf50-218/UUF50.218.1000/uuf50-0949.cnf,UNSAT,0.000,2,0
benchmarks/satlib/uuf50-218/UUF50.218.1000/uuf50-095.cnf,UNSAT,0.000,1,0
benchmarks/satlib/uuf50-218/UUF50.218.1000/uuf50-0950.cnf,UNSAT,0.000,2,0
benchmarks/satlib/uuf50-218/UUF50.218.1000/uuf50-0951.cnf,UNSAT,0.000,1,0
benchmarks/satlib/uuf50-218/UUF50.218.1000/uuf50-0952.cnf,UNSAT,0.000,2,0
benchmarks/satlib/uuf50-218/UUF50.218.1000/uuf50-0953.cnf,UNSAT,0.000,1,0
benchmarks/satlib/uuf50-218/UUF50.218.1000/uuf50-0954.cnf,UNSAT,0.000,2,0
benchmarks/satlib/uuf50-218/UUF50.218.1000/uuf50-0955.cnf,UNSAT,0.000,0,0
benchmarks/satlib/uuf50-218/UUF50.218.1000/uuf50-0956.cnf,UNSAT,0.000,0,0
benchmarks/satlib/uuf50-218/UUF50.218.1000/uuf50-0957.cnf,UNSAT,0.000,0,0
benchmarks/satlib/uuf50-218/UUF50.218.1000/uuf50-0958.cnf,UNSAT,0.000,1,0
benchmarks/satlib/uuf50-218/UUF50.218.1000/uuf50-0959.cnf,UNSAT,0.000,1,0
benchmarks/satlib/uuf50-218/UUF50.218.1000/uuf50-096.cnf,UNSAT,0.000,1,0
benchmarks/satlib/uuf50-218/UUF50.218.1000/uuf50-0960.cnf,UNSAT,0.000,2,0
benchmarks/satlib/uuf50-218/UUF50.218.1000/uuf50-0961.cnf,UNSAT,0.000,1,0
benchmarks/satlib/uuf50-218/UUF50.218.1000/uuf50-0962.cnf,UNSAT,0.000,1,0
benchmarks/satlib/uuf50-218/UUF50.218.1000/uuf50-0963.cnf,UNSAT,0.000,1,0
benchmarks/satlib/uuf50-218/UUF50.218.1000/uuf50-0964.cnf,UNSAT,0.000,0,0
benchmarks/satlib/uuf50-218/UUF50.218.1000/uuf50-0965.cnf,UNSAT,0.000,1,0
benchmarks/satlib/uuf50-218/UUF50.218.1000/uuf50-0966.cnf,UNSAT,0.000,0,0
benchmarks/satlib/uuf50-218/UUF50.218.1000/uuf50-0967.cnf,UNSAT,0.000,1,0
benchmarks/satlib/uuf50-218/UUF50.218.1000/uuf50-0968.cnf,UNSAT,0.000,1,0
benchmarks/satlib/uuf50-218/UUF50.218.1000/uuf50-0969.cnf,UNSAT,0.000,1,0
benchmarks/satlib/uuf50-218/UUF50.218.1000/uuf50-097.cnf,UNSAT,0.000,1,0
benchmarks/satlib/uuf50-218/UUF50.218.1000/uuf50-0970.cnf,UNSAT,0.000,1,0
benchmarks/satlib/uuf50-218/UUF50.218.1000/uuf50-0971.cnf,UNSAT,0.000,1,0
benchmarks/satlib/uuf50-218/UUF50.218.1000/uuf50-0972.cnf,UNSAT,0.000,1,0
benchmarks/satlib/uuf50-218/UUF50.218.1000/uuf50-0973.cnf,UNSAT,0.000,1,0
benchmarks/satlib/uuf50-218/UUF50.218.1000/uuf50-0974.cnf,UNSAT,0.000,2,0
benchmarks/satlib/uuf50-218/UUF50.218.1000/uuf50-0975.cnf,UNSAT,0.000,0,0
benchmarks/satlib/uuf50-218/UUF50.218.1000/uuf50-0976.cnf,UNSAT,0.000,1,0
benchmarks/satlib/uuf50-218/UUF50.218.1000/uuf50-0977.cnf,UNSAT,0.000,1,0
benchmarks/satlib/uuf50-218/UUF50.218.1000/uuf50-0978.cnf,UNSAT,0.000,1,0
benchmarks/satlib/uuf50-218/UUF50.218.1000/uuf50-0979.cnf,UNSAT,0.000,1,0
benchmarks/satlib/uuf50-218/UUF50.218.1000/uuf50-098.cnf,UNSAT,0.000,1,0
benchmarks/satlib/uuf50-218/UUF50.218.1000/uuf50-0980.cnf,UNSAT,0.000,1,0
benchmarks/satlib/uuf50-218/UUF50.218.1000/uuf50-0981.cnf,UNSAT,0.000,1,0
benchmarks/satlib/uuf50-218/UUF50.218.1000/uuf50-0982.cnf,UNSAT,0.000,1,0
benchmarks/satlib/uuf50-218/UUF50.218.1000/uuf50-0983.cnf,UNSAT,0.000,2,0
benchmarks/satlib/uuf50-218/UUF50.218.1000/uuf50-0984.cnf,UNSAT,0.000,1,0
benchmarks/satlib/uuf50-218/UUF50.218.1000/uuf50-0985.cnf,UNSAT,0.000,1,0
benchmarks/satlib/uuf50-218/UUF50.218.1000/uuf50-0986.cnf,UNSAT,0.000,1,0
benchmarks/satlib/uuf50-218/UUF50.218.1000/uuf50-0987.cnf,UNSAT,0.000,0,0
benchmarks/satlib/uuf50-218/UUF50.218.1000/uuf50-0988.cnf,UNSAT,0.000,2,0
benchmarks/satlib/uuf50-218/UUF50.218.1000/uuf50-0989.cnf,UNSAT,0.000,1,0
benchmarks/satlib/uuf50-218/UUF50.218.1000/uuf50-099.cnf,UNSAT,0.000,2,0
benchmarks/satlib/uuf50-218/UUF50.218.1000/uuf50-0990.cnf,UNSAT,0.000,0,0
benchmarks/satlib/uuf50-218/UUF50.218.1000/uuf50-0991.cnf,UNSAT,0.000,1,0
benchmarks/satlib/uuf50-218/UUF50.218.1000/uuf50-0992.cnf,UNSAT,0.000,1,0
benchmarks/satlib/uuf50-218/UUF50.218.1000/uuf50-0993.cnf,UNSAT,0.000,2,0
benchmarks/satlib/uuf50-218/UUF50.218.1000/uuf50-0994.cnf,UNSAT,0.000,0,0
benchmarks/satlib/uuf50-218/UUF50.218.1000/uuf50-0995.cnf,UNSAT,0.000,0,0
benchmarks/satlib/uuf50-218/UUF50.218.1000/uuf50-0996.cnf,UNSAT,0.000,1,0
benchmarks/satlib/uuf50-218/UUF50.218.1000/uuf50-0997.cnf,UNSAT,0.000,1,0
benchmarks/satlib/uuf50-218/UUF50.218.1000/uuf50-0998.cnf,UNSAT,0.000,0,0
benchmarks/satlib/uuf50-218/UUF50.218.1000/uuf50-0999.cnf,UNSAT,0.000,1,0
benchmarks/satlib/uuf75-325/UUF75.325.100/uuf75-01.cnf,UNSAT,0.001,4,0
benchmarks/satlib/uuf75-325/UUF75.325.100/uuf75-010.cnf,UNSAT,0.001,5,0
benchmarks/satlib/uuf75-325/UUF75.325.100/uuf75-0100.cnf,UNSAT,0.001,3,0
benchmarks/satlib/uuf75-325/UUF75.325.100/uuf75-011.cnf,UNSAT,0.001,4,0
benchmarks/satlib/uuf75-325/UUF75.325.100/uuf75-012.cnf,UNSAT,0.003,6,0
benchmarks/satlib/uuf75-325/UUF75.325.100/uuf75-013.cnf,UNSAT,0.002,5,0
benchmarks/satlib/uuf75-325/UUF75.325.100/uuf75-014.cnf,UNSAT,0.002,6,0
benchmarks/satlib/uuf75-325/UUF75.325.100/uuf75-015.cnf,UNSAT,0.002,5,0
benchmarks/satlib/uuf75-325/UUF75.325.100/uuf75-016.cnf,UNSAT,0.002,5,0
benchmarks/satlib/uuf75-325/UUF75.325.100/uuf75-017.cnf,UNSAT,0.002,6,0
benchmarks/satlib/uuf75-325/UUF75.325.100/uuf75-018.cnf,UNSAT,0.001,2,0
benchmarks/satlib/uuf75-325/UUF75.325.100/uuf75-019.cnf,UNSAT,0.001,2,0
benchmarks/satlib/uuf75-325/UUF75.325.100/uuf75-02.cnf,UNSAT,0.001,4,0
benchmarks/satlib/uuf75-325/UUF75.325.100/uuf75-020.cnf,UNSAT,0.001,4,0
benchmarks/satlib/uuf75-325/UUF75.325.100/uuf75-021.cnf,UNSAT,0.001,4,0
benchmarks/satlib/uuf75-325/UUF75.325.100/uuf75-022.cnf,UNSAT,0.003,6,0
benchmarks/satlib/uuf75-325/UUF75.325.100/uuf75-023.cnf,UNSAT,0.001,5,0
benchmarks/satlib/uuf75-325/UUF75.325.100/uuf75-024.cnf,UNSAT,0.001,3,0
benchmarks/satlib/uuf75-325/UUF75.325.100/uuf75-025.cnf,UNSAT,0.001,5,0
benchmarks/satlib/uuf75-325/UUF75.325.100/uuf75-026.cnf,UNSAT,0.002,6,0
benchmarks/satlib/uuf75-325/UUF75.325.100/uuf75-027.cnf,UNSAT,0.001,2,0
benchmarks/satlib/uuf75-325/UUF75.325.100/uuf75-028.cnf,UNSAT,0.001,3,0
benchmarks/satlib/uuf75-325/UUF75.325.100/uuf75-029.cnf,UNSAT,0.002,6,0
benchmarks/satlib/uuf75-325/UUF75.325.100/uuf75-03.cnf,UNSAT,0.001,3,0
benchmarks/satlib/uuf75-325/UUF75.325.100/uuf75-030.cnf,UNSAT,0.000,2,0
benchmarks/satlib/uuf75-325/UUF75.325.100/uuf75-031.cnf,UNSAT,0.002,6,0
benchmarks/satlib/uuf75-325/UUF75.325.100/uuf75-032.cnf,UNSAT,0.002,6,0
benchmarks/satlib/uuf75-325/UUF75.325.100/uuf75-033.cnf,UNSAT,0.001,3,0
benchmarks/satlib/uuf75-325/UUF75.325.100/uuf75-034.cnf,UNSAT,0.002,5,0
benchmarks/satlib/uuf75-325/UUF75.325.100/uuf75-035.cnf,UNSAT,0.002,6,0
benchmarks/satlib/uuf75-325/UUF75.325.100/uuf75-036.cnf,UNSAT,0.001,5,0
benchmarks/satlib/uuf75-325/UUF75.325.100/uuf75-037.cnf,UNSAT,0.002,6,0
benchmarks/satlib/uuf75-325/UUF75.325.100/uuf75-038.cnf,UNSAT,0.004,9,0
benchmarks/satlib/uuf75-325/UUF75.325.100/uuf75-039.cnf,UNSAT,0.002,6,0
benchmarks/satlib/uuf75-325/UUF75.325.100/uuf75-04.cnf,UNSAT,0.001,5,0
benchmarks/satlib/uuf75-325/UUF75.325.100/uuf75-040.cnf,UNSAT,0.002,6,0
benchmarks/satlib/uuf75-325/UUF75.325.100/uuf75-041.cnf,UNSAT,0.002,6,0
benchmarks/satlib/uuf75-325/UUF75.325.100/uuf75-042.cnf,UNSAT,0.003,9,0
benchmarks/satlib/uuf75-325/UUF75.325.100/uuf75-043.cnf,UNSAT,0.001,4,0
benchmarks/satlib/uuf75-325/UUF75.325.100/uuf75-044.cnf,UNSAT,0.001,4,0
benchmarks/satlib/uuf75-325/UUF75.325.100/uuf75-045.cnf,UNSAT,0.001,4,0
benchmarks/satlib/uuf75-325/UUF75.325.100/uuf75-046.cnf,UNSAT,0.002,5,0
benchmarks/satlib/uuf75-325/UUF75.325.100/uuf75-047.cnf,UNSAT,0.002,5,0
benchmarks/satlib/uuf75-325/UUF75.325.100/uuf75-048.cnf,UNSAT,0.003,6,0
benchmarks/satlib/uuf75-325/UUF75.325.100/uuf75-049.cnf,UNSAT,0.003,6,0
benchmarks/satlib/uuf75-325/UUF75.325.100/uuf75-05.cnf,UNSAT,0.001,5,0
benchmarks/satlib/uuf75-325/UUF75.325.100/uuf75-050.cnf,UNSAT,0.002,6,0
benchmarks/satlib/uuf75-325/UUF75.325.100/uuf75-051.cnf,UNSAT,0.002,6,0
benchmarks/satlib/uuf75-325/UUF75.325.100/uuf75-052.cnf,UNSAT,0.001,2,0
benchmarks/satlib/uuf75-325/UUF75.325.100/uuf75-053.cnf,UNSAT,0.001,5,0
benchmarks/satlib/uuf75-325/UUF75.325.100/uuf75-054.cnf,UNSAT,0.001,4,0
benchmarks/satlib/uuf75-325/UUF75.325.100/uuf75-055.cnf,UNSAT,0.001,5,0
benchmarks/satlib/uuf75-325/UUF75.325.100/uuf75-056.cnf,UNSAT,0.001,4,0
benchmarks/satlib/uuf75-325/UUF75.325.100/uuf75-057.cnf,UNSAT,0.002,5,0
benchmarks/satlib/uuf75-325/UUF75.325.100/uuf75-058.cnf,UNSAT,0.001,3,0
benchmarks/satlib/uuf75-325/UUF75.325.100/uuf75-059.cnf,UNSAT,0.003,6,0
benchmarks/satlib/uuf75-325/UUF75.325.100/uuf75-06.cnf,UNSAT,0.001,2,0
benchmarks/satlib/uuf75-325/UUF75.325.100/uuf75-060.cnf,UNSAT,0.001,3,0
benchmarks/satlib/uuf75-325/UUF75.325.100/uuf75-061.cnf,UNSAT,0.002,6,0
benchmarks/satlib/uuf75-325/UUF75.325.100/uuf75-062.cnf,UNSAT,0.001,2,0
benchmarks/satlib/uuf75-325/UUF75.325.100/uuf75-063.cnf,UNSAT,0.001,2,0
benchmarks/satlib/uuf75-325/UUF75.325.100/uuf75-064.cnf,UNSAT,0.001,4,0
benchmarks/satlib/uuf75-325/UUF75.325.100/uuf75-065.cnf,UNSAT,0.001,3,0
benchmarks/satlib/uuf75-325/UUF75.325.100/uuf75-066.cnf,UNSAT,0.002,6,0
benchmarks/satlib/uuf75-325/UUF75.325.100/uuf75-067.cnf,UNSAT,0.004,9,0
benchmarks/satlib/uuf75-325/UUF75.325.100/uuf75-068.cnf,UNSAT,0.003,7,0
benchmarks/satlib/uuf75-325/UUF75.325.100/uuf75-069.cnf,UNSAT,0.001,4,0
benchmarks/satlib/uuf75-325/UUF75.325.100/uuf75-07.cnf,UNSAT,0.002,6,0
benchmarks/satlib/uuf75-325/UUF75.325.100/uuf75-070.cnf,UNSAT,0.002,6,0
benchmarks/satlib/uuf75-325/UUF75.325.100/uuf75-071.cnf,UNSAT,0.003,7,0
benchmarks/satlib/uuf75-325/UUF75.325.100/uuf75-072.cnf,UNSAT,0.001,4,0
benchmarks/satlib/uuf75-325/UUF75.325.100/uuf75-073.cnf,UNSAT,0.003,7,0
benchmarks/satlib/uuf75-325/UUF75.325.100/uuf75-074.cnf,UNSAT,0.001,4,0
benchmarks/satlib/uuf75-325/UUF75.325.100/uuf75-075.cnf,UNSAT,0.002,6,0
benchmarks/satlib/uuf75-325/UUF75.325.100/uuf75-076.cnf,UNSAT,0.003,8,0
benchmarks/satlib/uuf75-325/UUF75.325.100/uuf75-077.cnf,UNSAT,0.001,5,0
benchmarks/satlib/uuf75-325/UUF75.325.100/uuf75-078.cnf,UNSAT,0.001,3,0
benchmarks/satlib/uuf75-325/UUF75.325.100/uuf75-079.cnf,UNSAT,0.002,6,0
benchmarks/satlib/uuf75-325/UUF75.325.100/uuf75-08.cnf,UNSAT,0.001,4,0
benchmarks/satlib/uuf75-325/UUF75.325.100/uuf75-080.cnf,UNSAT,0.001,3,0
benchmarks/satlib/uuf75-325/UUF75.325.100/uuf75-081.cnf,UNSAT,0.001,4,0
benchmarks/satlib/uuf75-325/UUF75.325.100/uuf75-082.cnf,UNSAT,0.001,4,0
benchmarks/satlib/uuf75-325/UUF75.325.100/uuf75-083.cnf,UNSAT,0.001,4,0
benchmarks/satlib/uuf75-325/UUF75.325.100/uuf75-084.cnf,UNSAT,0.001,5,0
benchmarks/satlib/uuf75-325/UUF75.325.100/uuf75-085.cnf,UNSAT,0.001,4,0
benchmarks/satlib/uuf75-325/UUF75.325.100/uuf75-086.cnf,UNSAT,0.001,4,0
benchmarks/satlib/uuf75-325/UUF75.325.100/uuf75-087.cnf,UNSAT,0.001,4,0
benchmarks/satlib/uuf75-325/UUF75.325.100/uuf75-088.cnf,UNSAT,0.001,3,0
benchmarks/satlib/uuf75-325/UUF75.325.100/uuf75-089.cnf,UNSAT,0.001,5,0
benchmarks/satlib/uuf75-325/UUF75.325.100/uuf75-09.cnf,UNSAT,0.001,4,0
benchmarks/satlib/uuf75-325/UUF75.325.100/uuf75-090.cnf,UNSAT,0.000,2,0
benchmarks/satlib/uuf75-325/UUF75.325.100/uuf75-091.cnf,UNSAT,0.001,3,0
benchmarks/satlib/uuf75-325/UUF75.325.100/uuf75-092.cnf,UNSAT,0.002,6,0
benchmarks/satlib/uuf75-325/UUF75.325.100/uuf75-093.cnf,UNSAT,0.001,4,0
benchmarks/satlib/uuf75-325/UUF75.325.100/uuf75-094.cnf,UNSAT,0.001,2,0
benchmarks/satlib/uuf75-325/UUF75.325.100/uuf75-095.cnf,UNSAT,0.001,5,0
benchmarks/satlib/uuf75-325/UUF75.325.100/uuf75-096.cnf,UNSAT,0.004,9,0
benchmarks/satlib/uuf75-325/UUF75.325.100/uuf75-097.cnf,UNSAT,0.001,5,0
benchmarks/satlib/uuf75-325/UUF75.325.100/uuf75-098.cnf,UNSAT,0.001,2,0
benchmarks/satlib/uuf75-325/UUF75.325.100/uuf75-099.cnf,UNSAT,0.001,2,0
